time,ACB,BCM,BID,BMP,BSR,BVH,CII,CTD,CTG,DGC,DHG,DPM,EIB,FPT,GAS,GMD,GVR,HDB,HPG,HSG,KDC,KDH,LPB,MBB,MSN,MWG,NVL,PDR,PLX,PNJ,POW,REE,ROS,SAB,SBT,SHB,SSB,SSI,STB,TCB,TCH,TPB,VCB,VHM,VIB,VIC,VJC,VNM,VPB,VPL,VRE
2019-01-02 07:00:00,5.59,21.58,18.27,24.52,7.71,74.8,19.06,97.39,8.7,10.0,52.25,7.1,9.1,12.85,51.64,17.15,8.21,5.58,7.29,2.99,19.5,13.69,3.09,5.08,63.68,26.52,33.47,8.15,41.87,29.57,,12.83,,93.18,13.27,2.33,,8.38,11.6,11.84,8.34,5.66,22.96,51.57,3.22,44.62,89.21,70.94,6.21,,27.02
2019-01-03 07:00:00,5.38,19.78,17.46,23.8,7.54,74.96,18.47,97.09,8.29,9.66,50.4,6.77,9.07,12.72,50.39,16.57,8.13,5.58,6.98,2.9,18.77,13.69,3.02,4.86,63.19,25.75,32.7,8.09,41.25,28.6,,12.56,,91.94,12.95,2.27,,8.22,11.1,11.57,8.37,5.53,22.96,51.36,3.17,44.57,88.6,70.31,6.08,,25.98
2019-01-04 07:00:00,5.42,20.41,17.21,23.62,7.54,74.46,18.69,97.09,8.4,9.87,50.4,6.97,9.13,12.82,50.27,16.6,8.13,5.74,7.03,2.86,18.69,13.69,2.99,4.88,61.73,25.93,32.8,8.14,42.25,28.93,,12.47,,91.08,12.98,2.27,,8.22,11.15,11.54,8.27,5.52,23.3,51.92,3.18,44.71,87.69,71.51,6.07,,25.8
2019-01-07 07:00:00,5.49,20.32,17.62,23.82,7.54,74.46,18.69,97.39,8.31,9.87,51.43,7.03,9.1,13.04,51.34,16.7,7.78,5.72,6.95,2.97,18.69,13.67,2.96,4.98,63.35,26.37,32.18,8.09,42.48,29.38,,12.64,,91.38,13.14,2.33,,8.23,11.5,11.61,8.25,5.57,23.39,52.06,3.2,44.88,88.45,74.95,6.16,,26.17
2019-01-08 07:00:00,5.45,20.41,17.46,23.75,7.54,74.12,17.96,97.33,8.2,9.84,51.29,6.89,9.1,13.1,52.53,16.66,7.95,5.64,6.83,2.98,18.6,13.67,3.02,4.95,64.0,26.06,29.94,8.09,41.64,29.25,,12.56,,91.38,13.18,2.27,,8.12,11.35,11.61,8.17,5.59,23.56,52.06,3.22,44.88,87.69,74.37,6.13,,25.89
2019-01-09 07:00:00,5.55,20.86,18.0,24.23,7.71,74.8,18.4,97.39,8.4,9.89,51.77,6.9,9.49,13.22,53.48,16.82,8.13,5.72,6.98,3.1,18.73,13.58,2.99,5.08,64.0,26.49,30.52,8.09,41.71,29.41,,12.81,,91.38,13.24,2.33,,8.14,11.4,11.94,8.13,5.84,23.9,52.06,3.22,45.11,87.69,75.46,6.13,,27.25
2019-01-10 07:00:00,5.53,20.59,17.73,24.57,7.65,75.22,18.22,97.39,8.63,10.0,53.14,6.95,9.49,13.14,54.31,16.82,8.04,5.74,7.06,3.18,18.6,13.54,2.99,5.08,64.97,26.68,30.72,8.38,42.41,29.67,,13.02,,89.88,13.27,2.27,,8.07,11.4,11.94,8.15,5.91,23.56,52.34,3.2,45.06,87.69,75.35,6.15,,27.62
2019-01-11 07:00:00,5.53,20.41,17.4,24.47,7.82,75.97,18.11,96.48,8.61,10.23,54.79,6.89,9.42,13.16,54.13,16.7,8.13,5.78,6.95,3.1,18.52,13.4,2.99,5.05,65.38,26.37,30.78,8.35,42.56,29.73,,13.18,,89.88,13.47,2.27,,8.26,11.4,12.03,8.27,5.93,23.64,53.74,3.18,45.06,89.21,76.66,6.11,,28.05
2019-01-14 07:00:00,5.49,20.14,17.4,24.28,7.65,74.38,17.7,94.96,8.61,10.25,55.54,6.87,9.42,13.25,53.24,16.89,8.13,5.76,6.94,3.13,18.52,13.25,2.96,4.99,65.22,26.37,30.15,8.27,42.25,29.54,12.32,13.1,,89.88,13.5,2.27,,8.15,11.2,11.96,8.22,6.25,23.69,54.23,3.2,45.06,89.59,77.24,6.1,,28.47
2019-01-15 07:00:00,5.57,19.96,17.73,24.42,7.71,74.54,17.81,94.04,8.66,10.0,55.54,7.1,9.55,13.35,53.72,17.22,8.13,5.78,6.94,3.18,18.28,13.21,2.99,5.12,66.35,26.58,30.15,8.28,42.56,29.54,12.4,13.44,,89.73,13.61,2.3,,8.22,11.3,12.26,8.25,5.98,23.94,56.06,3.18,45.11,89.36,77.18,6.16,,29.08
2019-01-16 07:00:00,5.51,20.14,17.57,24.18,7.77,75.64,17.59,90.82,8.56,10.05,56.3,7.13,9.42,13.27,53.9,17.22,8.3,5.78,6.97,3.14,18.28,13.21,2.92,5.11,65.95,26.46,29.84,8.28,42.71,29.47,12.32,13.33,,89.51,13.64,2.27,,8.14,11.3,12.26,8.25,5.9,23.73,56.34,3.18,45.33,88.45,76.09,6.36,,29.5
2019-01-17 07:00:00,5.53,20.05,17.43,23.8,7.71,77.23,17.45,90.21,8.45,9.77,56.64,7.34,9.68,13.1,52.94,16.3,8.21,5.72,6.84,3.06,18.07,13.18,2.89,5.19,64.97,26.46,29.48,8.25,42.1,28.93,12.32,13.21,,87.82,13.57,2.27,,7.96,11.2,12.33,8.2,5.87,23.64,55.99,3.29,45.33,88.07,75.63,6.08,,28.24
2019-01-18 07:00:00,5.47,20.14,17.29,23.7,7.65,77.23,17.37,90.03,8.34,9.79,57.32,7.48,9.55,13.1,52.94,16.7,8.39,5.76,6.91,3.03,17.71,13.12,2.89,5.19,65.62,26.18,29.58,8.22,41.87,28.67,12.0,13.44,,87.82,13.47,2.27,,7.95,11.25,12.38,8.51,5.9,23.47,56.48,3.24,45.42,87.84,76.66,6.16,,27.44
2019-01-21 07:00:00,5.65,19.78,17.92,23.26,6.97,77.32,17.37,90.94,8.91,10.24,57.8,7.27,9.75,13.25,53.84,16.89,8.47,5.87,7.0,3.04,17.58,13.12,2.92,5.51,65.46,25.96,29.63,8.17,42.56,29.47,12.12,13.69,,87.82,13.54,2.33,,8.09,11.7,12.68,8.66,5.96,23.9,56.48,3.28,45.51,87.84,76.55,6.4,,27.48
2019-01-22 07:00:00,5.57,20.5,17.87,23.31,6.91,75.64,16.6,87.04,8.95,10.0,58.01,7.36,10.4,13.21,53.36,16.89,8.13,5.96,6.98,2.99,16.93,13.21,2.92,5.41,64.89,25.99,29.53,8.22,41.17,29.12,12.24,13.56,,87.56,13.81,2.27,,8.07,11.75,12.4,8.76,5.96,23.64,55.85,3.26,45.51,87.69,76.66,6.29,,27.16
2019-01-23 07:00:00,5.57,20.23,17.84,23.5,6.85,75.89,17.12,83.45,9.14,9.98,57.46,7.37,10.53,13.21,53.54,17.18,8.13,5.94,7.11,2.99,16.32,13.21,2.92,5.44,63.19,25.93,29.69,8.15,40.94,29.09,12.24,13.56,,87.56,13.81,2.3,,8.04,12.15,12.28,8.78,6.18,23.73,55.85,3.24,45.6,88.07,76.95,6.37,,27.3
2019-01-24 07:00:00,5.59,20.41,17.73,23.5,7.02,75.89,17.56,80.04,9.37,9.68,57.6,7.27,10.46,13.24,53.42,17.08,8.21,5.93,7.07,3.01,16.6,13.21,2.92,5.57,63.19,25.93,29.63,8.06,40.94,29.15,12.16,13.77,,87.26,13.74,2.3,,8.07,12.2,12.33,8.76,6.03,23.73,55.28,3.24,45.68,89.97,77.52,6.47,,27.39
2019-01-25 07:00:00,5.59,19.87,17.48,23.46,7.02,77.23,16.79,80.04,9.25,9.91,58.22,7.06,10.4,13.22,53.24,17.15,7.95,5.93,7.03,3.1,16.77,13.18,2.92,5.55,63.43,25.81,29.58,8.07,41.41,29.57,12.16,13.77,,87.26,13.81,2.3,,8.28,12.3,12.33,8.81,6.0,23.9,54.72,3.22,45.73,93.41,77.75,6.42,,27.39
2019-01-28 07:00:00,5.53,20.5,17.4,22.73,7.25,78.24,16.86,83.33,9.32,9.54,57.46,7.16,10.4,13.13,53.24,16.99,8.21,5.94,7.04,3.11,16.65,13.23,2.89,5.53,64.08,25.93,29.63,8.25,41.17,30.28,12.43,13.77,,87.26,13.81,2.3,,8.23,12.25,12.12,8.93,5.97,23.77,56.55,3.18,46.08,93.41,78.09,6.31,,27.44
2019-01-29 07:00:00,5.55,20.23,17.29,22.25,7.2,79.33,17.23,82.97,9.5,9.35,57.46,7.39,10.66,13.25,52.29,16.95,8.39,5.94,7.03,3.1,16.57,13.23,2.92,5.59,64.41,26.52,29.79,8.38,41.17,30.21,12.87,13.81,,87.26,13.74,2.3,,8.28,12.15,12.26,9.07,5.87,24.29,57.18,3.17,46.17,92.8,78.09,6.4,,27.58
2019-01-30 07:00:00,5.61,20.23,17.29,22.15,7.42,81.1,17.37,81.87,9.37,9.58,57.6,7.32,10.72,13.47,52.35,16.89,8.56,5.94,6.87,3.08,16.57,13.23,2.92,5.72,64.08,25.93,29.63,8.43,41.02,30.15,13.26,14.13,,87.26,13.71,2.33,,8.22,12.0,12.31,9.17,5.93,24.29,57.53,3.13,46.17,93.94,77.52,6.37,,27.48
2019-01-31 07:00:00,5.63,20.68,17.18,22.25,7.48,77.49,16.86,82.05,9.02,9.54,58.28,7.32,10.85,13.47,52.23,16.76,8.65,6.04,6.56,3.06,16.32,13.23,2.92,5.75,62.95,25.75,29.37,8.3,41.48,30.53,12.99,14.11,,87.26,13.67,2.33,,8.25,12.3,12.26,9.1,5.9,24.33,56.13,3.13,46.17,94.17,77.24,6.47,,27.39
2019-02-01 07:00:00,5.65,20.05,17.24,22.05,7.42,80.43,16.64,80.59,9.21,9.72,58.35,7.23,11.6,13.28,52.35,16.66,8.73,6.04,6.46,3.0,15.18,13.25,2.92,5.74,63.52,25.75,29.43,8.48,41.17,30.4,13.07,14.11,,87.26,13.74,2.33,,8.25,12.4,12.58,9.49,5.94,24.2,56.13,3.18,43.91,95.31,77.24,6.42,,27.2
2019-02-11 07:00:00,5.78,21.04,17.43,22.34,7.59,80.26,17.45,82.36,9.48,9.72,58.28,7.27,11.6,13.77,53.84,17.05,8.21,6.07,6.84,3.02,15.83,13.27,3.02,5.79,64.97,26.24,29.84,8.54,42.79,31.34,13.38,14.48,,87.37,13.74,2.46,,8.5,12.95,12.52,9.73,6.03,24.89,56.06,3.26,46.22,96.0,78.38,6.79,,27.58
2019-02-12 07:00:00,5.84,20.68,17.7,23.31,7.77,79.92,17.08,81.93,9.55,9.82,58.49,7.29,11.7,13.69,54.13,17.12,8.65,6.16,6.98,3.22,16.16,13.36,3.09,5.78,66.67,26.24,29.84,8.7,42.87,31.11,13.34,14.59,,89.06,13.74,2.49,,8.58,13.0,12.7,9.83,6.04,25.1,56.13,3.24,48.48,96.0,78.95,6.84,,27.86
2019-02-13 07:00:00,5.84,21.22,17.73,24.57,8.05,81.1,17.23,81.5,9.55,10.24,59.04,7.56,12.02,13.89,55.32,17.86,8.56,6.18,7.32,3.45,16.28,13.36,3.06,5.78,69.59,26.74,29.84,8.67,43.95,31.37,13.3,14.63,,88.42,13.74,2.49,,8.6,13.0,12.75,9.85,6.06,25.61,56.13,3.24,48.44,94.93,79.12,6.88,,28.52
2019-02-14 07:00:00,5.76,20.95,17.67,24.38,8.11,80.93,17.12,83.58,9.55,10.1,60.89,7.52,11.63,13.8,55.03,17.64,8.39,6.1,7.34,3.52,17.18,13.29,3.06,5.8,69.67,26.58,30.05,8.64,43.64,31.24,13.3,14.61,,89.13,14.36,2.56,,8.56,12.95,12.63,9.83,6.04,25.79,57.46,3.18,50.17,94.09,79.75,6.8,,29.55
2019-02-15 07:00:00,5.78,20.23,18.08,24.47,8.17,80.26,16.79,84.91,9.53,9.96,63.77,7.42,11.57,13.78,55.92,17.54,8.47,6.02,7.48,3.58,17.05,13.71,3.02,5.79,68.62,26.71,29.84,8.64,43.64,31.08,13.22,14.69,,89.28,14.53,2.49,,8.49,13.0,12.61,10.22,6.01,25.4,56.97,3.22,49.77,92.49,80.21,6.8,,29.03
2019-02-18 07:00:00,5.82,20.59,18.27,24.18,8.39,78.16,16.93,84.98,9.57,9.93,66.51,7.32,11.37,13.85,57.82,17.73,8.39,6.06,7.61,3.57,17.1,13.67,3.02,5.8,69.19,26.71,30.05,8.64,45.41,31.27,13.82,15.05,,89.88,14.36,2.49,,8.56,13.1,12.65,10.7,6.03,25.7,57.53,3.29,50.53,91.88,81.24,6.88,,29.69
2019-02-19 07:00:00,5.8,21.13,17.95,23.8,8.17,79.17,17.08,83.27,9.39,9.93,67.2,7.39,11.37,13.85,57.11,17.77,8.47,5.94,7.5,3.47,17.14,13.58,2.99,5.76,70.08,26.99,30.1,8.57,44.41,31.47,13.38,14.86,,90.26,14.12,2.43,,8.61,12.8,12.75,10.95,5.98,25.27,61.04,3.37,51.55,92.11,81.58,6.79,,29.64
2019-02-20 07:00:00,5.82,21.31,18.55,24.08,8.11,80.68,16.82,83.45,9.44,9.93,65.96,7.39,11.47,13.99,57.11,17.83,8.56,5.88,7.62,3.41,17.18,13.69,3.12,5.79,69.67,27.02,30.15,8.56,43.71,31.79,13.07,14.82,,91.38,13.88,2.43,,8.69,12.9,12.75,11.09,5.98,25.31,63.42,3.47,51.77,91.35,81.81,6.77,,30.11
2019-02-21 07:00:00,5.76,21.22,18.68,23.94,8.11,80.17,16.9,83.39,9.34,9.89,66.86,7.06,11.05,13.97,57.82,17.93,8.3,5.9,7.74,3.45,17.01,13.71,3.12,5.8,72.67,27.27,30.26,8.56,44.87,31.82,12.99,14.88,,92.88,14.05,2.43,,8.82,13.0,12.72,11.43,5.9,25.74,67.84,3.49,52.62,90.74,84.96,6.85,,31.89
2019-02-22 07:00:00,5.84,21.58,18.55,23.7,8.05,81.1,16.64,81.69,9.66,10.0,69.94,6.74,10.92,14.1,59.07,17.83,8.39,5.96,8.03,3.69,16.81,13.62,3.09,5.91,71.62,27.61,30.31,8.57,45.02,31.85,12.79,14.86,,92.5,13.78,2.46,,8.93,13.05,12.82,12.04,5.96,26.56,65.32,3.42,51.99,92.64,85.19,6.84,,32.83
2019-02-25 07:00:00,5.93,21.31,18.55,23.41,8.11,79.75,17.34,82.78,9.76,10.0,74.81,6.77,11.57,14.19,59.01,17.86,8.65,6.14,8.24,3.95,17.01,13.62,3.12,5.9,73.89,27.79,31.04,8.64,45.1,32.14,12.95,14.9,,92.8,13.61,2.46,,9.04,12.9,12.84,11.92,6.03,27.16,64.55,3.44,51.68,94.93,86.73,6.88,,31.8
2019-02-26 07:00:00,5.9,22.48,18.33,24.18,7.94,78.33,17.23,82.54,9.78,10.21,76.73,6.73,11.37,14.1,58.24,18.09,8.56,6.07,8.17,4.13,16.97,13.71,3.06,5.79,72.91,27.45,30.83,8.6,43.87,31.56,12.83,15.03,,92.5,13.88,2.46,,9.01,12.8,12.7,11.92,5.96,26.98,64.55,3.42,51.33,94.24,83.58,6.82,,32.36
2019-02-27 07:00:00,5.86,22.92,18.33,25.39,7.94,80.01,18.0,83.09,9.69,10.03,79.54,6.74,11.63,14.06,58.6,18.35,8.47,6.06,8.14,4.22,16.89,13.62,3.09,5.79,72.83,27.36,30.93,8.54,43.64,31.69,12.95,14.99,,92.69,13.74,2.46,,8.93,12.7,12.58,12.65,5.94,26.51,65.04,3.4,52.17,93.56,84.5,6.79,,32.36
2019-02-28 07:00:00,5.68,22.92,17.73,25.63,7.82,79.0,17.59,81.44,9.53,10.0,81.26,6.74,11.34,13.78,58.42,17.86,8.47,5.94,7.96,4.04,16.73,13.54,3.06,5.65,72.02,26.92,29.84,8.41,43.48,30.98,12.71,14.57,,89.88,13.57,2.4,,8.82,12.3,12.26,11.87,5.89,25.91,61.39,3.35,50.66,90.74,80.72,6.63,,30.96
2019-03-01 07:00:00,5.74,23.28,17.92,26.12,7.82,78.75,17.04,81.69,9.53,10.0,81.6,6.76,11.24,13.91,59.49,17.99,8.47,6.02,8.11,4.31,16.81,13.62,3.06,5.72,72.1,27.14,30.72,8.44,45.1,31.66,13.18,14.57,,90.63,13.64,2.46,,8.91,12.65,12.31,11.73,5.94,26.64,63.84,3.37,51.15,91.5,80.9,6.69,,31.89
2019-03-04 07:00:00,5.82,23.2,18.33,25.68,8.05,81.1,17.08,81.69,9.71,10.33,81.6,6.76,11.57,14.03,61.27,18.25,8.73,6.02,8.37,4.61,16.89,14.06,3.09,5.82,72.51,27.61,30.88,8.6,46.49,32.43,12.99,14.59,,90.63,13.61,2.46,,9.13,12.75,12.49,11.09,6.01,26.9,65.39,3.44,52.17,92.19,81.76,6.85,,32.22
2019-03-05 07:00:00,5.8,22.92,18.87,26.12,8.28,82.61,16.79,81.26,9.73,10.52,81.32,6.87,11.28,14.0,61.87,17.99,8.99,6.08,8.3,4.59,17.79,14.0,3.12,5.82,72.43,27.24,30.52,8.62,45.72,32.17,13.26,14.88,,91.19,13.4,2.43,,9.1,12.7,12.4,11.12,5.93,26.98,63.84,3.42,52.13,91.5,81.24,6.85,,32.08
2019-03-06 07:00:00,5.8,22.3,18.96,25.78,8.28,82.36,17.48,80.96,9.76,10.38,81.6,6.91,11.31,13.91,61.87,17.9,8.9,6.08,8.29,4.43,18.77,13.8,3.12,5.82,72.91,27.33,29.58,8.64,47.33,32.11,13.3,15.21,,91.34,13.12,2.46,,9.1,12.65,12.4,11.21,5.93,26.86,64.41,3.47,52.3,92.26,80.67,6.82,,32.36
2019-03-07 07:00:00,5.84,22.39,19.04,26.12,8.22,81.18,17.3,82.48,9.85,10.28,81.6,6.81,11.11,13.96,61.27,18.03,8.65,6.08,8.07,4.26,19.62,13.62,3.16,5.83,72.91,27.2,29.79,8.64,46.95,32.08,13.38,15.01,,90.29,12.95,2.56,,9.09,12.8,12.38,11.12,5.96,27.03,64.55,3.47,52.97,92.57,79.92,6.82,,32.83
2019-03-08 07:00:00,5.8,22.84,18.55,25.49,8.11,80.17,17.26,85.89,9.71,10.28,81.6,6.74,11.28,13.92,60.08,17.73,8.82,6.02,8.04,4.28,19.46,13.45,3.12,5.74,72.75,26.86,29.84,8.54,46.56,31.76,13.18,14.94,,91.75,12.92,2.52,,8.99,12.6,12.14,11.14,5.91,26.9,64.19,3.44,52.48,92.03,78.38,6.74,,32.55
2019-03-11 07:00:00,5.82,22.84,18.36,25.54,8.05,80.34,17.45,85.83,9.66,10.28,81.67,6.74,11.28,13.88,59.61,17.8,8.56,6.02,8.0,4.47,19.58,13.65,3.09,5.72,72.59,27.11,31.19,8.64,46.49,31.98,12.91,14.81,,91.75,13.12,2.52,,9.04,12.55,12.17,11.21,5.9,26.81,63.14,3.46,52.57,92.49,78.72,6.76,,33.3
2019-03-12 07:00:00,5.91,22.84,19.37,25.63,7.99,80.51,17.52,86.38,10.12,10.31,81.26,6.86,11.5,14.5,60.62,17.99,8.65,6.12,8.01,4.38,19.42,13.84,3.16,5.92,71.7,27.45,32.44,9.09,47.72,32.11,12.91,15.3,,94.38,13.26,2.62,,9.1,12.7,12.4,11.26,6.01,27.76,64.76,3.51,52.7,91.88,79.52,6.88,,34.43
2019-03-13 07:00:00,6.01,21.31,19.42,25.68,7.94,80.68,18.11,86.44,10.33,10.0,81.6,6.78,11.57,14.41,60.44,18.29,8.82,6.14,8.13,4.26,18.77,13.71,3.19,5.93,72.1,27.73,31.76,9.18,47.56,32.78,13.03,15.21,,95.5,13.19,2.56,,9.29,12.8,12.56,11.29,6.04,27.93,65.95,3.58,52.22,91.35,79.12,7.04,,35.46
2019-03-14 07:00:00,6.03,21.4,19.75,26.12,7.99,80.51,18.0,87.78,10.3,9.79,81.4,6.74,11.44,14.42,60.86,18.45,8.9,6.12,8.1,4.35,18.52,13.69,3.23,5.91,71.78,27.61,32.12,9.35,47.1,33.49,13.1,15.21,,94.75,13.02,2.56,,9.31,13.0,12.45,11.43,6.04,28.7,65.95,3.56,52.79,90.28,78.49,6.95,,35.65
2019-03-15 07:00:00,6.07,21.58,20.29,26.12,8.05,80.93,17.96,86.44,10.4,9.89,81.33,6.66,11.5,14.34,61.64,18.35,9.77,6.3,7.55,4.2,18.52,13.71,3.26,5.91,70.08,27.48,31.09,9.35,48.02,33.43,12.87,14.99,,95.05,13.09,2.59,,9.32,12.95,12.42,11.07,5.96,28.27,65.46,3.56,52.75,90.74,78.38,6.98,,35.18
2019-03-18 07:00:00,6.1,21.85,20.35,25.54,7.88,79.84,17.96,86.25,10.72,9.79,81.68,6.76,11.31,14.41,63.1,18.32,10.03,6.3,7.54,4.32,18.36,13.71,3.3,5.97,70.32,27.67,30.72,9.35,48.1,33.43,12.47,14.72,,91.79,12.88,2.59,,9.23,12.85,12.52,10.92,6.03,28.95,66.16,3.58,53.9,91.35,78.95,7.2,,35.65
2019-03-19 07:00:00,5.99,20.86,19.97,24.76,7.82,80.09,18.25,86.62,10.58,9.86,81.6,6.63,11.44,14.25,62.8,18.09,9.51,6.32,7.55,4.22,18.36,13.84,3.23,5.95,70.48,27.64,30.31,9.15,47.79,32.88,12.28,14.46,,92.88,12.85,2.56,,9.13,12.7,12.38,10.95,6.03,28.61,65.95,3.53,53.77,91.35,78.32,7.01,,35.36
2019-03-20 07:00:00,5.93,22.3,19.69,25.05,7.77,82.02,18.69,86.38,10.53,9.84,81.74,6.68,11.31,14.17,62.01,17.99,9.77,6.29,7.65,4.24,18.16,13.89,3.16,6.03,68.86,27.45,30.26,9.09,47.49,32.62,12.51,14.72,,93.44,12.78,2.52,,9.02,12.8,12.31,10.97,6.01,28.57,64.69,3.49,53.42,91.35,79.24,6.96,,33.91
2019-03-21 07:00:00,5.82,21.76,18.98,24.18,7.59,80.68,18.18,86.44,10.12,9.89,82.51,6.61,11.28,14.06,60.07,17.67,10.81,6.14,7.58,4.26,17.54,13.86,3.12,5.99,68.86,27.27,29.58,8.86,45.79,32.3,12.08,14.33,,93.4,12.51,2.49,,8.63,12.5,12.08,11.09,6.0,28.53,61.88,3.42,51.99,90.36,77.81,6.72,,32.36
2019-03-22 07:00:00,5.84,22.03,19.15,24.28,7.54,80.76,18.47,86.98,10.3,9.79,82.93,6.61,11.37,14.05,60.61,17.51,11.07,6.14,7.56,4.34,17.95,13.8,3.12,6.01,68.46,27.05,29.79,8.89,45.41,32.85,12.24,14.44,,94.0,12.51,2.49,,8.69,12.55,12.08,11.14,6.01,28.65,63.92,3.47,52.7,90.66,78.09,6.72,,32.83
2019-03-25 07:00:00,5.76,21.22,18.82,23.5,7.37,80.26,17.89,84.0,10.14,9.75,82.86,6.54,11.34,13.85,59.58,17.05,10.55,6.0,7.43,4.22,17.54,13.49,3.06,5.82,66.59,25.99,29.27,8.89,44.64,32.04,11.76,13.91,,93.18,12.51,2.4,,8.47,12.25,11.84,10.97,5.93,28.06,62.44,3.37,51.19,89.97,78.09,6.47,,31.28
2019-03-26 07:00:00,5.8,22.03,18.71,23.46,7.37,79.5,17.92,85.46,10.24,9.75,82.3,6.56,11.44,13.96,58.91,17.02,10.55,6.0,7.48,4.2,17.22,13.62,3.09,5.82,67.32,26.09,29.37,8.89,44.41,32.04,11.72,13.91,,93.93,12.51,2.4,,8.56,12.3,11.8,11.0,5.93,28.06,63.07,3.35,50.53,89.97,78.09,6.47,,30.86
2019-03-27 07:00:00,5.82,22.03,19.04,23.5,7.54,80.43,18.11,86.44,10.3,9.91,82.3,6.54,11.5,14.03,58.97,17.12,10.89,6.01,7.66,4.28,17.38,13.67,3.09,5.88,68.86,26.18,29.48,8.93,45.25,32.11,12.16,13.98,,93.93,12.58,2.46,,8.56,12.35,11.91,11.0,5.96,28.06,63.21,3.38,50.62,90.2,78.09,6.63,,31.85
2019-03-28 07:00:00,5.8,22.84,19.42,23.48,7.31,80.68,18.14,88.87,10.37,9.89,82.44,6.36,11.18,14.08,59.82,17.08,10.55,5.97,7.68,4.4,17.46,14.11,3.12,5.88,68.86,26.18,29.17,8.96,45.79,32.01,12.04,14.11,,93.63,12.61,2.46,,8.55,12.15,11.82,10.97,6.01,28.57,65.32,3.44,51.5,89.36,77.35,6.55,,31.71
2019-03-29 07:00:00,5.8,23.82,19.53,23.48,7.25,79.84,18.14,87.29,10.28,9.82,82.51,6.48,11.44,14.19,59.58,17.22,10.2,5.94,7.62,4.35,17.26,13.93,3.12,5.88,68.3,26.3,28.96,9.18,45.72,31.98,11.96,14.04,,93.51,12.61,2.43,,8.6,12.2,11.84,11.0,6.03,28.83,64.19,3.44,51.5,88.83,77.12,6.47,,32.46
2019-04-01 07:00:00,5.8,23.2,19.37,24.04,7.25,79.84,18.18,86.38,10.19,9.75,82.3,6.46,11.18,14.28,61.1,17.18,10.03,5.85,7.56,4.25,17.54,14.06,3.12,5.88,71.29,26.09,28.8,9.28,46.95,32.24,12.08,13.93,,93.51,12.54,2.49,,8.75,12.4,11.82,11.0,6.41,29.04,64.83,3.47,51.77,87.46,79.29,6.48,,33.86
2019-04-02 07:00:00,5.8,23.28,18.98,23.89,7.25,79.25,18.33,86.74,10.08,9.72,82.51,6.36,10.92,14.34,61.28,17.22,10.29,5.7,7.6,4.23,17.95,14.15,3.09,5.9,71.37,26.09,28.96,9.18,46.41,32.04,12.08,14.02,,92.13,12.54,2.46,,8.75,12.2,11.8,11.41,6.31,28.91,64.69,3.47,51.68,87.46,79.52,6.45,,33.77
2019-04-03 07:00:00,5.76,22.48,19.47,23.65,7.48,78.16,18.25,86.68,9.98,9.72,82.51,6.35,11.31,14.72,61.58,17.12,10.2,5.6,7.6,4.3,18.28,14.02,3.12,5.91,71.05,25.99,29.17,9.28,46.79,31.82,12.08,13.91,,92.46,12.54,2.46,,8.64,12.25,11.78,11.77,6.41,28.78,64.55,3.47,51.06,86.85,79.24,6.39,,33.3
2019-04-04 07:00:00,5.78,22.92,19.26,23.7,7.54,79.0,18.11,85.77,10.08,9.68,83.7,6.21,11.34,14.91,61.46,17.15,10.63,5.78,7.67,4.29,18.07,14.04,3.09,5.95,71.13,25.9,29.22,9.18,46.79,32.46,12.04,14.0,,93.55,12.54,2.46,,8.63,12.3,11.78,11.77,6.45,29.0,64.55,3.51,51.15,86.31,78.95,6.4,,33.3
2019-04-05 07:00:00,5.78,22.48,19.12,23.7,7.42,78.75,18.47,85.64,10.03,9.68,83.0,6.15,11.37,14.91,62.98,17.54,10.55,5.79,7.69,4.3,18.03,14.33,3.09,5.97,71.54,26.09,29.53,9.23,47.25,32.3,12.16,14.26,,92.88,12.95,2.43,,8.69,12.25,11.75,11.31,6.44,29.17,64.97,3.51,51.15,86.01,77.98,6.42,,33.58
2019-04-08 07:00:00,5.9,21.67,19.37,24.13,7.59,79.08,18.07,85.64,10.21,9.38,82.58,6.26,11.44,14.91,64.92,17.34,10.46,5.72,7.67,4.25,17.83,14.15,3.09,6.03,71.54,26.06,29.63,9.54,48.18,32.56,12.28,14.35,,93.4,13.06,2.49,,8.79,12.25,11.68,10.78,6.47,29.85,66.37,3.53,51.33,84.26,78.49,6.36,,33.58
2019-04-09 07:00:00,5.84,21.58,19.5,24.13,7.59,79.84,18.11,79.68,10.14,9.07,81.95,6.15,11.41,14.75,63.71,17.18,10.2,5.69,7.6,4.24,17.71,13.84,3.09,6.0,70.89,25.96,29.37,9.35,47.56,32.66,12.04,14.24,,91.79,12.78,2.43,,8.85,12.25,11.73,10.87,6.41,29.9,65.81,3.51,50.22,85.78,77.46,6.39,,32.46
2019-04-10 07:00:00,5.78,21.58,19.2,23.89,7.42,79.42,17.92,74.14,10.03,8.86,81.95,6.02,11.31,14.63,63.83,17.05,10.11,5.56,7.56,4.2,17.71,13.76,3.09,5.92,70.24,25.68,29.37,9.25,46.95,32.11,11.88,14.02,,92.5,12.54,2.43,,8.68,12.1,11.61,10.7,6.28,29.51,64.9,3.49,49.68,86.09,77.41,6.36,,32.83
2019-04-11 07:00:00,5.8,21.31,19.17,23.36,7.42,78.91,17.89,74.08,10.05,8.96,81.26,6.02,11.37,14.66,63.71,17.05,9.86,5.54,7.56,4.21,17.34,13.65,3.06,5.93,71.05,25.59,29.43,9.3,46.79,32.2,11.88,14.02,,92.69,12.71,2.46,,8.61,12.05,11.61,10.78,6.38,29.34,65.6,3.49,51.1,86.85,77.58,6.29,,32.64
2019-04-12 07:00:00,5.78,21.13,18.96,23.55,7.48,77.57,17.85,76.76,10.01,9.12,80.91,6.05,11.21,15.03,64.62,16.89,9.77,5.49,7.59,4.23,17.18,14.02,3.02,5.91,71.13,25.59,29.06,9.35,46.95,32.01,11.96,14.02,,91.45,12.71,2.43,,8.53,12.1,11.52,10.7,6.37,29.13,65.46,3.47,50.3,86.31,77.64,6.23,,32.78
2019-04-16 07:00:00,5.74,21.13,19.37,23.8,7.42,76.73,17.59,75.48,9.87,8.98,79.44,5.98,11.31,14.94,63.89,16.89,9.86,5.66,7.52,4.01,17.01,13.84,2.99,5.8,71.13,25.34,29.01,9.28,46.95,31.72,11.84,13.95,,92.2,12.71,2.46,,8.45,12.05,11.36,10.48,6.3,28.87,63.84,3.47,50.26,86.39,77.81,6.13,,31.89
2019-04-17 07:00:00,5.72,21.13,18.98,23.24,7.37,76.64,17.56,74.02,9.82,8.93,79.44,5.97,11.15,15.12,64.8,16.86,9.77,5.64,7.48,3.73,16.73,13.84,2.99,5.8,71.29,25.37,29.17,9.28,47.02,31.88,11.57,13.95,,92.43,12.64,2.4,,8.39,11.9,11.45,10.36,6.27,29.13,63.0,3.47,48.88,86.54,77.24,6.23,,31.52
2019-04-18 07:00:00,5.68,21.13,18.98,22.63,7.25,76.48,17.56,73.41,9.62,8.46,77.77,5.8,11.18,15.12,64.07,16.79,9.6,5.56,7.41,3.57,16.65,13.91,2.96,5.81,69.67,25.25,29.27,9.15,46.56,31.27,11.37,13.82,,86.51,12.58,2.4,,8.22,11.75,11.22,10.27,6.2,29.08,62.44,3.44,48.44,86.92,77.35,6.18,,31.8
2019-04-19 07:00:00,5.66,20.77,19.01,22.73,7.31,76.9,17.45,73.96,9.53,8.49,78.12,5.8,11.15,15.11,64.44,16.82,9.77,5.56,7.48,3.81,16.77,13.89,2.99,5.83,70.97,25.5,29.69,9.09,46.72,31.4,11.13,13.84,,90.07,12.54,2.43,,8.22,11.75,11.2,10.29,6.27,29.13,62.44,3.44,48.93,87.61,76.09,6.21,,31.8
2019-04-22 07:00:00,5.61,21.94,18.66,22.56,7.42,75.89,17.04,72.74,9.39,8.84,78.47,5.64,11.31,14.94,65.89,16.53,9.42,5.56,7.54,3.92,17.1,13.84,2.92,5.77,71.21,25.75,29.74,8.96,46.56,31.66,11.25,13.67,,91.0,12.54,2.43,,7.96,11.55,10.99,10.27,6.17,29.08,63.14,3.44,49.73,87.61,74.14,6.2,,31.75
2019-04-23 07:00:00,5.66,21.22,18.66,22.73,7.48,77.15,17.45,73.1,9.55,8.79,79.51,5.85,11.31,14.94,68.08,16.53,9.6,5.6,7.55,3.92,16.89,13.62,2.99,5.75,71.21,25.68,30.15,8.99,47.18,32.08,11.17,13.67,,90.07,12.44,2.43,,7.95,12.05,10.92,10.29,6.16,28.91,62.44,3.4,50.22,88.0,72.66,6.11,,32.55
2019-04-24 07:00:00,5.76,21.13,18.87,22.73,7.94,76.39,17.3,73.65,9.8,8.77,78.61,5.95,11.18,15.14,68.08,16.7,9.51,5.62,7.9,4.07,16.81,13.65,2.99,5.8,71.29,25.75,30.31,9.23,47.56,32.14,11.45,13.82,,89.88,12.54,2.43,,8.12,12.05,11.27,10.29,6.08,29.34,62.93,3.42,50.57,88.07,74.09,6.18,,33.21
2019-04-25 07:00:00,5.74,21.58,18.82,22.54,8.05,75.13,17.23,73.59,9.64,8.65,78.82,5.97,11.21,15.22,68.56,16.76,9.68,5.56,7.84,4.06,16.57,13.62,2.99,5.8,70.81,25.9,30.2,9.23,47.33,31.92,11.33,13.89,,89.51,12.54,2.43,,8.06,11.85,11.17,10.31,6.01,29.0,63.28,3.44,50.48,88.61,74.09,6.1,,32.97
2019-04-26 07:00:00,5.76,21.67,18.98,22.92,8.05,74.46,16.79,73.53,9.73,8.7,80.84,5.95,11.05,15.45,68.44,16.82,9.6,5.56,7.96,4.08,16.65,13.62,2.99,5.88,70.4,26.34,30.67,9.31,47.95,32.17,11.68,14.02,,89.58,12.51,2.43,,8.15,11.95,11.17,10.41,6.06,29.08,64.55,3.44,50.53,89.15,74.26,6.1,,33.77
2019-05-02 07:00:00,5.68,21.58,18.82,22.58,7.99,69.25,17.37,73.35,9.62,8.51,82.65,5.97,11.21,15.55,69.17,16.86,9.68,5.56,8.05,4.26,16.57,13.62,2.99,5.91,71.7,26.68,30.36,9.33,48.1,33.1,11.57,14.11,,91.27,12.58,2.43,,8.09,11.9,11.04,10.41,6.06,28.65,64.12,3.38,50.48,91.15,74.37,6.07,,34.19
2019-05-03 07:00:00,5.74,21.31,18.66,22.66,7.82,64.46,16.86,73.96,9.57,8.56,81.33,6.0,11.31,15.59,68.26,17.02,9.51,5.54,8.09,4.26,16.52,13.62,2.96,5.96,71.78,26.65,30.88,9.29,47.41,33.01,11.53,14.09,,91.27,12.44,2.4,,8.18,12.35,11.1,10.44,6.04,28.57,63.42,3.35,49.99,91.15,74.95,6.07,,33.86
2019-05-06 07:00:00,5.63,20.68,18.06,22.0,7.59,61.27,17.23,72.74,9.37,8.44,82.16,5.85,11.18,15.2,65.47,16.7,9.25,5.41,7.92,4.15,15.38,13.4,2.79,5.8,70.48,25.99,30.15,9.17,46.95,32.75,11.25,13.67,,90.07,12.16,2.36,,7.96,12.05,10.78,10.39,6.04,28.4,62.44,3.33,49.86,90.23,73.86,5.91,,33.02
2019-05-07 07:00:00,5.65,20.41,18.06,22.1,7.65,64.71,17.23,72.56,9.34,8.58,81.26,5.95,11.11,15.5,65.83,16.79,9.42,5.17,7.93,4.15,16.28,13.4,2.85,5.79,71.21,26.03,29.58,9.05,47.1,32.66,10.97,13.64,,90.48,12.16,2.36,,7.87,12.1,10.73,10.12,6.1,28.1,61.67,3.33,50.04,90.0,74.09,5.84,,32.92
2019-05-08 07:00:00,5.65,19.78,17.65,21.59,7.71,63.03,16.97,71.95,9.37,8.58,80.0,5.78,11.24,15.48,66.13,16.99,9.08,5.21,7.85,4.14,16.48,13.18,2.79,5.75,71.13,25.9,29.79,9.05,46.87,32.46,10.82,13.93,,90.7,12.16,2.4,,7.81,12.15,10.62,10.17,6.07,27.88,60.06,3.29,50.04,88.84,73.23,5.84,,32.92
2019-05-09 07:00:00,5.57,19.69,16.97,21.62,7.48,61.18,17.08,71.22,9.21,8.53,81.6,5.82,11.83,15.16,64.68,16.89,9.16,5.3,7.79,4.08,16.44,13.05,2.79,5.66,71.05,26.09,29.94,9.05,46.64,32.08,10.66,14.06,,92.13,12.13,2.4,,7.77,11.9,10.55,10.19,6.1,28.06,59.28,3.28,50.04,88.84,73.34,5.84,,32.92
2019-05-10 07:00:00,5.61,19.87,17.46,21.62,7.65,61.6,17.08,71.34,9.3,8.53,82.3,5.92,11.89,15.28,65.47,16.92,9.16,5.39,7.78,4.13,16.44,12.83,2.79,5.64,70.89,26.37,30.31,9.15,47.18,32.3,10.74,14.15,,92.88,12.13,2.4,,7.92,12.0,10.71,10.17,6.38,28.1,58.93,3.31,50.08,88.76,74.43,5.87,,33.16
2019-05-13 07:00:00,5.59,20.14,17.84,21.59,7.88,63.95,17.04,70.97,9.37,8.34,81.74,5.85,11.57,15.44,64.68,17.05,9.51,5.47,7.59,4.18,16.28,13.23,2.85,5.73,70.24,26.43,30.2,9.19,46.79,32.4,11.25,14.33,,92.88,12.13,2.4,,7.96,11.95,10.73,10.1,6.5,28.23,59.64,3.33,50.17,89.23,76.61,5.89,,33.77
2019-05-14 07:00:00,5.57,19.78,17.67,21.55,7.99,65.38,16.86,69.7,9.41,8.23,81.95,5.83,11.31,15.66,66.13,17.12,9.94,5.39,7.67,4.23,15.99,12.96,2.79,5.75,70.08,26.52,30.26,9.19,48.02,32.43,12.0,14.53,,94.75,12.13,2.36,,7.92,11.9,10.64,10.14,6.52,28.53,59.64,3.35,50.44,89.84,77.52,5.92,,33.77
2019-05-15 07:00:00,5.65,19.78,17.95,22.0,7.99,66.39,17.01,71.22,9.69,8.53,80.98,5.92,11.47,15.72,66.74,17.08,9.86,5.47,7.67,4.22,16.24,13.23,2.82,5.79,71.13,26.99,30.36,9.55,49.56,32.94,12.24,14.55,,94.75,12.09,2.4,,8.14,12.05,11.08,10.34,6.57,28.61,60.34,3.37,51.24,90.76,77.58,6.05,,34.33
2019-05-16 07:00:00,5.61,19.51,17.78,22.34,7.99,65.55,17.15,72.44,9.66,8.64,80.98,5.9,11.7,15.48,66.8,16.89,9.86,5.41,7.65,4.18,15.95,13.36,2.82,5.75,70.48,26.68,30.36,9.94,49.56,33.07,12.0,14.5,,91.75,12.13,2.4,,8.07,12.0,10.99,10.34,6.61,28.61,61.04,3.37,51.95,90.76,78.04,6.05,,34.33
2019-05-17 07:00:00,5.59,20.59,17.54,22.25,8.11,65.89,16.97,71.83,9.71,8.53,80.21,5.8,11.57,15.55,66.86,17.54,9.94,5.35,7.64,4.14,16.12,13.36,2.79,5.72,70.08,26.83,30.36,9.78,49.87,32.94,12.2,14.46,,96.25,12.27,2.36,,8.12,11.95,10.92,10.34,6.75,28.61,60.83,3.37,51.95,90.69,77.58,6.03,,34.77
2019-05-20 07:00:00,5.61,20.23,17.84,21.93,8.17,66.06,16.97,71.52,9.78,8.5,79.86,5.8,12.15,15.83,68.56,17.67,9.94,5.38,7.76,4.15,15.91,13.36,2.82,5.7,71.29,27.39,30.83,9.66,50.95,34.71,12.24,14.79,,98.5,12.58,2.36,,8.25,11.95,11.04,10.34,6.76,29.04,60.9,3.33,52.22,91.0,78.67,6.02,,34.91
2019-05-21 07:00:00,5.63,20.68,18.03,22.56,8.05,66.56,17.19,70.43,9.73,8.47,80.7,5.83,11.96,16.06,67.65,17.48,10.37,5.37,7.79,4.15,15.83,13.27,2.79,5.75,73.97,27.36,30.62,9.62,50.49,34.26,12.16,14.7,,98.76,12.54,2.33,,8.23,12.05,11.13,10.34,6.78,29.0,60.83,3.35,52.22,91.38,76.38,6.08,,34.77
2019-05-22 07:00:00,5.66,20.68,18.11,22.39,7.94,65.8,16.9,70.18,9.87,8.36,80.84,5.8,11.89,15.83,67.04,17.51,10.2,5.35,7.81,4.16,15.83,13.36,2.82,5.81,72.91,27.45,29.94,9.66,51.03,34.58,12.2,14.53,,98.76,12.51,2.33,,8.23,12.05,10.96,10.34,6.78,28.78,60.69,3.35,52.22,91.92,75.58,6.11,,34.57
2019-05-23 07:00:00,5.65,20.68,18.22,22.32,7.99,66.06,16.9,70.12,9.85,8.53,79.51,6.13,11.89,15.99,66.19,17.51,10.29,5.25,7.75,4.18,15.75,13.58,2.79,5.84,72.91,27.64,30.2,9.84,51.95,35.26,12.24,14.57,,97.78,12.37,2.36,,8.23,12.0,10.94,10.36,6.69,28.95,60.69,3.33,51.99,91.84,75.58,6.0,,34.04
2019-05-24 07:00:00,5.59,20.59,17.73,21.96,7.77,64.88,17.08,70.12,9.71,8.47,80.98,6.13,11.57,15.96,64.62,17.7,9.94,5.25,7.61,4.16,15.67,13.6,2.79,5.76,70.64,27.99,30.2,9.78,50.8,34.62,12.4,14.5,,97.82,12.3,2.3,,8.07,11.8,10.73,10.31,6.69,28.48,59.28,3.31,51.1,92.23,74.66,5.97,,33.8
2019-05-27 07:00:00,5.55,20.59,17.78,22.37,7.77,64.12,17.12,69.39,9.71,8.53,80.98,6.15,11.96,15.83,65.35,17.54,10.2,5.34,7.62,4.23,15.58,13.6,2.75,5.75,71.62,27.67,30.26,9.78,50.8,34.13,12.47,14.37,,99.24,12.4,2.3,,8.01,11.8,10.71,10.27,6.75,28.87,59.21,3.29,51.1,92.69,76.66,6.0,,34.04
2019-05-28 07:00:00,5.53,20.68,17.62,22.27,7.94,64.12,17.08,68.78,9.62,8.44,80.84,6.03,11.7,15.69,65.47,17.6,10.98,5.33,7.59,4.3,15.26,13.6,2.75,5.76,70.48,27.83,30.36,9.78,51.87,34.87,12.63,14.31,,97.37,12.37,2.3,,7.96,11.8,10.69,10.22,6.74,28.87,58.58,3.28,50.66,96.15,75.52,5.92,,33.42
2019-05-29 07:00:00,5.59,20.41,17.46,22.97,7.82,64.79,16.86,67.63,9.46,8.42,79.86,6.13,11.57,15.43,65.95,17.41,10.72,5.34,7.69,4.28,15.63,13.58,2.72,5.72,70.73,27.61,30.67,9.7,51.41,34.36,12.4,14.35,,97.48,12.23,2.3,,7.92,11.75,10.53,10.22,6.82,28.91,58.65,3.26,51.19,95.0,76.03,5.86,,33.61
2019-05-30 07:00:00,5.57,20.77,17.35,22.85,7.88,65.13,17.01,68.18,9.46,8.42,80.56,6.03,11.76,15.59,65.59,17.34,10.81,5.42,7.58,4.22,15.54,13.6,2.72,5.7,69.27,27.64,31.19,9.76,51.89,34.2,12.4,14.55,,98.68,12.37,2.33,,7.93,11.8,10.62,10.19,6.82,29.0,57.95,3.26,51.1,95.53,75.23,5.89,,33.8
2019-05-31 07:00:00,5.55,20.95,17.18,22.73,7.71,64.54,16.9,67.57,9.3,8.23,80.56,5.9,11.5,15.43,63.28,16.95,10.11,5.41,7.6,4.14,16.08,13.62,2.72,5.62,69.51,27.17,31.24,9.58,50.53,33.2,12.04,14.33,,99.99,12.4,2.27,,7.85,11.75,10.46,10.07,6.78,28.78,57.53,3.26,50.93,95.76,74.09,5.83,,33.61
2019-06-03 07:00:00,5.49,20.5,16.69,22.58,7.37,64.96,16.68,67.5,9.11,8.12,78.96,5.95,12.09,15.22,61.52,16.76,10.03,5.3,7.46,3.98,15.83,13.6,2.65,5.49,68.86,26.82,31.14,9.51,49.09,32.46,12.0,13.89,,101.12,12.23,2.27,,7.82,11.6,9.95,10.17,6.75,28.48,56.55,3.24,50.88,93.84,73.23,5.76,,32.64
2019-06-04 07:00:00,5.47,20.59,17.46,21.97,7.54,65.38,16.79,64.7,9.16,8.12,79.02,5.9,11.96,15.15,61.89,16.79,10.03,5.27,7.47,3.99,15.58,13.6,2.68,5.49,68.86,27.14,31.24,9.51,49.81,32.49,12.24,14.09,,102.24,12.23,2.27,,7.84,11.6,9.81,10.22,6.75,28.78,56.55,3.24,50.93,93.3,73.57,5.76,,33.12
2019-06-05 07:00:00,5.53,20.59,17.13,21.21,7.48,65.38,16.79,65.13,9.21,8.12,79.86,6.02,11.54,15.26,61.89,16.86,10.03,5.33,7.32,3.96,15.5,13.58,2.72,5.46,68.86,27.33,31.4,9.66,49.65,33.05,12.32,14.11,,102.61,12.27,2.27,,7.85,11.65,9.86,10.24,6.78,28.57,56.55,3.26,51.5,93.38,73.81,5.71,,33.17
2019-06-06 07:00:00,5.45,19.96,17.07,21.72,7.54,65.38,16.64,65.13,9.3,8.12,80.14,5.95,11.93,15.57,60.55,17.08,10.72,5.31,6.98,3.89,15.5,13.58,2.65,5.45,69.02,27.29,31.3,9.66,49.41,33.05,12.43,14.11,,102.61,12.23,2.27,,7.81,11.55,9.88,10.07,6.78,28.23,56.34,3.18,51.5,93.38,73.23,5.75,,33.27
2019-06-07 07:00:00,5.49,20.68,17.29,22.74,7.65,65.8,16.75,64.28,9.37,8.12,80.14,5.97,11.96,15.82,62.49,17.18,11.67,5.33,7.06,3.89,15.34,13.58,2.68,5.54,69.67,27.86,31.5,9.82,49.97,33.82,12.67,14.37,,103.51,12.23,2.3,,7.92,11.75,9.99,10.22,6.84,28.1,57.67,3.2,51.99,94.0,73.28,5.75,,33.56
2019-06-10 07:00:00,5.47,21.49,17.29,22.58,7.54,66.39,16.86,64.58,9.39,8.09,79.37,6.02,11.86,15.78,62.8,16.99,11.24,5.31,7.04,3.95,15.46,13.62,2.68,5.56,70.24,27.96,31.5,10.02,49.97,33.82,12.71,14.26,,105.54,12.2,2.27,,7.96,11.8,9.95,10.36,6.91,28.57,57.53,3.15,52.26,95.38,73.46,5.79,,33.85
2019-06-11 07:00:00,5.47,23.55,17.4,22.48,7.48,67.06,16.86,64.58,9.39,7.85,79.44,5.88,11.93,15.82,63.1,16.99,11.24,5.3,7.07,4.01,15.42,13.77,2.68,5.58,69.67,28.27,31.4,9.98,49.97,33.86,12.51,14.42,,103.36,11.48,2.27,,7.96,11.7,9.95,10.56,7.23,28.87,57.46,3.11,51.99,95.38,72.65,5.81,,33.99
2019-06-12 07:00:00,5.45,24.0,17.18,22.66,7.37,67.48,16.71,64.46,9.27,7.77,78.12,5.85,11.8,15.76,61.58,16.89,11.76,5.31,7.1,3.96,15.5,13.8,2.65,5.56,68.86,28.62,31.09,9.82,49.49,32.92,12.43,14.2,,102.61,11.82,2.27,,7.85,11.65,9.86,10.58,7.15,28.7,56.13,3.07,51.55,95.0,72.47,5.81,,33.75
2019-06-13 07:00:00,5.47,23.64,17.18,22.48,7.42,67.23,16.71,63.49,9.23,7.8,76.17,5.9,11.86,15.59,61.58,16.89,12.02,5.27,7.07,3.96,15.5,13.8,2.65,5.56,68.46,28.21,30.62,9.78,49.25,32.06,12.32,14.13,,102.61,11.78,2.27,,7.84,11.6,9.78,10.22,7.2,28.83,56.13,3.07,51.33,93.53,71.32,5.83,,33.51
2019-06-14 07:00:00,5.49,22.56,17.54,22.28,7.42,67.23,16.75,62.27,9.3,7.8,74.35,5.83,11.83,15.54,61.89,16.86,11.58,5.27,7.06,3.99,15.5,14.17,2.68,5.58,68.21,28.11,30.83,9.78,49.17,31.85,12.32,14.04,,102.24,11.82,2.27,,7.84,11.65,9.81,10.36,7.06,29.64,56.06,3.13,51.33,93.61,71.6,5.95,,33.7
2019-06-17 07:00:00,5.49,22.56,17.51,22.33,7.42,67.65,16.46,60.32,9.37,7.77,72.75,5.61,12.06,15.41,61.83,16.86,11.41,5.25,6.9,3.91,15.5,13.91,2.68,5.58,67.65,27.7,30.0,9.78,49.09,30.99,12.59,13.91,,102.24,11.82,2.27,,7.77,11.45,9.62,10.39,6.95,29.64,54.72,3.13,50.88,92.23,71.6,5.95,,32.84
2019-06-18 07:00:00,5.53,21.94,17.46,21.72,7.31,67.65,16.86,58.92,9.27,7.74,70.79,5.63,12.09,15.41,61.58,16.82,11.58,5.15,7.09,3.92,15.5,14.06,2.65,5.56,66.43,27.86,29.48,9.86,48.85,30.69,12.47,13.93,,102.24,11.82,2.27,,7.73,11.2,9.39,10.41,6.68,30.11,54.72,3.09,50.66,90.76,71.2,5.91,,32.35
2019-06-19 07:00:00,5.53,22.48,17.46,21.97,7.31,67.06,16.46,59.35,9.27,7.71,70.79,5.53,12.06,15.62,62.92,16.82,11.67,5.2,7.34,3.91,15.42,14.2,2.65,5.57,67.08,27.96,29.79,9.98,49.25,30.82,12.36,14.04,,103.18,11.82,2.27,,7.84,11.3,9.3,9.95,6.64,29.9,54.79,3.09,51.5,91.92,71.43,5.94,,32.84
2019-06-20 07:00:00,5.66,22.92,17.81,21.97,7.31,67.57,16.57,59.04,9.62,7.5,70.79,5.54,12.02,15.89,63.59,16.92,11.67,5.33,7.26,3.94,15.42,14.26,2.68,5.75,66.84,28.62,29.89,10.34,50.85,31.63,12.24,14.17,,102.99,11.78,2.3,,7.93,11.5,9.53,9.76,6.69,30.63,55.0,3.13,51.55,94.84,71.37,6.15,,33.7
2019-06-21 07:00:00,5.65,23.28,17.73,21.87,7.42,66.81,16.57,59.35,9.8,7.58,72.19,5.44,11.89,15.89,64.01,16.99,11.5,5.27,7.29,3.94,15.26,14.12,2.68,5.75,68.05,28.71,29.58,10.12,50.45,31.85,12.16,14.22,,104.11,11.75,2.27,,7.93,11.45,9.62,9.78,6.69,30.41,55.08,3.13,50.88,94.76,72.65,6.18,,33.12
2019-06-24 07:00:00,5.65,22.84,17.78,21.82,7.37,67.48,16.53,59.65,9.8,7.63,72.89,5.54,12.15,15.8,63.4,16.99,11.07,5.28,7.18,3.92,15.3,13.86,2.68,5.75,68.13,28.84,30.05,10.24,50.05,31.59,11.72,14.17,,105.24,11.78,2.27,,7.87,11.7,9.67,10.22,6.51,31.27,55.78,3.11,51.73,95.0,71.26,6.18,,33.32
2019-06-25 07:00:00,5.59,22.39,17.51,22.13,7.31,67.32,16.49,62.09,9.64,7.55,73.24,5.48,12.09,16.27,62.8,16.86,11.07,5.29,7.1,3.86,15.5,13.91,2.65,5.69,68.05,28.97,30.36,10.2,49.57,31.2,11.72,14.0,,105.54,11.78,2.27,,7.85,11.65,9.6,10.17,6.5,31.01,55.78,3.09,51.73,95.3,71.43,6.21,,33.12
2019-06-26 07:00:00,5.55,22.48,17.73,21.97,7.25,67.9,16.46,62.33,9.57,7.58,74.07,5.32,11.99,16.15,63.53,17.15,11.07,5.27,7.04,3.83,15.91,13.8,2.65,5.62,69.27,29.28,31.09,10.12,50.29,31.24,11.68,14.11,,105.61,11.78,2.23,,7.84,11.5,9.44,10.29,6.44,30.2,55.42,3.09,51.95,95.53,71.49,6.15,,33.17
2019-06-27 07:00:00,5.47,22.48,17.46,21.97,7.08,67.99,16.24,62.15,9.46,7.63,75.33,5.1,12.15,15.89,59.46,16.89,10.98,5.26,6.94,3.76,15.58,14.2,2.65,5.56,66.43,28.71,30.88,10.2,49.57,30.9,11.41,13.95,,101.86,11.75,2.2,,7.77,11.3,9.35,10.22,6.44,29.77,54.37,3.05,51.06,95.76,71.26,6.03,,32.59
2019-06-28 07:00:00,5.53,22.94,17.29,21.77,7.37,67.9,16.49,65.13,8.93,7.71,76.03,5.15,12.22,15.92,59.16,16.89,10.89,5.45,7.23,3.78,15.67,14.15,2.65,5.64,67.24,29.28,30.93,10.34,47.65,31.33,12.0,14.0,,102.99,11.82,2.2,,7.84,11.35,9.41,10.22,6.48,30.2,55.64,3.07,51.42,98.46,71.2,6.05,,32.64
2019-07-01 07:00:00,5.59,22.48,17.65,21.97,7.14,68.16,15.91,63.73,9.55,7.96,73.38,5.37,12.22,16.48,62.92,17.15,11.07,5.33,7.07,3.92,15.67,13.83,2.68,5.7,69.35,29.88,31.5,10.36,50.69,31.89,11.84,14.11,,104.08,11.85,2.2,,7.9,11.55,9.72,10.61,6.5,30.54,56.83,3.09,52.08,97.69,72.36,6.21,,33.08
2019-07-02 07:00:00,5.53,22.11,17.48,21.97,7.14,68.32,16.49,63.67,9.53,8.01,74.36,5.29,12.15,16.41,63.04,17.28,11.33,5.25,6.95,3.91,15.54,13.83,2.75,5.7,68.54,30.13,31.24,10.34,51.41,32.1,11.68,14.2,,103.06,11.82,2.17,,7.82,11.45,9.67,10.61,6.52,30.2,56.9,3.09,51.46,98.84,72.42,6.18,,33.42
2019-07-03 07:00:00,5.51,21.83,17.51,22.13,7.08,69.5,16.35,65.01,9.64,8.39,73.66,5.19,11.89,16.38,62.49,17.6,11.24,5.21,6.81,3.83,15.5,13.71,2.68,5.66,68.46,30.17,30.46,10.36,51.25,31.63,11.64,14.57,,103.36,11.78,2.17,,7.85,11.35,9.62,10.61,6.55,29.81,57.53,3.18,51.28,98.84,72.94,6.15,,33.12
2019-07-04 07:00:00,5.59,22.84,17.89,22.74,7.02,69.5,16.05,65.13,9.69,8.39,75.34,5.31,12.12,16.43,62.62,17.6,11.33,5.25,6.86,3.82,15.5,13.71,2.68,5.7,69.02,30.13,31.04,10.36,51.49,31.98,11.68,14.7,,104.49,11.78,2.2,,7.96,11.45,9.9,10.58,6.58,31.05,59.64,3.24,51.77,99.61,73.05,6.2,,33.56
2019-07-05 07:00:00,5.59,22.57,17.89,23.3,6.91,69.67,16.42,64.04,9.69,8.26,73.94,5.25,11.93,16.31,62.86,17.64,11.76,5.2,6.86,3.85,15.5,13.51,2.72,5.75,68.86,30.1,31.3,10.52,51.65,31.98,11.6,14.7,,104.86,11.78,2.2,,8.01,11.4,9.88,10.73,6.55,31.1,60.34,3.2,51.86,99.61,73.05,6.21,,34.53
2019-07-08 07:00:00,5.55,22.11,17.76,23.1,6.91,69.67,16.13,63.49,9.57,8.36,73.38,5.25,11.96,16.2,62.49,17.34,11.33,5.15,6.69,3.81,15.46,13.39,2.72,5.69,68.46,29.76,31.24,10.42,51.17,31.63,11.57,14.77,,105.24,11.78,2.17,,7.93,11.4,9.67,10.81,6.52,30.54,58.23,3.2,51.55,98.84,71.9,6.2,,34.57
2019-07-09 07:00:00,5.7,22.38,17.78,23.66,6.85,70.09,15.94,63.55,9.6,8.36,73.72,5.27,12.02,16.36,63.34,17.38,11.41,5.18,6.57,3.8,15.34,13.33,2.72,5.72,68.21,30.61,31.19,10.46,51.25,31.59,11.45,14.79,,105.24,11.96,2.17,,7.92,11.35,9.58,10.81,6.52,30.8,58.3,3.16,51.55,99.15,72.36,6.18,,35.15
2019-07-10 07:00:00,5.66,22.84,17.67,23.71,7.02,71.1,16.35,65.13,9.62,8.44,73.58,5.32,12.02,16.46,64.19,17.54,11.67,5.14,6.57,3.74,15.3,13.33,2.72,5.69,68.21,31.05,31.55,10.54,51.25,31.33,11.6,15.06,,106.73,11.96,2.17,,7.87,11.45,9.58,10.83,6.52,31.05,58.51,3.16,51.9,101.15,72.36,6.21,,34.91
2019-07-11 07:00:00,5.78,22.84,18.25,23.66,7.02,71.35,16.42,66.04,9.87,8.47,73.72,5.27,12.06,16.45,64.44,17.54,11.84,5.17,6.63,3.68,15.42,13.22,2.72,5.77,66.84,30.92,31.92,10.61,51.73,31.33,11.68,14.9,,107.11,12.0,2.2,,7.93,11.5,9.72,10.96,6.51,31.7,58.3,3.18,51.77,101.0,72.47,6.29,,35.2
2019-07-12 07:00:00,5.76,22.94,18.22,24.68,6.97,71.35,16.13,67.44,9.82,8.44,72.95,5.25,11.83,16.45,64.19,17.44,11.58,5.18,6.74,3.72,15.42,13.22,2.75,5.76,66.03,30.95,31.66,10.44,51.65,31.59,11.76,14.86,,108.23,11.96,2.17,,7.92,11.4,9.58,10.88,6.5,31.57,58.3,3.32,51.55,100.15,71.78,6.24,,34.67
2019-07-15 07:00:00,5.74,24.23,18.17,25.55,6.91,70.85,16.2,67.2,9.85,8.34,72.95,5.22,11.86,16.55,64.31,17.67,11.5,5.17,6.6,3.81,15.5,12.99,2.72,5.79,64.73,31.93,31.24,10.42,51.73,31.93,11.6,14.99,,105.61,11.96,2.17,,7.9,11.35,9.78,10.81,6.54,32.12,57.53,3.43,50.75,99.61,71.32,6.28,,35.01
2019-07-16 07:00:00,5.78,23.86,18.85,25.8,6.8,72.61,16.13,67.2,9.94,8.12,71.83,5.22,11.86,16.55,64.56,17.73,11.93,5.16,6.64,3.89,15.38,12.81,2.68,5.87,65.14,32.25,31.35,10.3,51.49,32.06,11.53,14.84,,106.73,11.96,2.17,,7.9,11.4,9.81,10.86,6.61,33.07,58.86,3.46,51.5,100.76,71.78,6.31,,35.73
2019-07-17 07:00:00,5.88,24.87,18.85,25.6,6.74,73.96,16.13,68.48,10.03,7.98,71.83,5.2,11.89,16.46,66.07,17.57,11.76,5.23,6.57,3.88,15.5,12.81,2.68,5.96,64.65,32.06,30.88,10.34,51.49,31.85,11.49,14.77,,107.11,11.89,2.2,,8.15,11.55,9.76,10.98,6.64,32.64,58.93,3.43,51.33,100.0,72.59,6.21,,35.73
2019-07-18 07:00:00,5.9,24.87,18.93,25.29,6.74,72.11,15.87,67.57,9.91,8.01,70.08,5.17,11.24,16.38,65.04,17.41,11.93,5.22,6.44,3.88,15.5,12.81,2.65,5.99,61.41,32.78,30.0,10.3,51.41,31.46,11.33,14.68,,106.36,11.82,2.2,,8.07,11.55,9.67,10.96,6.58,32.72,58.93,3.52,51.02,98.84,72.13,6.18,,35.35
2019-07-19 07:00:00,5.97,25.98,19.04,25.47,6.62,71.01,16.13,67.63,10.01,8.01,71.83,5.15,11.89,16.87,64.31,17.44,11.93,5.23,6.34,3.9,15.3,12.99,2.68,5.99,62.95,33.42,30.2,10.4,51.33,31.76,11.09,14.57,,103.78,11.75,2.23,,8.09,11.7,9.81,10.98,6.47,33.84,59.28,3.52,51.55,100.15,73.46,6.21,,36.12
2019-07-22 07:00:00,5.93,26.34,19.5,25.14,6.51,72.11,16.13,68.18,9.89,8.47,71.34,5.15,11.7,16.92,64.01,17.28,12.28,5.17,6.38,3.82,15.5,12.93,2.68,5.99,64.16,33.61,29.89,10.3,51.41,33.05,11.05,14.48,,103.81,11.68,2.2,,7.92,11.5,9.74,10.68,6.52,33.84,59.35,3.48,51.77,101.53,72.65,6.11,,35.44
2019-07-23 07:00:00,5.9,26.25,19.23,25.6,6.34,70.76,16.13,68.3,9.91,8.88,71.2,5.14,11.7,17.08,64.98,17.34,12.45,5.18,6.67,3.82,15.5,12.81,2.85,6.12,64.49,34.36,30.26,10.42,51.41,33.61,11.13,14.81,,103.85,11.64,2.2,,7.93,11.5,9.74,10.56,6.55,33.79,60.2,3.48,53.24,101.46,72.59,6.11,,36.02
2019-07-24 07:00:00,5.88,26.62,18.79,25.7,6.22,71.6,16.13,68.48,9.73,8.72,71.13,5.1,11.67,17.01,64.74,17.25,12.97,5.17,6.63,3.82,15.5,12.7,2.85,6.1,65.38,33.89,30.57,10.42,52.85,33.26,11.09,14.7,,103.92,11.57,2.2,,7.81,11.35,9.69,10.63,6.54,32.94,60.2,3.52,54.22,102.15,72.7,6.11,,36.07
2019-07-25 07:00:00,5.9,26.62,19.2,25.29,6.51,71.27,16.13,68.78,9.73,8.58,71.13,5.07,11.6,17.02,65.53,17.25,12.88,5.18,6.89,3.82,15.46,12.52,2.82,6.04,65.46,34.05,30.36,10.48,52.61,33.92,11.17,14.66,,105.98,11.5,2.23,,7.7,11.2,9.67,10.98,6.52,33.28,61.39,3.58,54.75,102.3,72.42,6.02,,36.22
2019-07-26 07:00:00,5.83,26.25,19.53,25.4,6.57,71.77,16.09,68.6,9.71,8.64,71.13,5.0,11.47,17.08,65.53,17.31,12.62,5.16,6.94,3.78,15.3,12.64,2.75,6.03,65.54,33.67,30.26,10.48,52.69,33.92,11.17,14.44,,104.45,11.43,2.23,,7.71,11.15,9.62,10.96,6.51,33.62,61.39,3.58,54.26,102.3,72.07,6.0,,36.12
2019-07-29 07:00:00,5.73,25.61,19.53,24.94,6.4,71.85,16.05,70.0,9.57,8.85,70.5,5.07,11.76,17.01,67.35,17.22,12.88,5.15,6.8,3.72,15.34,12.67,2.75,6.06,65.62,33.45,30.36,10.54,51.81,33.74,11.09,14.37,,104.11,11.57,2.2,,7.62,10.95,9.62,11.08,6.5,34.69,61.6,3.56,55.28,102.61,71.49,6.0,,35.49
2019-07-30 07:00:00,5.7,25.15,19.09,24.45,6.22,71.69,16.05,69.39,9.48,8.69,70.01,4.93,11.67,16.73,66.13,17.15,12.62,5.15,6.61,3.71,15.34,12.67,2.72,5.89,64.73,32.72,30.31,10.5,51.73,33.09,10.9,14.37,,105.24,11.64,2.14,,7.38,10.85,9.58,11.03,6.47,34.52,58.93,3.48,54.44,102.61,71.49,5.97,,34.62
2019-07-31 07:00:00,5.68,25.79,19.37,24.78,6.22,70.59,16.05,68.78,9.5,8.66,69.38,4.9,11.67,16.94,66.19,16.95,12.88,5.14,6.94,3.74,15.22,12.87,2.79,5.99,64.81,33.7,29.94,10.54,52.45,33.31,11.13,14.44,,104.49,11.71,2.14,,7.33,10.7,9.51,11.49,6.47,34.35,61.88,3.5,54.22,102.61,71.32,5.94,,35.68
2019-08-01 07:00:00,5.6,26.25,19.34,24.88,6.28,70.76,15.98,68.18,9.34,8.42,67.63,4.88,11.5,16.92,65.71,16.7,12.79,5.15,6.95,3.73,15.1,13.28,2.72,5.93,64.89,34.24,30.72,10.81,52.05,33.92,10.97,14.68,,105.42,11.78,2.14,,7.36,10.5,9.58,11.46,6.38,34.48,63.49,3.56,55.28,102.3,71.9,5.92,,35.73
2019-08-02 07:00:00,5.55,28.1,19.53,24.99,6.22,69.75,15.98,68.78,9.32,8.55,66.58,4.76,11.54,17.08,64.31,16.89,13.4,5.16,6.9,3.72,14.93,13.28,2.72,5.92,64.0,34.08,31.19,10.77,52.05,34.87,11.05,14.55,,104.86,11.82,2.14,,7.28,10.6,9.51,11.29,6.28,33.88,63.28,3.52,54.44,101.84,71.78,6.1,,35.01
2019-08-05 07:00:00,5.48,30.4,19.53,24.53,5.82,66.06,16.13,70.0,9.32,8.5,67.98,4.64,11.57,17.14,63.1,16.89,13.83,5.07,6.81,3.59,14.69,13.19,2.68,5.88,62.22,34.55,30.88,10.59,50.53,35.0,10.97,14.33,,104.94,11.75,2.1,,7.05,10.45,9.44,11.31,6.38,33.15,59.78,3.6,52.44,100.53,70.62,6.07,,33.8
2019-08-06 07:00:00,5.4,32.24,19.2,24.22,5.71,64.71,15.76,68.78,9.25,8.34,66.65,4.64,11.67,17.13,61.89,17.25,14.52,4.95,6.69,3.53,14.61,13.04,2.68,5.76,60.76,34.71,30.57,10.5,49.09,36.34,10.62,14.13,,104.56,11.64,2.07,,6.84,10.45,9.37,11.03,6.38,32.68,58.58,3.58,53.24,100.07,69.58,6.02,,33.66
2019-08-07 07:00:00,5.38,31.04,18.93,25.14,5.65,63.45,15.4,67.02,9.25,8.34,67.07,4.61,11.37,17.41,60.98,17.18,14.35,4.95,6.8,3.48,14.93,13.3,2.72,5.75,60.6,35.97,30.93,10.5,49.65,37.56,10.58,14.06,,104.86,11.47,2.07,,6.7,10.4,9.3,11.08,6.38,33.58,58.93,3.71,52.44,100.69,70.04,6.0,,33.51
2019-08-08 07:00:00,5.48,30.31,18.93,26.72,5.6,67.15,15.91,65.13,9.37,8.5,67.0,4.68,11.44,17.6,61.28,18.19,14.57,4.95,7.16,3.48,14.52,13.57,2.68,5.83,60.6,35.66,30.57,10.61,49.81,36.78,10.54,14.99,,104.86,11.4,2.07,,6.7,10.45,9.35,11.24,6.4,33.62,60.0,3.75,54.22,100.84,69.98,5.99,,34.28
2019-08-09 07:00:00,5.45,30.4,18.93,26.52,5.65,65.55,15.43,64.1,9.39,8.39,67.98,4.78,11.5,17.88,61.46,17.99,14.39,5.21,7.1,3.52,14.52,13.68,2.65,5.79,61.65,36.57,31.14,10.61,49.81,36.52,10.62,15.17,,103.25,11.26,2.07,,6.95,10.35,9.35,11.56,6.41,33.62,59.64,3.75,53.42,101.3,70.04,6.08,,34.28
2019-08-12 07:00:00,5.48,30.12,19.28,26.16,5.77,65.55,15.62,62.09,9.32,8.07,67.28,4.9,11.28,18.3,61.89,17.96,14.13,5.18,7.26,3.49,14.69,13.57,2.68,5.91,61.57,36.92,31.09,10.61,49.97,37.17,10.5,15.34,,102.76,11.26,2.07,,7.0,10.35,9.37,11.51,6.41,33.28,59.78,3.73,53.33,103.46,69.81,6.08,,34.24
2019-08-13 07:00:00,5.45,28.92,19.04,25.8,5.65,64.96,15.51,60.38,9.44,8.01,65.88,4.76,11.18,18.37,60.67,17.67,13.42,5.16,7.21,3.44,14.69,13.57,2.65,5.99,61.25,37.17,30.98,10.52,50.61,37.73,10.18,15.87,,103.74,11.26,2.07,,6.9,10.2,9.55,11.39,6.41,32.68,58.86,3.67,52.48,101.92,68.31,6.11,,33.7
2019-08-14 07:00:00,5.4,28.37,19.15,25.75,5.6,65.97,15.43,62.09,9.39,7.61,66.02,4.71,11.11,18.61,61.22,17.54,13.6,5.21,7.21,3.44,15.01,13.59,2.65,6.02,61.25,37.52,31.24,10.46,49.97,37.17,10.18,15.83,,103.74,11.12,2.07,,6.89,10.15,9.65,11.46,6.37,32.68,58.93,3.74,52.7,101.22,68.71,6.16,,33.51
2019-08-15 07:00:00,5.4,29.11,19.15,25.8,5.48,65.89,15.4,62.03,9.34,7.61,66.58,4.71,11.7,18.9,61.22,18.16,13.78,5.22,7.15,3.43,14.93,13.62,2.65,6.02,61.65,37.87,32.12,10.34,49.25,37.56,10.1,16.11,,106.73,11.33,2.04,,6.9,10.35,9.72,11.41,6.35,33.84,59.64,3.94,53.77,100.22,70.62,6.18,,34.19
2019-08-16 07:00:00,5.45,29.48,19.64,26.42,5.54,64.79,15.4,62.09,9.39,7.63,65.88,4.69,11.34,18.54,61.22,18.51,13.78,5.23,7.09,3.38,15.38,13.91,2.65,6.04,62.38,37.01,32.07,10.32,49.97,37.3,10.18,16.55,,103.36,11.26,2.04,,7.03,10.3,10.13,11.31,6.37,33.37,59.29,4.07,54.22,100.38,71.84,6.23,,33.95
2019-08-19 07:00:00,5.48,29.29,20.02,26.06,5.54,65.3,15.29,62.7,9.39,7.74,66.93,4.68,11.31,18.69,61.77,18.51,13.69,5.22,7.09,3.36,15.5,13.91,2.62,5.95,62.46,37.2,32.23,10.46,50.13,36.82,10.22,16.53,,103.55,11.33,2.04,,7.02,10.25,9.97,11.26,6.35,32.9,59.78,4.03,54.17,100.38,72.3,6.23,,34.09
2019-08-20 07:00:00,5.53,30.86,20.07,26.52,5.42,64.71,15.29,61.9,9.44,7.69,66.93,4.68,11.31,19.26,62.49,18.84,14.48,5.21,7.04,3.36,15.5,13.86,2.65,5.97,61.73,37.87,32.7,10.4,50.05,37.21,10.22,16.31,,103.55,11.4,2.01,,6.98,10.3,9.97,11.49,6.34,32.94,61.56,4.03,53.77,100.0,72.01,6.24,,34.38
2019-08-21 07:00:00,5.55,30.58,20.65,25.96,5.42,65.38,15.25,62.03,9.5,7.74,66.16,4.64,11.34,19.11,63.83,18.61,14.21,5.25,7.14,3.44,15.42,13.94,2.65,6.07,62.38,37.96,32.7,10.46,50.13,37.12,10.5,16.4,,104.08,11.4,1.98,,7.11,10.25,10.02,11.46,6.35,34.27,61.99,4.03,54.39,100.69,71.72,6.32,,34.67
2019-08-22 07:00:00,5.65,29.48,20.51,25.86,5.31,66.14,15.03,60.87,9.44,7.71,66.23,4.64,11.37,18.9,63.46,18.29,14.39,5.24,7.09,3.62,15.14,14.0,2.65,6.08,63.19,37.08,32.59,10.46,50.13,36.21,10.46,16.18,,103.36,11.36,1.98,,7.08,10.3,10.02,11.31,6.37,34.27,62.41,3.96,56.04,101.69,71.78,6.34,,34.53
2019-08-23 07:00:00,5.63,29.75,20.48,25.91,5.31,65.97,15.03,60.81,9.39,7.69,65.88,4.71,11.34,19.4,63.1,18.32,14.13,5.23,7.2,3.62,15.06,14.0,2.65,6.11,62.38,36.76,32.18,10.4,49.65,35.91,10.42,16.0,,103.21,11.36,2.04,,7.05,10.7,10.02,11.31,6.41,33.92,61.77,3.96,55.55,103.07,71.2,6.34,,33.85
2019-08-26 07:00:00,5.6,30.68,20.65,25.75,5.31,65.38,14.88,59.04,9.3,7.58,65.32,4.63,10.95,19.15,61.58,18.38,14.13,5.21,7.01,3.49,15.26,13.97,2.62,6.28,61.57,36.73,32.18,10.34,48.69,36.34,10.18,16.0,,102.39,11.26,2.04,,6.83,10.55,9.83,11.21,6.4,33.32,60.99,3.9,55.46,101.53,69.75,6.44,,33.7
2019-08-27 07:00:00,5.6,30.86,20.46,25.14,5.25,64.71,14.7,59.04,9.3,7.63,65.39,4.57,11.15,18.83,61.83,18.12,13.95,5.25,6.89,3.5,16.32,13.91,2.62,6.28,60.76,35.97,31.5,10.34,49.01,36.08,10.38,16.09,,101.15,11.19,2.04,,6.76,10.45,9.92,11.08,6.42,32.77,61.49,3.96,54.44,101.99,68.89,6.53,,33.32
2019-08-28 07:00:00,5.53,30.86,20.51,24.68,5.25,64.88,14.66,59.23,9.27,7.52,65.32,4.51,11.18,18.58,62.07,18.12,13.95,5.23,6.84,3.44,17.46,13.91,2.62,6.3,60.6,35.91,32.12,10.38,48.85,35.3,10.18,16.05,,101.86,11.19,2.04,,6.75,10.35,9.9,11.19,6.45,32.98,61.63,3.9,54.22,101.84,69.12,6.5,,33.51
2019-08-29 07:00:00,5.5,32.15,20.67,24.35,5.2,63.87,15.21,58.68,9.25,7.55,64.47,4.57,11.11,18.79,62.38,18.32,13.51,5.2,6.81,3.4,18.64,13.91,2.62,6.3,60.76,36.29,32.12,10.42,48.85,35.52,10.1,16.02,,102.24,11.19,2.04,,6.68,10.35,9.88,11.19,6.52,32.9,61.63,3.87,54.44,101.53,71.2,6.53,,33.17
2019-08-30 07:00:00,5.53,31.78,21.14,25.55,5.42,63.87,15.43,57.64,9.25,7.58,65.53,4.66,10.98,18.94,62.44,18.58,13.16,5.15,6.83,3.48,17.87,13.94,2.62,6.23,61.08,36.89,32.33,10.48,49.25,35.65,10.18,16.16,,102.24,11.61,2.04,,6.8,10.4,9.95,11.44,6.59,33.28,62.34,3.87,54.88,101.53,71.2,6.5,,33.27
2019-09-03 07:00:00,5.5,30.49,21.11,25.19,5.37,63.45,15.18,57.1,9.14,7.5,64.9,4.64,10.98,19.15,61.94,18.42,12.37,5.09,6.66,3.46,17.3,13.77,2.62,6.15,59.95,37.11,32.23,10.44,48.61,35.74,10.18,16.27,,102.02,11.61,2.01,,6.78,10.2,9.9,11.36,6.44,33.32,62.2,3.92,54.66,101.53,71.78,6.5,,33.08
2019-09-04 07:00:00,5.48,29.94,21.06,25.09,5.2,63.87,14.96,55.88,9.16,7.5,66.93,4.64,10.95,18.97,62.32,18.38,12.72,5.06,6.64,3.42,17.38,13.86,2.62,6.2,60.76,37.2,32.33,10.5,48.61,35.78,10.18,15.87,,98.68,11.71,2.04,,6.76,10.15,10.04,11.36,6.44,33.11,63.19,3.9,54.39,100.3,71.66,6.34,,32.84
2019-09-05 07:00:00,5.48,29.85,21.0,25.55,5.25,63.87,14.88,56.3,9.14,7.5,65.53,4.59,10.85,18.76,62.38,18.32,12.46,5.06,6.67,3.39,17.3,13.83,2.58,6.1,60.36,36.67,32.18,10.5,48.85,35.3,10.14,15.56,,100.19,11.82,2.01,,6.73,10.15,10.27,11.26,6.35,33.24,63.19,3.92,54.22,100.3,70.62,6.48,,32.93
2019-09-06 07:00:00,5.45,29.75,20.73,25.4,5.2,63.45,15.07,59.04,9.11,7.5,65.24,4.54,10.98,18.86,62.57,18.32,12.28,5.05,6.58,3.37,16.81,13.8,2.55,6.1,59.95,36.92,32.23,10.5,48.53,35.13,10.1,15.67,,100.19,11.86,2.01,,6.67,10.15,10.27,11.08,6.35,33.11,63.05,3.92,53.82,100.3,71.08,6.52,,32.93
2019-09-09 07:00:00,5.45,29.38,20.78,25.29,5.14,63.03,15.03,59.1,9.14,7.42,64.82,4.54,11.05,19.19,62.13,18.06,11.85,5.05,6.52,3.38,16.97,13.71,2.55,6.1,59.95,36.63,31.81,10.42,49.57,34.87,9.95,15.54,,100.19,11.86,2.01,,6.6,10.1,10.04,11.39,6.28,33.07,62.77,3.83,54.48,102.15,72.07,6.45,,32.84
2019-09-10 07:00:00,5.4,28.83,20.89,24.88,5.08,60.76,14.66,58.44,9.04,7.36,63.77,4.49,10.95,19.26,61.63,17.44,11.58,5.03,6.55,3.31,16.73,13.77,2.51,6.08,61.65,36.26,32.07,10.38,49.65,33.87,9.71,15.43,,99.06,11.86,2.01,,6.54,10.05,9.92,11.79,6.23,33.28,62.48,3.72,54.22,102.53,71.6,6.44,,32.55
2019-09-11 07:00:00,5.43,27.73,20.84,25.37,4.97,60.68,14.88,57.52,9.07,7.28,63.0,4.34,10.92,19.29,61.26,17.28,11.85,5.03,6.78,3.38,16.65,13.8,2.55,6.11,63.19,36.32,32.02,10.44,49.25,34.65,9.63,15.92,,98.87,11.86,2.01,,6.56,10.05,10.06,12.07,6.27,33.5,61.28,3.74,53.99,102.76,70.68,6.44,,32.79
2019-09-12 07:00:00,5.53,28.56,21.08,25.65,4.97,62.11,15.03,57.58,9.23,6.96,63.0,4.4,10.92,20.15,61.63,17.6,12.11,5.09,6.94,3.36,15.91,13.86,2.51,6.23,62.22,36.86,32.02,10.58,49.25,34.87,9.79,16.38,,98.38,12.03,2.01,,6.59,10.15,10.16,11.56,6.3,34.05,61.7,3.83,53.99,105.38,70.62,6.56,,32.79
2019-09-13 07:00:00,5.63,28.56,21.74,25.65,5.08,62.44,15.14,58.13,9.55,7.25,64.26,4.42,10.92,20.26,62.69,17.6,12.02,5.15,6.95,3.32,16.32,13.88,2.58,6.28,61.98,38.62,32.07,10.58,49.49,35.56,9.99,16.36,,99.44,12.31,2.04,,6.75,10.35,10.48,11.49,6.38,35.08,62.48,3.9,54.39,106.3,70.68,6.63,,32.79
2019-09-16 07:00:00,5.58,28.56,21.82,26.47,5.31,62.02,15.18,58.44,9.5,7.17,63.98,4.44,10.92,20.58,64.18,17.6,11.85,5.21,6.97,3.27,16.24,14.78,2.58,6.31,63.03,38.97,32.07,10.54,50.13,35.69,10.03,16.14,,99.44,12.63,2.07,,6.78,10.35,10.46,11.86,6.38,34.69,62.84,3.87,54.57,108.07,71.5,6.63,,32.84
2019-09-17 07:00:00,5.55,28.56,22.37,26.21,5.25,61.6,15.14,59.04,9.5,7.25,63.91,4.42,10.85,20.54,66.35,17.6,12.37,5.19,6.98,3.32,17.34,14.9,2.58,6.28,64.41,38.94,33.22,10.5,50.05,35.56,9.87,16.18,,100.15,12.66,2.04,,6.84,10.2,10.46,12.12,6.38,34.74,64.12,3.83,54.57,107.92,72.09,6.6,,33.03
2019-09-18 07:00:00,5.58,28.56,22.45,27.24,5.78,61.94,15.14,59.1,9.53,7.31,63.77,4.49,10.69,20.11,64.55,17.77,12.3,5.17,7.07,3.32,17.3,14.78,2.58,6.36,65.54,38.5,32.96,10.48,49.09,35.74,10.03,16.4,,99.92,12.59,2.04,,6.83,10.2,10.46,12.07,6.38,34.52,64.19,3.82,54.3,107.46,72.8,6.76,,32.79
2019-09-19 07:00:00,5.75,28.74,22.26,27.08,5.65,61.94,15.1,59.04,9.73,7.52,63.77,4.47,10.92,20.61,64.43,17.73,12.2,5.22,7.06,3.31,16.73,14.72,2.62,6.4,64.97,39.51,32.8,10.48,48.93,35.87,10.03,16.4,,99.85,12.56,2.14,,6.87,10.55,10.62,12.32,6.44,34.91,64.12,3.83,53.99,107.3,72.74,6.87,,32.93
2019-09-20 07:00:00,5.78,29.11,21.82,26.98,5.48,60.51,14.88,59.71,9.66,7.42,63.91,4.52,10.92,20.76,63.81,17.83,12.02,5.22,6.97,3.37,16.73,14.55,2.62,6.42,64.97,39.92,31.97,10.3,49.01,36.34,9.91,17.11,,100.56,12.63,2.1,,6.78,10.35,10.71,12.09,6.34,34.69,63.62,3.83,53.06,106.15,71.86,6.85,,32.79
2019-09-23 07:00:00,5.8,29.11,21.63,26.32,5.37,61.43,15.07,60.26,9.62,7.25,63.98,4.47,10.85,20.15,64.24,17.8,11.85,5.23,6.77,3.34,16.77,14.49,2.58,6.42,64.81,39.13,31.97,10.3,49.33,36.21,9.91,16.75,,100.04,12.59,2.14,,6.75,10.55,10.48,12.12,6.3,33.84,63.55,3.81,52.88,105.84,73.27,6.85,,32.55
2019-09-24 07:00:00,5.78,29.48,21.52,26.42,5.31,61.52,14.99,58.86,9.5,7.28,64.05,4.44,10.79,20.04,64.24,17.96,11.85,5.2,6.81,3.34,17.54,14.7,2.55,6.44,64.0,38.5,31.92,10.38,48.77,36.0,9.87,16.82,,99.06,12.63,2.1,,6.84,10.5,10.46,12.17,6.33,34.52,63.55,3.85,53.37,105.84,74.68,6.84,,32.64
2019-09-25 07:00:00,5.73,29.2,21.77,26.83,5.25,60.59,15.03,60.26,9.53,7.17,64.05,4.44,10.85,20.47,63.56,18.16,11.93,5.24,6.74,3.3,17.22,15.07,2.55,6.44,64.0,39.6,32.18,10.38,48.21,35.61,9.75,17.41,,99.06,12.63,2.1,,6.84,10.6,10.48,12.01,6.33,34.57,63.55,3.83,53.19,104.61,74.39,6.85,,32.35
2019-09-26 07:00:00,5.8,29.11,21.9,26.57,5.37,60.76,15.21,60.45,9.69,7.15,64.4,4.63,10.66,20.58,64.55,18.12,12.02,5.25,6.84,3.3,17.18,15.04,2.58,6.58,63.6,39.76,32.28,10.38,48.53,35.0,9.71,17.48,,99.25,12.66,2.17,,7.16,10.7,10.69,12.24,6.38,34.69,62.98,4.03,52.88,104.61,76.5,6.93,,31.63
2019-09-27 07:00:00,5.78,29.02,21.96,25.86,5.31,61.6,15.69,59.88,9.69,7.28,65.53,4.61,10.72,20.86,65.17,17.99,12.02,5.28,6.81,3.33,16.85,15.04,2.58,6.6,64.33,40.39,32.7,10.38,48.45,35.17,10.03,17.19,,100.38,12.63,2.14,,7.33,10.65,10.73,12.22,6.35,35.51,63.41,3.96,53.24,105.07,76.56,7.09,,32.11
2019-09-30 07:00:00,5.83,28.74,21.49,26.16,5.48,62.86,16.13,59.63,9.69,7.23,65.74,4.54,10.72,20.58,65.98,17.8,12.02,5.49,6.75,3.42,16.6,14.78,2.55,6.63,63.6,39.79,33.11,10.34,48.45,34.87,10.18,16.82,,99.28,12.56,2.14,,7.27,10.55,10.8,12.14,6.35,35.17,63.41,3.98,53.24,105.92,76.33,7.06,,31.97
2019-10-01 07:00:00,5.9,28.65,21.82,26.42,5.42,63.62,17.23,59.01,9.76,7.2,65.88,4.61,10.82,20.86,65.92,17.86,12.46,5.6,6.74,3.5,16.4,14.61,2.58,6.71,63.84,40.23,33.01,10.34,48.53,34.48,10.14,17.28,,98.68,12.52,2.14,,7.32,10.5,10.99,11.96,6.38,35.72,63.34,4.01,53.28,105.76,75.33,7.16,,31.58
2019-10-02 07:00:00,5.88,28.46,21.93,26.32,5.37,62.86,17.12,58.38,9.62,7.17,65.18,4.52,10.79,20.4,64.24,17.8,12.11,5.56,6.69,3.57,16.69,14.61,2.51,6.69,62.38,39.51,32.96,10.38,48.13,34.96,10.1,16.77,,99.77,12.56,2.1,,7.4,10.4,10.99,12.19,6.38,35.12,63.19,4.1,52.44,105.84,74.74,7.24,,30.9
2019-10-03 07:00:00,5.88,28.65,22.5,26.37,5.25,62.61,16.86,58.13,9.62,7.23,64.82,4.57,10.92,20.4,63.31,17.99,12.28,5.51,6.63,3.61,16.97,14.67,2.48,6.68,63.19,39.47,33.06,10.38,48.05,35.09,9.95,17.02,,98.68,12.49,2.14,,7.4,10.5,11.01,12.12,6.35,35.12,63.41,4.12,52.44,105.61,75.92,7.24,,30.9
2019-10-04 07:00:00,5.88,28.56,22.09,27.18,5.2,61.18,17.92,57.25,9.44,7.39,64.33,4.81,10.98,20.26,62.38,17.83,12.2,5.45,6.57,3.75,16.89,14.61,2.48,6.59,62.71,38.81,33.01,10.32,46.45,34.83,10.14,16.49,,97.18,12.49,2.1,,7.13,10.4,10.92,12.01,6.35,35.55,63.34,4.07,52.44,105.84,75.68,7.14,,30.81
2019-10-07 07:00:00,5.78,28.56,22.04,27.34,5.31,59.42,17.92,57.25,9.41,7.25,64.33,4.83,10.98,19.79,62.5,17.54,11.85,5.43,6.55,3.7,16.89,14.61,2.48,6.52,61.98,38.18,32.44,10.34,46.61,34.26,10.26,16.31,,97.93,12.52,2.1,,6.97,10.5,10.71,11.86,6.33,35.47,63.19,3.96,51.99,105.69,75.98,6.96,,30.42
2019-10-08 07:00:00,5.8,28.37,22.42,27.13,5.54,60.42,18.4,56.87,9.5,7.2,64.12,4.97,10.92,20.01,62.01,17.28,12.11,5.47,6.74,3.65,16.73,14.64,2.48,6.6,62.3,38.81,32.49,10.42,46.69,34.57,10.22,16.75,,97.36,12.59,2.1,,7.06,11.0,10.9,11.99,6.33,36.45,62.91,3.98,52.04,105.69,75.92,7.04,,30.18
2019-10-09 07:00:00,5.9,28.1,22.5,28.0,5.54,59.84,18.14,56.5,9.76,7.09,64.05,5.02,10.85,20.11,62.26,17.15,12.02,5.45,6.74,3.67,16.73,14.64,2.48,6.66,62.38,39.0,32.33,10.38,46.29,34.31,10.14,16.97,,96.16,12.59,2.1,,7.03,10.9,10.94,11.94,6.35,36.19,62.84,4.01,51.99,105.69,74.74,7.08,,30.9
2019-10-10 07:00:00,5.98,27.91,22.37,28.0,5.54,60.09,17.89,56.37,9.69,7.09,63.77,4.91,10.85,20.11,62.75,17.22,12.28,5.48,6.61,3.76,17.18,14.61,2.48,6.62,62.38,39.0,31.81,10.38,45.57,34.31,10.18,16.66,,96.16,12.63,2.1,,7.03,10.8,10.94,12.14,6.35,36.24,62.84,4.01,51.95,105.76,74.74,7.11,,31.29
2019-10-11 07:00:00,5.98,27.82,22.26,27.7,5.65,60.59,17.81,56.5,9.69,7.09,64.4,4.91,10.79,20.15,63.5,17.38,12.28,5.54,6.61,3.78,17.46,14.43,2.62,6.62,62.38,38.94,32.12,10.3,46.85,34.7,10.07,16.66,,97.06,12.66,2.14,,7.03,11.0,10.92,12.19,6.35,36.54,62.77,4.03,52.44,107.22,75.33,7.08,,31.24
2019-10-14 07:00:00,6.1,27.82,22.45,27.34,5.54,60.51,17.92,56.37,9.94,6.98,65.18,4.97,10.92,20.58,63.31,17.28,12.28,5.62,6.6,3.73,17.05,14.49,2.62,6.82,62.06,39.35,32.18,10.34,46.93,34.7,10.14,16.75,,97.36,13.16,2.17,,7.18,11.1,11.06,12.34,6.37,36.41,62.41,4.12,52.44,107.22,75.68,7.14,,30.61
2019-10-15 07:00:00,6.08,27.64,22.58,27.59,5.48,60.17,17.96,56.37,9.94,7.04,64.33,5.2,10.85,20.47,62.81,17.15,12.02,5.6,6.57,3.65,17.3,14.75,2.62,6.79,63.35,39.6,32.23,10.3,46.93,34.7,10.1,16.62,,96.72,13.23,2.17,,7.13,11.05,11.22,12.19,6.35,36.49,61.35,4.16,52.62,107.38,75.5,7.22,,30.76
2019-10-16 07:00:00,6.08,27.27,22.45,27.44,5.54,60.34,17.92,55.87,10.03,7.06,64.47,5.14,10.82,20.5,62.81,17.15,11.93,5.58,6.55,3.62,17.83,14.55,2.55,6.78,63.03,39.47,32.18,10.3,46.53,35.52,10.38,16.33,,96.42,13.19,2.17,,7.12,11.05,11.31,12.22,6.35,36.88,61.35,4.07,52.44,106.92,76.74,7.22,,30.76
2019-10-17 07:00:00,6.08,27.45,22.26,27.49,5.42,59.92,17.74,55.24,10.03,7.06,64.12,5.03,10.63,20.22,62.69,17.08,11.93,5.52,6.58,3.65,18.48,14.49,2.62,6.75,62.38,38.78,31.3,10.34,46.13,35.87,10.42,16.09,,95.29,13.16,2.17,,7.05,10.9,11.29,12.39,6.44,36.49,61.42,4.03,51.99,106.53,77.09,7.2,,30.76
2019-10-18 07:00:00,6.0,27.73,21.87,27.29,5.48,60.0,18.51,54.8,9.89,7.09,65.53,5.08,10.76,20.36,62.69,17.15,11.85,5.54,6.58,3.52,18.07,14.67,2.62,6.69,61.57,38.78,31.19,10.34,46.37,35.74,10.5,16.2,,94.95,13.16,2.14,,6.97,10.8,11.29,12.27,6.44,36.41,61.77,3.96,51.99,106.99,77.98,7.17,,30.81
2019-10-21 07:00:00,5.83,28.56,21.44,26.88,5.42,59.5,18.33,53.8,9.73,6.96,64.47,4.98,10.79,20.15,62.81,17.22,11.85,5.54,6.52,3.42,17.58,14.55,2.55,6.59,60.76,38.78,31.3,10.38,46.05,35.56,10.38,16.18,,92.28,13.12,2.1,,6.87,10.95,11.06,11.94,6.44,36.06,61.42,3.9,51.95,107.69,78.62,7.04,,30.81
2019-10-22 07:00:00,5.85,28.56,21.82,27.49,5.42,59.25,17.89,51.98,9.89,7.01,65.88,4.8,10.79,20.08,62.94,17.34,11.58,5.54,6.64,3.66,17.5,14.96,2.55,6.65,60.27,38.84,31.4,10.36,46.05,36.0,10.3,15.89,,94.88,12.91,2.14,,6.9,11.0,11.1,11.46,6.34,36.58,61.06,3.92,51.9,110.69,77.98,7.01,,30.81
2019-10-23 07:00:00,5.85,28.46,21.87,27.18,5.48,59.5,17.74,52.1,9.82,7.04,65.67,4.9,10.72,20.11,62.81,17.8,11.93,5.6,6.72,3.59,17.79,14.99,2.51,6.66,61.41,38.87,31.4,10.38,45.81,35.91,10.26,16.0,,94.92,13.09,2.1,,6.87,11.0,11.08,11.56,6.35,36.54,60.99,3.96,52.04,110.76,77.86,7.09,,31.15
2019-10-24 07:00:00,5.88,28.37,21.98,27.03,5.48,59.42,17.85,52.29,9.85,7.01,65.53,4.88,10.72,20.76,63.56,17.67,12.72,5.78,6.77,3.65,18.11,15.45,2.51,6.68,61.25,40.23,31.61,10.38,46.05,36.3,10.34,16.18,,95.29,13.12,2.14,,7.03,10.95,11.04,11.51,6.38,37.22,61.14,3.98,52.08,111.46,78.04,6.98,,31.58
2019-10-25 07:00:00,5.88,28.1,21.93,27.18,5.65,60.09,17.52,51.47,10.08,7.01,64.61,4.78,10.72,20.68,63.62,17.8,12.72,5.72,6.7,3.67,17.95,15.45,2.51,6.75,60.44,40.36,31.4,10.38,46.29,36.08,10.42,16.31,,96.42,13.16,2.1,,7.03,10.9,11.04,11.06,6.35,37.69,61.06,3.96,52.08,112.22,79.15,7.04,,31.44
2019-10-28 07:00:00,5.9,27.64,22.15,27.13,5.54,59.67,17.48,49.9,10.08,7.04,65.53,4.76,10.79,20.72,63.87,17.54,12.55,5.72,6.83,3.7,17.91,15.45,2.51,6.69,60.36,40.26,30.72,10.36,46.45,36.21,10.34,16.14,,96.99,13.37,2.17,,7.02,10.85,11.01,11.08,6.31,37.44,61.06,3.96,52.3,111.53,78.74,7.06,,31.34
2019-10-29 07:00:00,5.9,28.1,22.15,27.08,5.54,59.58,17.3,49.4,10.1,7.04,65.24,4.83,10.79,20.65,63.43,17.48,12.64,5.7,6.83,3.62,17.71,15.36,2.55,6.65,59.95,40.07,30.67,10.36,46.69,35.82,10.18,16.73,,97.93,13.3,2.14,,6.98,10.65,10.96,11.14,6.34,37.01,62.2,3.94,52.35,110.38,78.92,7.01,,31.48
2019-10-30 07:00:00,6.05,27.73,21.93,27.29,5.48,59.5,17.37,49.78,10.14,7.04,64.9,4.76,10.72,20.61,64.06,17.48,12.64,5.72,6.77,3.64,17.75,15.28,2.58,6.71,59.95,39.41,30.78,10.36,47.49,36.0,10.22,16.62,,98.3,13.3,2.14,,7.05,10.7,11.01,11.54,6.38,37.61,63.05,3.94,53.15,111.38,77.68,6.98,,32.11
2019-10-31 07:00:00,6.0,28.1,22.15,27.13,5.54,60.59,17.52,49.59,10.08,6.96,64.9,4.64,10.72,20.65,64.24,17.34,12.28,5.83,6.7,3.64,17.75,15.19,2.58,6.69,60.11,39.32,30.88,10.34,47.49,36.13,10.3,16.53,,98.12,13.19,2.14,,7.05,10.8,10.96,11.41,6.37,37.56,63.19,3.87,52.88,111.53,76.5,6.88,,32.06
2019-11-01 07:00:00,6.02,27.91,22.37,27.08,5.6,62.19,17.96,47.77,10.21,7.04,64.82,4.73,10.72,20.86,64.86,17.34,12.2,5.8,6.74,3.67,17.67,15.07,2.55,6.68,61.33,39.51,30.62,10.3,47.57,36.13,10.7,16.6,,97.93,13.19,2.14,,7.1,10.9,10.99,11.71,6.37,38.04,67.6,3.94,54.44,111.92,77.92,6.88,,33.85
2019-11-04 07:00:00,6.12,27.64,23.02,26.88,5.71,62.19,17.85,46.77,10.28,7.01,65.88,4.64,10.72,21.36,65.48,17.48,12.2,5.84,6.69,3.63,17.62,15.42,2.62,6.78,61.81,39.79,30.72,10.3,47.73,37.12,10.86,16.89,,97.93,12.74,2.17,,7.18,10.9,11.27,11.74,6.35,39.41,68.16,3.96,54.08,111.76,77.27,7.04,,33.7
2019-11-05 07:00:00,6.12,27.27,23.18,26.98,5.71,63.2,17.81,46.77,10.26,6.98,65.88,4.64,11.31,21.32,66.41,17.82,12.2,5.84,6.74,3.64,17.95,15.77,2.58,6.76,61.57,39.63,30.36,10.3,47.81,36.95,10.82,16.71,,97.93,12.88,2.17,,7.2,10.95,11.45,11.81,6.4,38.89,69.51,3.94,53.99,112.07,76.03,7.12,,34.38
2019-11-06 07:00:00,6.12,27.08,23.02,27.34,5.71,63.11,17.59,47.14,10.21,7.01,65.81,4.68,11.31,21.22,65.67,17.58,12.37,5.76,6.77,3.75,17.99,15.68,2.62,6.85,61.57,39.32,30.46,10.34,47.41,36.86,10.74,16.71,,97.93,12.98,2.17,,7.16,11.0,11.45,11.94,6.38,38.98,70.58,3.94,54.17,110.38,76.56,7.09,,33.95
2019-11-07 07:00:00,6.12,26.99,23.47,27.29,5.71,62.27,17.59,47.08,10.19,7.36,65.18,4.69,11.96,21.22,65.86,17.54,12.2,5.77,6.98,3.77,17.83,15.77,2.62,6.84,61.98,39.54,30.15,10.34,47.17,36.95,10.74,16.97,,97.93,13.3,2.2,,7.28,10.9,11.47,11.94,6.38,39.11,70.65,4.01,53.68,110.15,75.98,7.04,,33.99
2019-11-08 07:00:00,6.17,26.99,23.3,27.08,5.71,61.85,17.59,46.77,10.21,7.34,65.88,4.68,11.96,21.25,65.61,17.44,12.28,5.87,6.98,3.76,17.83,15.65,2.62,6.81,62.22,39.32,30.26,10.46,47.25,37.17,10.66,16.8,,97.93,13.33,2.2,,7.28,10.85,11.61,11.81,6.41,39.19,69.94,3.98,53.55,110.15,76.03,7.09,,33.46
2019-11-11 07:00:00,6.15,26.81,23.3,26.93,5.65,61.85,17.67,45.82,10.05,7.25,65.81,4.66,11.96,21.4,64.74,17.34,12.2,5.86,7.01,3.76,17.95,15.54,2.62,6.82,60.36,38.46,30.15,10.42,47.33,36.74,10.58,16.6,,96.08,13.3,2.17,,7.16,10.8,11.64,11.89,6.41,39.11,70.08,3.94,52.84,109.84,76.09,7.01,,33.51
2019-11-12 07:00:00,6.15,26.62,23.75,26.78,5.77,62.02,17.78,44.76,10.08,7.25,65.88,4.83,12.02,21.75,65.17,17.27,12.11,5.84,7.07,4.02,17.79,15.22,2.75,6.78,60.76,38.59,30.15,10.42,47.73,36.99,10.58,16.58,,96.04,13.3,2.17,,7.15,10.75,11.64,12.24,6.41,39.28,69.44,3.96,53.06,110.38,75.03,6.93,,33.51
2019-11-13 07:00:00,6.22,26.44,24.2,26.47,5.71,61.35,17.59,44.07,10.01,7.28,65.88,4.76,12.09,21.58,65.17,17.23,12.2,5.84,6.97,3.98,17.79,15.22,2.72,6.76,60.19,37.83,29.69,10.38,47.73,37.3,10.58,16.58,,94.92,13.3,2.17,,7.15,10.8,11.45,12.57,6.4,38.76,68.94,3.94,52.88,110.38,73.86,6.88,,33.51
2019-11-14 07:00:00,6.1,26.34,23.98,26.37,5.77,61.77,17.52,43.31,9.89,7.31,67.84,4.78,12.19,20.79,66.1,17.16,12.2,5.74,6.97,4.0,17.14,15.19,2.72,6.68,60.92,36.86,30.36,10.38,48.13,36.86,10.58,16.25,,94.92,13.23,2.14,,7.08,10.7,11.43,12.87,6.37,38.93,68.45,3.9,53.02,110.3,74.09,6.72,,33.8
2019-11-15 07:00:00,6.08,26.07,23.7,26.98,5.82,62.37,17.37,43.25,9.94,7.31,67.28,4.76,12.25,20.9,67.03,17.2,12.11,5.62,6.97,3.95,17.05,15.19,2.75,6.62,60.36,37.39,30.36,10.38,47.97,36.99,10.62,16.36,,94.92,13.23,2.14,,6.97,10.7,11.52,13.15,6.31,38.42,68.38,3.92,53.15,110.22,72.39,6.85,,33.99
2019-11-18 07:00:00,6.0,25.79,23.3,26.72,5.82,62.2,17.59,44.38,9.8,7.17,66.58,4.74,12.19,20.5,67.34,17.16,12.11,5.68,7.04,4.03,16.93,15.1,2.72,6.58,60.27,37.17,30.2,10.34,47.41,36.6,10.78,16.47,,95.29,13.23,2.1,,6.93,10.6,11.31,13.3,6.3,37.52,68.38,3.87,52.48,110.38,71.09,6.79,,33.99
2019-11-19 07:00:00,6.02,25.79,23.5,27.59,5.82,61.77,18.11,44.57,9.85,7.17,65.6,4.66,11.93,20.79,66.72,17.2,12.02,5.7,7.01,4.15,16.97,15.07,2.72,6.62,59.95,37.55,30.26,10.34,48.05,36.65,10.86,16.75,,94.54,13.23,2.1,,6.97,10.6,11.45,12.92,6.34,38.98,68.52,3.9,52.04,110.76,73.21,6.82,,34.09
2019-11-20 07:00:00,5.95,25.79,23.44,27.8,5.77,61.43,17.81,44.51,9.76,7.28,65.24,4.66,11.7,20.26,65.17,17.06,12.28,5.72,6.89,4.13,17.26,15.1,2.72,6.58,59.63,36.95,30.31,10.34,47.81,36.17,10.82,16.62,,92.77,13.16,2.14,,6.9,10.4,11.29,13.2,6.33,38.34,68.31,3.9,51.55,111.46,72.97,6.69,,33.95
2019-11-21 07:00:00,5.98,25.98,23.25,27.54,5.71,60.07,18.18,42.68,9.76,7.31,65.88,4.44,10.89,19.97,64.61,16.86,12.46,5.63,6.77,4.17,17.05,15.22,2.65,6.52,57.93,35.81,29.58,10.3,47.81,35.78,10.82,16.42,,90.77,13.09,2.1,,6.74,10.2,10.87,12.87,6.33,37.48,67.67,3.87,51.24,110.3,71.8,6.4,,33.8
2019-11-22 07:00:00,5.78,25.98,22.68,26.62,5.54,60.41,17.59,41.18,9.66,7.23,65.88,4.47,11.05,19.97,63.99,16.51,12.28,5.51,6.8,3.88,16.73,15.22,2.62,6.5,57.12,35.34,29.58,10.26,46.77,35.39,10.5,16.18,,88.51,12.8,2.07,,6.64,10.25,10.66,13.77,6.18,36.62,66.39,3.87,51.64,109.99,71.5,6.47,,33.61
2019-11-25 07:00:00,5.83,26.62,22.4,26.78,5.48,61.43,17.59,41.87,9.69,7.2,65.39,4.51,11.28,20.18,63.99,16.51,12.02,5.51,6.84,3.83,16.52,15.28,2.62,6.52,57.93,35.34,29.69,10.26,47.25,35.95,10.5,16.0,,87.76,12.8,2.07,,6.68,10.15,10.78,14.15,6.18,36.19,66.18,3.83,51.55,109.99,72.33,6.47,,32.64
2019-11-26 07:00:00,5.88,26.53,22.57,26.83,5.48,60.83,17.34,41.87,9.71,7.2,66.23,4.35,11.21,20.36,63.31,16.65,12.11,5.51,6.97,3.86,16.73,15.39,2.62,6.59,57.93,35.81,29.32,10.26,47.41,36.13,10.58,16.09,,86.63,13.02,2.07,,6.6,10.15,10.85,14.28,6.21,36.28,66.25,3.83,51.19,110.22,72.39,6.55,,32.93
2019-11-27 07:00:00,5.78,26.25,23.02,26.67,5.42,60.49,17.08,41.62,9.64,7.34,65.88,4.44,11.05,20.33,63.31,16.51,12.11,5.35,6.95,3.96,16.52,15.33,2.62,6.58,57.52,35.72,29.32,10.38,46.93,35.69,10.46,15.98,,86.82,13.16,2.04,,6.55,10.1,10.8,14.07,6.21,36.96,66.03,3.85,51.37,110.53,71.86,6.53,,32.79
2019-11-28 07:00:00,5.7,26.07,22.94,26.37,5.37,59.72,16.97,40.17,9.37,7.31,65.46,4.39,11.11,19.97,62.57,16.41,12.02,5.18,6.95,3.89,16.48,15.33,2.62,6.43,56.31,34.39,29.43,10.22,46.45,35.17,10.18,15.83,,86.63,13.16,2.01,,6.55,10.1,10.6,14.51,6.18,36.54,65.04,3.81,51.42,111.22,71.86,6.42,,32.35
2019-11-29 07:00:00,5.75,25.15,22.85,26.62,5.37,59.9,17.59,39.86,9.37,7.28,65.32,4.4,11.11,20.11,62.38,16.34,11.93,5.25,7.03,3.96,16.83,15.3,2.62,6.44,56.71,34.39,29.48,10.26,46.13,35.22,10.1,15.94,,85.12,13.16,1.94,,6.54,10.1,10.6,14.66,6.21,36.54,65.25,3.78,51.42,111.46,71.5,6.45,,33.27
2019-12-02 07:00:00,5.63,25.7,22.23,26.52,5.2,58.36,16.86,39.55,9.07,7.17,65.88,4.35,10.82,19.47,60.83,16.17,11.41,5.06,7.06,4.0,16.57,15.3,2.55,6.23,55.9,34.2,29.12,10.3,45.41,34.7,9.95,15.78,,86.25,13.05,1.91,,6.44,10.0,10.5,14.33,6.2,35.77,65.25,3.76,51.1,112.38,69.62,6.24,,32.84
2019-12-03 07:00:00,5.63,25.7,22.4,26.01,5.14,56.83,16.64,39.23,8.98,7.28,65.88,4.35,10.98,19.43,60.33,16.06,10.7,5.06,7.21,4.08,16.57,15.39,2.51,6.27,52.01,34.46,29.17,10.46,44.76,35.13,9.79,15.74,,86.29,13.02,1.94,,6.37,9.75,10.43,14.79,6.17,35.12,65.18,3.67,51.1,111.84,68.5,5.99,,32.84
2019-12-04 07:00:00,5.75,26.07,22.77,26.44,5.25,56.91,16.64,39.23,9.37,7.31,65.6,4.35,10.92,19.76,61.63,16.17,11.06,5.41,7.21,4.13,16.57,15.51,2.51,6.46,50.63,35.66,29.27,10.69,45.65,35.74,10.03,16.0,,86.89,13.05,1.98,,6.54,10.1,10.85,14.84,6.21,36.28,65.18,3.76,51.33,111.92,69.91,6.32,,32.93
2019-12-05 07:00:00,5.73,26.07,22.57,26.12,5.2,56.4,16.64,39.99,9.21,7.31,65.88,4.35,10.92,19.58,60.83,16.03,11.06,5.52,7.1,4.07,16.53,15.65,2.51,6.36,50.23,34.9,29.32,11.01,45.08,35.56,9.99,15.87,,87.31,13.09,1.98,,6.47,10.05,10.76,14.35,6.18,36.32,65.32,3.74,51.46,111.84,69.33,6.28,,33.32
2019-12-06 07:00:00,5.73,26.25,22.37,25.72,5.25,56.06,16.86,41.05,9.3,8.04,65.6,4.46,11.02,19.61,60.83,15.69,11.06,5.51,7.34,4.09,16.53,15.68,2.51,6.36,50.63,34.96,29.58,10.97,45.16,35.65,9.99,15.87,,87.76,13.12,1.98,,6.44,10.0,10.71,14.4,6.16,36.36,65.32,3.72,51.5,111.07,68.44,6.28,,33.42
2019-12-09 07:00:00,5.7,26.34,22.57,25.0,5.2,55.98,16.93,40.43,9.23,7.74,67.14,4.56,10.92,19.72,61.94,15.82,10.88,5.54,7.44,4.28,16.57,15.57,2.48,6.24,49.01,34.99,29.43,11.13,45.08,35.65,9.95,15.98,,88.81,13.12,1.98,,6.47,9.95,10.55,14.1,6.1,36.49,65.32,3.72,51.5,111.15,69.5,6.21,,33.99
2019-12-10 07:00:00,5.68,26.25,22.51,25.05,5.14,57.68,16.75,39.42,9.18,7.82,66.93,4.46,10.85,19.79,60.77,15.76,10.97,5.49,7.5,4.28,16.31,15.54,2.48,6.14,45.85,35.03,28.65,11.15,44.52,35.91,9.75,16.14,,87.8,13.09,1.94,,6.34,10.05,10.36,14.07,6.01,36.58,64.97,3.7,51.5,110.61,69.56,6.1,,33.7
2019-12-11 07:00:00,5.7,26.07,22.63,24.89,4.97,57.94,16.49,39.23,9.09,7.8,66.79,4.49,10.85,20.15,60.89,15.76,10.79,5.54,7.5,4.24,16.31,15.51,2.48,6.34,45.13,35.66,29.06,11.05,43.8,36.47,9.87,16.22,,87.8,13.09,1.98,,6.27,10.05,10.5,14.89,5.96,36.79,64.68,3.72,51.5,110.69,69.8,6.16,,33.8
2019-12-12 07:00:00,5.73,26.07,23.13,26.06,4.97,57.94,16.68,39.55,9.23,7.58,66.79,4.49,10.89,20.33,60.77,15.89,10.88,5.54,7.44,4.31,16.48,15.65,2.51,6.34,47.39,35.78,29.06,11.01,44.2,36.43,9.79,16.25,,87.84,13.05,1.94,,6.4,10.1,10.71,15.45,5.96,37.48,64.76,3.72,51.55,111.69,70.15,6.29,,33.56
2019-12-13 07:00:00,5.78,26.07,23.64,25.48,5.03,57.94,16.68,38.92,9.44,7.5,66.58,4.52,10.92,20.36,60.83,16.24,10.97,5.54,7.32,4.27,16.31,15.71,2.55,6.34,46.99,35.66,28.54,10.95,44.36,36.21,9.75,16.09,,87.84,13.02,1.94,,6.34,10.05,10.71,15.15,5.96,37.86,63.26,3.74,51.55,111.15,69.44,6.29,,32.4
2019-12-16 07:00:00,5.73,26.62,23.64,25.42,4.97,61.94,16.68,39.48,9.3,7.58,65.88,4.59,10.98,20.15,60.95,16.44,10.97,5.46,7.3,4.29,16.4,15.71,2.51,6.23,45.94,35.72,29.06,10.93,45.0,36.26,9.99,16.14,,87.76,13.05,2.07,,6.29,10.05,10.71,14.94,5.96,36.84,61.14,3.74,51.46,109.99,69.86,6.28,,32.74
2019-12-17 07:00:00,5.68,26.71,23.39,25.21,4.85,61.51,16.68,38.86,9.27,7.55,66.3,4.57,11.05,19.76,60.52,16.17,10.88,5.34,7.12,4.12,16.05,15.42,2.48,6.12,45.45,35.75,29.06,10.95,44.52,35.65,9.75,15.87,,87.76,13.05,2.04,,6.16,10.05,10.53,15.04,5.96,36.54,60.71,3.74,51.46,109.69,68.91,6.18,,31.77
2019-12-18 07:00:00,5.6,26.99,23.7,24.63,4.68,62.2,16.64,38.73,9.23,7.34,66.23,4.49,11.02,19.79,59.28,16.2,10.53,5.24,6.94,4.11,15.97,15.22,2.45,6.11,45.69,34.71,28.86,10.77,44.52,35.09,9.75,15.83,,87.76,12.84,2.01,,6.08,9.94,10.5,15.1,5.9,37.14,59.57,3.76,51.46,109.76,69.8,6.16,,30.86
2019-12-19 07:00:00,5.6,27.17,23.81,24.79,4.63,60.92,16.49,38.29,9.23,7.36,64.96,4.39,10.79,19.9,59.46,16.37,10.53,5.19,7.01,4.14,15.88,15.25,2.45,6.02,45.04,34.71,28.91,10.56,44.36,35.35,9.83,15.78,,87.76,12.66,2.01,,5.98,9.93,10.34,14.35,5.9,37.69,59.57,3.78,51.46,109.69,70.44,6.15,,31.29
2019-12-20 07:00:00,5.65,27.64,24.12,25.05,4.63,61.77,16.6,36.41,9.32,7.25,65.53,4.4,11.02,20.15,59.59,16.41,10.44,5.19,7.07,4.26,15.88,15.42,2.51,6.11,44.56,34.93,28.91,10.64,45.57,35.91,9.75,15.78,,88.17,12.95,2.01,,6.04,10.0,10.55,14.38,5.96,37.82,59.78,3.81,51.46,109.61,70.62,6.28,,31.82
2019-12-23 07:00:00,5.68,27.54,25.25,25.05,4.8,61.34,16.2,34.96,9.41,7.17,63.84,4.42,11.15,20.01,59.46,16.72,9.83,5.21,7.09,4.16,15.88,15.42,2.51,6.12,41.8,35.03,29.06,10.68,44.92,36.74,9.79,15.65,,88.36,12.95,2.01,,6.06,10.2,10.69,15.38,5.96,38.93,59.5,3.85,51.42,109.92,69.44,6.2,,31.77
2019-12-24 07:00:00,5.65,27.64,25.33,24.84,4.74,59.3,16.13,33.33,9.44,7.05,63.91,4.57,11.21,20.11,59.77,16.48,9.21,5.31,7.14,4.16,15.88,15.57,2.48,6.04,44.15,35.12,29.06,10.64,44.92,36.65,9.79,15.83,,87.76,12.98,2.01,,6.06,10.1,10.64,15.4,5.97,38.55,59.43,3.85,51.33,110.38,69.8,6.18,,31.77
2019-12-25 07:00:00,5.7,27.27,25.5,24.81,4.74,58.53,16.57,34.84,9.44,7.05,65.04,4.56,11.18,20.5,60.14,16.48,9.48,5.29,7.12,4.13,16.31,15.57,2.48,6.11,45.13,35.94,29.32,10.56,44.92,37.08,9.71,15.7,,87.57,12.95,2.01,,6.01,10.1,10.64,15.56,5.96,38.51,59.43,3.94,51.33,110.61,69.44,6.26,,31.68
2019-12-26 07:00:00,5.63,27.64,24.94,24.97,4.63,57.94,16.35,34.65,9.44,7.02,64.47,4.54,11.11,20.47,59.71,16.17,9.39,5.25,7.07,4.03,16.74,15.57,2.48,6.07,46.18,35.75,29.53,10.56,44.76,37.12,9.67,15.65,,87.91,13.02,1.98,,6.02,10.1,10.66,15.97,6.0,38.29,59.78,3.92,51.28,110.53,69.44,6.31,,32.16
2019-12-27 07:00:00,5.65,27.64,26.07,24.55,4.68,58.62,16.13,33.83,9.46,7.0,64.82,4.49,10.98,20.54,60.21,16.17,9.21,5.35,7.24,4.01,16.57,15.59,2.55,6.08,46.1,35.81,30.05,10.95,45.16,37.52,9.28,15.83,,86.82,13.02,2.07,,5.98,10.15,10.73,16.22,5.98,38.76,60.0,3.9,51.19,110.46,70.16,6.31,,32.26
2019-12-30 07:00:00,5.65,27.64,26.01,24.23,4.63,59.13,16.57,33.21,9.64,6.86,64.47,4.44,11.57,20.9,59.83,16.03,8.95,5.33,7.27,4.05,16.74,15.65,2.58,6.1,46.26,35.97,30.36,10.95,44.84,37.52,9.08,16.16,,86.63,13.02,2.07,,5.99,10.1,10.85,16.43,5.98,39.33,60.71,3.87,51.1,111.07,69.15,6.34,,33.32
2019-12-31 07:00:00,5.68,27.73,26.04,24.04,4.68,58.45,16.49,32.2,9.57,6.86,64.12,4.4,11.57,20.79,58.16,16.03,9.3,5.46,7.23,3.98,16.7,15.59,2.62,6.05,45.77,35.97,30.88,10.85,44.84,37.3,9.04,16.0,,85.88,13.02,2.1,,5.96,10.05,10.9,16.71,5.97,38.98,60.21,3.83,51.1,112.46,69.15,6.4,,32.84
2020-01-02 07:00:00,5.73,27.27,26.46,24.01,4.68,58.79,16.57,33.14,9.85,6.94,64.47,4.4,11.5,20.9,58.72,15.96,9.92,5.51,7.38,4.17,16.83,15.36,2.58,6.17,46.18,36.92,29.84,10.81,45.24,37.91,9.4,16.29,,84.37,13.09,2.17,,6.08,10.2,11.01,17.04,6.04,39.24,60.28,3.9,51.1,113.84,69.98,6.58,,33.17
2020-01-03 07:00:00,5.73,26.99,26.35,23.94,4.63,58.45,16.93,33.46,9.76,6.83,63.91,4.35,11.21,20.54,58.84,15.65,10.27,5.46,7.43,4.07,17.0,15.3,2.58,6.18,46.58,36.38,29.06,10.52,45.73,37.65,9.24,16.09,,84.6,13.09,2.1,,6.02,10.2,10.94,17.24,6.1,38.85,60.5,3.87,51.24,113.84,70.22,6.53,,33.42
2020-01-06 07:00:00,5.6,26.71,25.84,23.78,4.85,57.59,16.86,33.02,9.78,6.69,63.91,4.32,11.37,20.33,60.7,15.31,10.09,5.35,7.38,4.09,16.44,15.36,2.51,6.1,45.85,36.19,28.96,10.62,45.89,37.21,8.96,16.07,,84.29,13.09,2.07,,6.01,10.05,10.66,17.19,6.0,37.81,59.22,3.81,50.88,112.3,69.68,6.39,,32.5
2020-01-07 07:00:00,5.6,25.98,26.35,23.78,4.74,57.51,17.08,32.33,9.94,6.83,62.51,4.27,11.34,20.72,60.27,14.96,9.83,5.29,7.29,4.04,17.0,15.25,2.51,6.11,46.02,36.48,29.22,9.9,45.24,37.69,8.88,16.16,,84.37,13.16,2.07,,6.02,10.15,10.73,17.45,6.01,37.94,59.5,3.81,50.97,112.22,70.33,6.52,,32.79
2020-01-08 07:00:00,5.5,25.79,26.57,23.4,4.63,56.23,15.98,31.64,9.91,6.49,60.27,4.25,11.24,20.26,60.21,14.45,9.48,5.29,7.21,4.01,16.83,14.78,2.51,6.02,45.37,35.59,28.02,10.58,44.6,36.91,8.49,15.74,,84.07,13.09,2.07,,5.86,9.98,10.53,17.5,5.93,37.6,58.58,3.74,50.79,111.38,70.51,6.44,,31.58
2020-01-09 07:00:00,5.58,25.61,28.01,23.94,4.51,55.46,16.79,31.51,10.28,6.74,62.37,4.42,11.34,20.54,59.09,14.93,9.65,5.45,7.38,4.12,16.31,14.84,2.51,6.12,46.18,36.13,28.86,10.77,45.0,37.38,8.6,15.74,,85.5,13.16,2.1,,5.93,10.15,10.66,17.58,5.98,38.33,59.15,3.76,50.97,112.46,70.39,6.64,,32.84
2020-01-10 07:00:00,5.65,25.61,28.94,24.36,4.4,57.08,17.45,31.1,10.79,6.74,61.67,4.34,11.7,20.5,59.52,15.14,9.83,5.56,7.44,4.12,16.57,14.84,2.62,6.23,45.77,36.32,28.96,10.5,44.6,38.38,8.76,15.74,,87.95,13.16,2.3,,6.04,10.5,10.71,17.73,6.1,38.68,60.0,3.76,51.02,112.46,70.57,6.74,,32.79
2020-01-13 07:00:00,5.7,26.44,28.27,23.94,4.28,56.83,17.41,31.2,10.62,6.77,61.04,4.39,11.7,20.36,59.15,14.79,9.92,5.52,7.46,4.05,16.61,14.84,2.58,6.2,46.18,36.13,28.54,10.21,44.76,38.6,8.68,15.76,,88.1,13.16,2.33,,6.04,10.4,10.62,17.86,6.11,38.63,61.28,3.83,51.06,112.69,69.68,6.6,,32.59
2020-01-14 07:00:00,5.85,26.71,28.27,24.2,4.23,56.23,18.03,31.14,10.76,6.91,63.07,4.35,11.7,20.33,58.9,14.79,9.83,5.54,7.69,4.13,16.57,14.84,2.58,6.26,45.85,35.94,28.75,10.64,44.44,38.56,8.6,15.78,,87.76,13.12,2.33,,6.08,10.3,10.6,18.73,6.16,38.63,61.28,3.87,51.1,112.3,69.92,6.77,,32.59
2020-01-15 07:00:00,5.8,26.53,28.78,24.2,4.17,56.15,18.99,31.04,10.81,6.91,62.37,4.34,11.7,20.33,58.34,14.69,9.74,5.5,7.73,4.31,16.4,14.84,2.58,6.24,45.77,35.97,28.54,10.6,44.36,39.03,8.6,15.67,,88.14,13.16,2.4,,6.08,10.25,10.6,19.96,6.17,38.59,61.28,3.83,51.1,112.3,69.92,6.93,,32.06
2020-01-16 07:00:00,5.95,26.62,30.47,24.09,4.23,56.23,19.06,30.95,11.4,6.88,61.25,4.25,11.41,20.68,57.91,14.58,9.83,5.67,7.78,4.34,16.48,14.96,2.62,6.4,45.53,36.41,29.06,10.6,44.6,38.99,8.68,16.05,,87.87,13.09,2.43,,6.31,10.4,10.78,19.93,6.21,38.68,61.14,3.87,51.1,112.3,70.16,7.0,,31.68
2020-01-17 07:00:00,5.92,26.81,30.19,24.31,4.17,56.15,19.06,33.08,11.43,6.94,61.67,4.25,11.57,20.54,57.85,14.72,10.0,5.65,7.69,4.3,16.4,14.96,2.62,6.4,44.56,36.63,29.06,10.6,45.0,39.34,8.53,16.09,,88.32,13.02,2.36,,6.36,10.6,10.83,20.26,6.11,40.84,61.06,3.85,51.06,113.99,70.39,7.01,,31.48
2020-01-20 07:00:00,6.05,26.99,30.07,24.15,4.28,55.72,19.06,33.58,11.5,6.97,61.95,4.29,11.57,20.47,57.97,14.65,10.09,5.6,7.84,4.23,16.4,14.96,2.65,6.4,43.99,37.42,29.06,10.6,44.84,39.9,8.45,16.2,,88.89,13.02,2.33,,6.36,10.7,10.8,20.31,6.1,40.62,61.06,3.87,51.06,113.07,70.63,7.2,,30.9
2020-01-21 07:00:00,6.1,26.99,30.47,24.15,4.85,56.15,18.99,33.27,11.59,6.97,61.88,4.3,11.37,19.79,58.9,14.72,10.35,5.73,7.95,4.36,16.4,14.99,2.65,6.56,44.15,37.87,29.06,10.77,45.57,39.47,8.6,16.44,,87.76,12.98,2.4,,6.36,10.9,11.13,20.47,6.1,40.62,62.13,3.94,51.06,113.07,71.82,7.54,,31.48
2020-01-22 07:00:00,6.1,26.9,31.31,24.15,4.8,57.08,18.69,33.52,11.72,7.08,61.67,4.29,11.34,20.15,58.9,14.83,10.62,5.74,8.09,4.58,16.48,15.01,2.72,6.52,43.26,37.61,29.06,10.97,45.89,39.6,8.76,16.31,,87.57,13.09,2.49,,6.37,10.9,11.2,20.75,6.1,40.36,63.48,3.94,51.06,112.69,72.0,7.56,,31.48
2020-01-30 07:00:00,5.88,26.62,29.73,23.67,4.68,53.76,18.33,33.21,11.15,7.19,65.18,4.23,11.67,19.51,57.1,14.1,10.09,5.54,7.78,4.41,16.44,14.78,2.58,6.18,40.59,35.97,28.6,10.87,44.36,38.04,8.76,15.78,,82.11,13.09,2.43,,6.11,10.35,10.6,20.8,6.07,38.42,62.06,3.83,51.06,107.69,69.21,7.27,,29.89
2020-01-31 07:00:00,5.73,25.79,29.06,22.6,4.34,50.1,17.96,34.96,11.18,6.91,69.73,3.95,11.6,18.54,53.69,13.14,9.48,5.35,7.41,4.15,16.23,14.49,2.51,6.05,40.59,34.96,28.6,10.79,42.44,36.56,8.29,14.94,,79.85,13.05,2.43,,5.84,10.2,9.99,21.01,5.93,38.33,62.13,3.78,51.02,100.15,64.4,7.19,,29.02
2020-02-03 07:00:00,5.63,22.29,30.19,22.44,4.23,47.37,17.78,32.77,11.52,6.72,71.9,3.79,11.5,18.36,51.64,13.04,9.13,5.35,7.55,4.2,15.97,14.32,2.45,5.92,40.51,34.33,29.06,10.79,40.84,35.91,7.89,14.77,,78.68,12.66,2.56,,5.63,10.25,9.92,20.93,5.89,38.33,60.5,3.78,51.02,96.53,64.28,7.24,,29.17
2020-02-04 07:00:00,5.78,23.03,30.69,22.6,4.4,47.46,17.74,31.45,12.32,6.77,70.78,3.93,11.41,18.47,50.9,12.93,9.13,5.46,7.56,4.05,15.62,14.32,2.55,6.15,40.51,34.05,28.54,10.81,40.6,36.43,7.5,14.72,,76.46,12.52,2.68,,5.61,10.2,10.06,21.08,5.96,38.81,60.85,3.81,51.02,99.22,62.32,7.51,,28.25
2020-02-05 07:00:00,5.73,24.87,30.19,22.34,4.34,48.39,17.7,31.76,12.16,6.8,67.63,3.88,11.18,18.54,50.65,13.0,9.21,5.62,7.52,4.09,15.45,14.35,2.61,6.15,40.51,34.08,28.02,10.81,41.24,35.87,7.56,14.68,,73.07,12.49,2.91,,5.6,10.25,10.06,21.36,5.98,38.42,61.06,3.83,50.88,97.69,63.27,7.73,,27.96
2020-02-06 07:00:00,5.98,24.41,30.02,22.34,4.45,49.76,17.56,33.33,12.71,6.8,67.21,3.98,11.5,19.11,53.32,13.42,9.56,5.92,7.75,4.21,15.67,14.43,2.65,6.34,40.43,34.55,27.51,10.83,41.64,36.39,7.93,14.99,,71.56,12.66,2.99,,5.84,10.95,10.34,21.75,6.07,38.63,61.63,3.92,50.84,98.07,63.8,8.16,,29.89
2020-02-07 07:00:00,5.92,24.78,29.17,22.07,4.34,50.95,17.45,35.66,12.32,6.83,68.26,4.0,11.37,19.01,53.38,13.38,9.56,5.93,7.49,4.14,15.8,14.43,2.68,6.23,40.43,34.3,28.08,10.85,41.48,35.82,7.82,14.94,,73.45,12.66,2.79,,5.84,11.15,10.25,22.03,5.9,38.89,61.77,3.87,50.84,100.92,65.41,8.12,,30.9
2020-02-10 07:00:00,5.88,24.13,27.7,21.62,4.28,48.99,17.45,38.1,12.18,6.83,70.78,3.96,11.34,18.76,53.88,13.28,9.48,5.84,7.49,4.09,15.37,14.43,2.61,6.11,40.43,33.38,28.08,10.75,41.32,35.35,7.64,14.79,,73.45,12.66,2.68,,5.79,10.95,10.11,22.54,5.93,38.42,61.21,3.76,50.53,99.22,64.69,7.88,,30.04
2020-02-11 07:00:00,5.9,23.49,28.66,21.59,4.34,49.25,17.48,39.55,12.71,6.83,69.38,3.98,11.41,19.11,53.13,13.14,9.56,5.74,7.26,4.0,15.58,14.49,2.65,6.17,40.43,33.61,28.13,10.72,42.28,35.35,7.78,15.1,,73.07,13.02,2.83,,5.76,11.35,10.25,22.92,5.96,38.55,61.21,3.83,50.39,99.22,63.63,8.13,,30.32
2020-02-12 07:00:00,6.37,24.04,28.66,21.97,4.45,48.99,17.52,40.8,12.46,6.97,69.73,4.1,11.34,19.29,53.38,13.18,9.48,5.78,7.32,4.02,15.58,14.67,2.61,6.3,40.91,34.39,28.23,10.72,42.36,35.78,8.33,15.32,,71.94,13.9,2.87,,5.88,11.55,10.48,23.08,5.97,38.63,61.42,3.87,49.77,99.38,63.63,8.28,,30.18
2020-02-13 07:00:00,6.35,24.69,28.44,21.86,4.45,48.99,17.45,40.36,12.48,6.91,67.28,4.08,11.31,19.36,54.31,13.42,9.48,5.78,7.29,4.02,15.45,14.43,2.61,6.23,40.67,34.08,28.28,10.81,42.68,35.78,8.33,15.34,,73.28,14.84,2.83,,5.81,11.5,10.46,23.23,5.97,38.59,61.06,4.03,49.95,99.38,63.45,8.52,,30.37
2020-02-14 07:00:00,6.57,23.95,28.21,21.75,4.45,48.56,17.45,40.3,12.27,6.88,66.93,4.05,11.24,19.43,54.93,13.69,9.92,5.66,7.29,4.11,15.45,14.2,2.76,6.33,40.35,33.79,28.13,10.81,42.68,35.87,8.21,15.5,,72.82,14.92,2.87,,5.88,11.6,10.78,22.64,6.18,38.59,62.2,4.07,48.88,98.92,63.27,8.69,,30.66
2020-02-17 07:00:00,6.57,23.95,29.06,22.07,4.45,48.05,17.15,42.68,12.16,6.86,67.98,4.05,11.28,19.33,54.19,14.07,9.74,5.69,7.3,4.14,15.45,14.2,2.76,6.39,40.26,33.92,28.18,10.77,42.52,35.74,8.17,15.43,,71.36,14.95,2.91,,5.83,11.65,11.01,22.75,6.18,38.63,61.56,4.05,48.0,99.0,63.8,8.68,,30.32
2020-02-18 07:00:00,6.62,23.67,29.34,23.4,4.4,47.8,17.23,43.94,12.23,7.02,68.75,4.08,11.31,19.97,53.38,13.76,9.92,5.67,7.16,4.15,15.45,14.2,2.68,6.33,40.26,34.36,28.02,10.83,42.28,36.3,8.17,15.47,,68.3,15.23,2.87,,5.79,11.55,10.96,22.72,6.18,38.63,61.06,3.96,46.44,99.0,62.62,8.77,,29.5
2020-02-19 07:00:00,6.55,24.96,28.94,23.3,4.4,48.05,17.08,43.94,12.37,6.97,67.98,4.15,11.24,19.86,52.94,13.76,10.35,5.64,7.15,4.11,15.41,14.2,2.65,6.28,40.83,34.87,28.08,10.77,42.36,37.08,8.25,15.5,,68.3,15.48,2.75,,5.81,11.4,10.94,22.72,6.04,38.68,61.06,4.01,46.66,98.76,63.15,8.9,,29.12
2020-02-20 07:00:00,6.57,24.5,28.94,23.56,4.45,48.99,17.23,42.43,12.32,6.94,67.63,4.3,11.18,19.9,52.94,13.76,10.35,5.62,7.3,4.25,15.71,14.23,2.65,6.3,41.4,34.9,28.28,10.79,42.6,36.99,8.6,15.72,,69.06,15.48,2.72,,5.81,11.3,10.87,22.77,6.07,38.68,61.7,4.05,48.88,98.84,63.15,9.14,,29.84
2020-02-21 07:00:00,6.4,24.41,27.93,23.67,4.4,49.84,17.08,42.0,11.84,6.91,67.84,4.22,11.24,19.51,53.01,13.66,10.09,5.62,7.24,4.16,15.88,14.23,2.61,6.17,42.94,34.9,28.02,10.79,42.28,36.34,8.49,15.43,,69.29,15.48,2.72,,5.76,11.3,10.69,22.85,6.04,38.46,61.14,4.16,48.84,98.92,64.4,9.22,,29.65
2020-02-24 07:00:00,5.98,23.03,26.12,22.34,4.17,47.71,16.86,39.11,11.18,6.74,68.68,4.03,11.18,18.72,52.08,13.0,9.65,5.4,6.98,3.96,15.62,14.12,2.5,5.85,41.4,33.51,27.82,10.66,40.52,35.22,7.9,14.84,,68.3,15.37,2.79,,5.36,10.85,9.95,21.26,5.74,37.68,59.64,3.96,47.68,98.46,63.15,8.58,,28.34
2020-02-25 07:00:00,6.25,22.48,27.53,22.55,4.23,48.48,16.71,40.05,11.95,6.91,68.68,4.05,11.18,19.26,51.52,13.18,10.09,5.54,7.1,4.02,15.8,14.32,2.5,6.05,40.99,33.76,27.87,10.77,40.68,36.0,7.86,15.1,,68.3,15.41,2.87,,5.41,11.15,10.27,19.83,5.94,37.25,59.0,3.98,47.55,97.69,64.1,9.06,,28.2
2020-02-26 07:00:00,6.12,22.48,26.52,22.18,4.23,47.29,16.35,39.23,11.82,6.86,68.05,4.06,11.21,19.61,49.59,13.0,10.62,5.49,7.0,3.95,15.8,14.2,2.57,5.96,40.3,33.51,27.92,10.72,40.12,36.0,8.05,15.03,,67.91,15.34,3.15,,5.32,11.2,10.34,18.7,5.89,36.73,57.44,3.94,47.06,96.15,62.32,9.06,,28.01
2020-02-27 07:00:00,6.35,22.66,26.57,22.23,4.23,48.05,16.46,40.74,12.0,6.83,69.03,4.1,11.24,19.97,49.03,13.18,10.97,5.54,7.06,3.98,15.8,14.38,2.65,6.08,40.26,34.2,27.97,10.72,41.0,36.21,7.97,15.25,,66.45,15.55,3.46,,5.45,11.65,10.53,17.47,6.08,36.3,57.37,4.07,46.93,94.46,63.74,9.08,,28.01
2020-02-28 07:00:00,6.27,23.03,25.67,21.75,4.23,46.77,15.76,39.11,11.79,6.86,67.28,4.03,11.18,19.65,47.05,13.04,10.7,5.51,6.87,3.87,15.54,14.23,2.65,5.94,39.7,33.61,27.77,10.77,41.32,35.43,7.78,15.03,,62.16,15.23,3.78,,5.25,11.6,10.29,16.27,6.07,35.61,57.09,4.01,46.84,93.76,62.02,8.71,,27.52
2020-03-02 07:00:00,6.27,23.58,25.47,21.54,4.34,46.6,15.76,40.17,11.68,6.83,66.58,4.08,11.5,19.86,49.03,13.07,10.79,5.49,6.86,3.87,15.54,14.26,2.94,6.02,39.7,33.61,27.82,10.77,40.68,35.39,7.88,15.01,,65.22,15.06,4.13,,5.22,12.35,10.41,17.35,6.06,35.35,57.16,4.05,46.84,92.92,62.02,8.61,,27.57
2020-03-03 07:00:00,6.37,23.03,26.46,22.02,4.51,47.46,16.49,42.94,12.11,6.83,65.74,4.22,11.37,19.93,49.66,13.18,11.49,5.49,6.86,3.87,15.62,14.26,3.24,6.08,39.7,33.57,27.87,10.81,40.28,35.56,7.84,14.99,,65.22,14.84,4.45,,5.27,12.25,10.41,17.63,6.07,35.52,57.16,4.05,46.88,92.92,62.5,8.69,,27.48
2020-03-04 07:00:00,6.42,22.66,26.04,22.23,4.63,47.46,16.6,43.0,12.11,6.83,65.74,4.34,11.37,19.79,48.48,13.18,11.06,5.58,6.87,3.92,15.62,14.38,3.35,6.04,39.7,33.45,27.92,10.77,40.28,35.65,7.86,14.99,,64.84,14.7,4.72,,5.36,12.5,10.43,17.14,6.21,35.31,57.16,4.07,46.88,93.3,62.2,8.69,,27.48
2020-03-05 07:00:00,6.37,23.03,26.32,22.29,4.74,47.03,16.64,42.18,11.98,6.86,65.81,4.29,11.24,19.47,48.48,13.21,11.06,5.54,6.87,3.92,15.71,14.38,3.24,6.01,41.24,33.29,27.97,10.79,40.28,35.43,8.05,14.9,,64.84,14.67,5.08,,5.55,12.2,10.32,16.84,6.24,35.91,57.51,4.03,46.93,94.61,62.02,8.92,,27.62
2020-03-06 07:00:00,6.3,23.03,26.43,22.31,4.63,46.94,15.84,43.94,11.82,6.86,66.58,4.23,11.18,19.26,48.1,13.11,10.97,5.54,6.89,3.87,15.58,14.2,3.17,6.01,44.07,32.53,28.02,10.81,39.8,35.0,7.97,14.8,,62.39,14.14,4.88,,5.51,12.25,10.2,15.99,6.24,36.52,57.44,4.03,46.66,92.69,61.85,8.8,,27.52
2020-03-09 07:00:00,5.8,21.46,24.6,20.77,4.0,43.71,15.4,40.86,10.99,6.38,62.16,3.95,11.05,17.94,44.75,12.28,10.97,5.16,6.41,3.6,14.51,13.33,2.68,5.6,42.13,30.26,27.51,10.6,37.04,32.57,7.42,13.83,,59.58,13.61,4.41,,5.13,11.4,9.51,14.89,5.81,33.97,53.47,3.56,43.42,87.3,57.57,8.2,,25.64
2020-03-10 07:00:00,6.02,22.94,23.92,21.33,4.11,41.49,16.09,40.8,11.22,6.52,62.72,4.13,11.02,18.44,42.52,12.38,10.97,5.11,6.66,3.58,15.24,13.62,2.83,5.57,42.45,29.63,27.51,10.6,35.07,31.96,7.5,14.02,,59.58,13.47,3.97,,5.13,11.4,9.58,13.87,5.96,34.53,54.32,3.78,43.42,88.07,60.36,8.32,,25.5
2020-03-11 07:00:00,5.83,20.73,22.26,20.96,4.05,38.85,15.76,37.98,10.62,6.44,62.65,4.01,10.92,18.12,39.6,12.18,10.97,4.85,6.32,3.34,14.81,13.33,2.8,5.3,40.47,27.58,27.51,10.56,32.75,29.75,7.12,13.81,,58.32,12.88,4.37,,4.79,10.65,8.93,12.92,5.96,33.28,54.32,3.67,43.11,81.92,60.3,7.75,,25.11
2020-03-12 07:00:00,5.5,19.62,20.71,19.63,3.88,36.17,15.07,35.34,9.98,6.3,59.5,3.79,10.85,17.15,36.87,11.35,10.97,4.51,5.92,3.11,14.59,12.55,2.68,4.93,40.47,25.65,27.4,10.56,30.47,27.67,6.62,12.95,,55.48,12.0,4.41,,4.47,9.95,8.3,12.03,5.76,30.98,51.12,3.48,40.8,77.69,59.89,7.22,,23.37
2020-03-13 07:00:00,5.48,18.33,19.75,19.68,3.88,34.46,15.4,34.34,10.05,6.35,60.27,3.86,10.66,17.17,35.38,10.87,10.97,4.56,5.86,3.01,14.25,12.23,2.65,4.98,40.39,24.93,27.51,10.56,28.95,26.72,7.03,13.04,,55.25,11.19,4.33,,4.39,10.4,8.44,11.21,5.57,30.68,51.12,3.41,41.11,77.69,58.82,7.2,,23.37
2020-03-16 07:00:00,5.2,18.42,18.51,19.15,3.94,32.8,14.52,32.39,9.39,6.41,57.47,3.76,10.4,16.98,36.81,10.87,,4.3,5.87,3.06,14.25,11.8,2.57,4.79,40.1,23.98,26.78,10.48,29.47,24.85,7.01,12.98,,57.55,10.41,4.33,,4.39,9.99,8.07,11.97,5.8,29.0,50.98,3.34,41.11,76.92,57.57,6.71,,22.89
2020-03-17 07:00:00,5.25,19.62,19.07,19.41,4.0,33.23,14.52,34.34,9.62,6.32,54.66,3.95,10.46,17.3,37.12,11.28,9.83,4.2,5.9,3.16,14.16,12.17,2.61,4.86,40.1,24.39,26.73,10.56,31.51,24.72,6.99,13.83,,54.14,10.62,4.45,,4.69,10.2,8.3,12.38,5.96,29.17,49.63,3.32,39.33,78.23,56.98,6.88,,21.34
2020-03-18 07:00:00,5.28,19.53,19.49,19.57,3.71,33.23,15.4,34.59,9.6,6.41,55.57,4.03,10.63,17.26,36.0,11.66,9.21,4.22,6.06,3.14,14.16,12.17,2.57,4.8,40.02,24.86,26.47,10.43,33.71,24.89,6.92,14.02,,52.18,10.62,4.68,,4.52,10.0,8.3,12.38,6.04,29.95,49.35,3.32,39.55,78.0,56.39,6.9,,21.34
2020-03-19 07:00:00,5.25,18.42,18.84,19.17,3.65,31.61,14.44,33.27,9.21,6.32,53.96,4.1,10.17,17.01,34.32,11.63,8.6,4.14,5.89,3.03,14.08,12.17,2.53,4.68,39.86,23.86,26.47,10.43,32.11,23.59,6.69,13.78,,48.73,10.52,4.64,,4.52,9.75,7.98,11.54,6.04,28.52,48.64,3.25,39.42,75.38,52.82,6.66,,21.15
2020-03-20 07:00:00,5.33,17.13,18.68,18.99,3.54,29.56,14.59,33.77,9.07,6.27,54.66,3.98,10.37,17.01,35.94,11.32,8.01,4.14,5.72,2.97,13.35,11.59,2.53,4.66,39.86,24.36,26.47,10.43,32.51,23.85,6.68,13.78,,48.34,10.34,4.72,,4.57,9.8,8.03,10.75,6.21,26.58,45.3,3.25,36.66,79.23,53.42,6.74,,19.7
2020-03-23 07:00:00,4.8,15.66,17.38,17.68,3.08,27.52,13.6,31.45,8.45,6.04,52.91,3.76,10.4,15.83,33.46,10.53,7.46,3.85,5.32,2.76,13.26,11.01,2.2,4.34,39.86,22.66,26.99,10.35,30.27,22.21,6.21,12.84,,44.97,9.64,4.64,,4.26,9.12,7.47,10.0,6.04,24.72,42.18,2.9,34.13,73.69,49.68,6.28,,18.35
2020-03-24 07:00:00,4.88,14.83,17.83,17.82,3.25,29.44,13.75,32.2,8.38,6.04,52.98,3.88,10.4,15.87,34.88,10.8,7.63,3.76,5.26,2.58,13.26,11.1,2.27,4.31,39.78,21.71,26.99,10.25,30.03,22.29,5.94,13.04,,44.32,8.97,4.68,,4.13,8.8,7.45,9.31,6.23,25.06,39.26,3.01,31.77,74.23,51.1,6.24,,17.09
2020-03-25 07:00:00,5.1,16.49,18.73,18.7,3.25,31.48,14.52,33.27,8.95,6.01,56.62,3.95,10.4,16.4,37.3,11.21,7.81,3.94,5.47,2.67,13.74,11.22,2.38,4.55,39.78,23.03,27.04,10.35,32.11,23.81,6.2,13.51,,46.04,8.37,5.0,,4.41,9.11,7.68,9.34,6.21,26.79,41.96,3.21,34.0,74.69,54.6,6.5,,18.25
2020-03-26 07:00:00,4.9,16.58,18.79,18.77,3.14,33.65,13.53,32.52,8.61,5.9,57.82,3.93,10.01,15.76,36.43,10.94,7.5,3.88,5.21,2.5,13.74,11.22,2.24,4.38,39.7,21.46,26.88,10.39,31.59,23.33,6.0,13.11,,47.96,8.94,4.92,,4.28,8.7,7.45,8.78,5.81,27.31,43.31,3.05,36.35,74.61,55.79,6.28,,19.32
2020-03-27 07:00:00,4.9,16.49,18.62,18.62,3.14,32.38,13.56,32.08,8.7,5.9,56.76,3.96,10.2,15.37,36.12,10.94,7.42,3.61,4.98,2.55,13.44,11.28,2.24,4.25,39.94,19.97,26.99,10.39,31.63,22.51,6.02,12.95,,49.72,9.53,4.88,,4.08,8.21,7.4,9.01,5.6,27.7,42.6,3.03,38.57,74.53,55.85,6.26,,19.7
2020-03-30 07:00:00,4.53,15.66,17.43,18.27,2.8,30.67,13.2,30.32,8.11,5.68,55.29,3.88,10.2,14.41,33.89,10.39,7.28,3.42,5.03,2.37,13.18,10.9,2.09,3.96,39.78,18.77,26.94,10.35,30.2,20.95,5.64,12.67,,46.46,9.11,4.68,,3.8,7.64,6.89,8.57,5.22,26.36,39.62,2.81,36.17,74.23,54.13,5.83,,18.35
2020-03-31 07:00:00,4.43,15.29,17.41,18.06,2.74,31.52,13.27,28.22,7.88,5.45,55.36,3.89,9.52,14.66,34.01,10.28,7.35,3.52,5.18,2.32,12.36,10.72,2.09,3.94,39.7,18.59,26.94,10.31,30.79,20.34,5.6,12.63,,47.19,8.94,4.8,,3.83,7.3,6.94,8.44,4.86,26.79,39.05,2.83,37.06,74.76,54.01,5.43,,18.49
2020-04-01 07:00:00,4.63,15.66,18.11,18.62,2.86,33.7,13.71,28.31,8.38,5.59,55.36,4.17,9.88,15.08,34.82,10.28,7.51,3.75,5.3,2.48,12.88,10.67,2.27,4.15,39.86,19.31,26.88,10.31,32.81,21.54,5.81,13.09,,47.23,8.94,5.08,,4.09,7.81,7.17,8.52,4.6,28.09,38.91,2.92,38.22,76.3,55.79,5.52,,18.59
2020-04-03 07:00:00,4.76,16.58,19.35,19.15,3.2,36.04,13.75,30.29,8.61,5.59,57.33,4.22,9.88,15.9,36.74,10.46,7.63,3.87,5.43,2.65,12.53,10.61,2.24,4.29,42.37,20.64,26.94,10.33,33.66,23.0,6.08,13.34,,47.96,9.01,5.23,,4.37,8.35,7.33,8.62,4.75,28.31,40.97,2.99,40.44,76.84,56.39,5.62,,18.83
2020-04-06 07:00:00,5.13,17.5,20.71,20.18,3.48,38.55,14.22,32.39,9.21,6.01,58.87,4.37,10.07,16.94,39.1,11.18,7.98,4.06,5.8,2.83,12.79,10.84,2.42,4.58,45.29,22.06,26.99,10.33,33.82,24.6,6.43,13.97,,50.65,9.6,5.74,,4.67,8.93,7.84,9.21,4.95,29.39,43.81,3.16,43.24,76.84,57.1,6.0,,20.14
2020-04-07 07:00:00,5.05,17.5,20.88,20.85,3.25,40.73,14.15,34.02,9.09,6.04,58.17,4.25,10.07,16.87,39.04,11.18,7.86,4.11,5.84,2.84,13.31,10.84,2.38,4.64,46.58,23.54,26.83,10.43,32.77,25.26,6.31,13.88,,52.56,9.46,5.86,,4.67,9.18,7.84,9.85,4.96,29.47,46.86,3.16,43.24,76.15,58.46,6.23,,21.54
2020-04-08 07:00:00,5.03,17.5,21.41,21.28,3.25,40.73,13.67,33.77,9.02,5.98,58.52,4.54,9.88,16.71,38.92,11.18,7.89,4.09,5.75,2.9,13.39,11.3,2.35,4.57,47.72,23.35,26.99,10.43,32.39,24.9,6.74,13.78,,52.95,9.5,6.1,,4.74,9.28,7.73,10.52,4.85,29.17,49.7,3.12,41.77,76.15,58.76,6.05,,21.73
2020-04-09 07:00:00,4.98,17.5,21.27,21.65,3.31,40.21,13.27,34.09,9.07,6.32,60.97,4.66,9.88,16.71,41.59,11.35,8.29,4.09,5.7,2.85,13.31,11.59,2.42,4.6,48.12,23.03,26.99,10.41,33.74,25.7,6.88,13.81,,53.72,9.5,6.45,,5.04,9.19,7.82,10.59,4.94,30.68,48.99,3.19,42.66,78.46,59.41,6.02,,22.89
2020-04-10 07:00:00,4.93,17.32,20.82,21.06,3.31,39.19,13.49,33.58,8.91,6.27,62.51,4.66,9.85,16.55,41.65,11.28,8.86,3.96,5.78,2.85,12.96,11.54,2.42,4.52,48.77,22.62,26.99,10.39,34.37,25.52,6.73,14.04,,54.1,9.5,6.88,,5.08,9.01,7.75,10.23,4.88,30.51,47.64,3.14,42.22,83.92,59.12,5.97,,22.98
2020-04-13 07:00:00,4.98,17.5,20.96,21.04,3.31,39.4,13.67,33.58,8.98,6.41,62.51,4.71,9.88,16.58,42.21,11.49,8.91,4.0,5.95,2.88,12.92,11.68,2.46,4.58,47.07,23.67,26.99,10.41,34.04,25.52,6.95,14.06,,54.1,9.85,7.0,,5.02,9.04,7.96,10.08,4.94,30.6,47.79,3.14,42.66,89.0,58.82,6.39,,24.58
2020-04-14 07:00:00,4.98,16.95,20.59,20.98,3.2,39.36,13.6,33.27,8.79,6.38,61.53,4.85,9.85,17.65,41.59,11.49,9.48,3.96,6.14,3.08,13.82,11.71,2.42,4.63,49.42,23.6,26.94,10.39,33.4,25.48,7.14,14.08,,55.02,9.96,7.0,,5.04,9.16,7.94,9.75,4.92,30.21,48.28,3.14,42.48,86.76,58.76,6.82,,25.3
2020-04-15 07:00:00,5.03,17.59,21.05,21.65,3.25,41.41,13.75,35.59,9.09,6.35,61.74,4.81,9.85,17.87,41.34,11.66,9.78,4.09,6.18,3.29,14.51,11.97,2.65,4.76,49.34,24.23,26.94,10.33,33.66,26.24,7.15,14.34,,58.7,9.96,7.08,,5.1,9.7,8.12,9.98,5.19,30.64,48.14,3.23,42.66,85.23,58.88,6.96,,25.21
2020-04-16 07:00:00,5.08,19.8,21.05,22.5,3.25,41.11,14.66,37.29,9.07,6.58,62.37,4.74,9.85,17.94,41.83,11.97,9.48,4.15,6.23,3.31,14.59,11.94,2.68,4.8,49.26,24.27,26.94,10.27,34.58,26.15,7.07,14.25,,60.47,9.99,7.04,,5.1,9.72,8.12,10.13,5.15,30.77,47.93,3.25,42.62,89.23,58.94,6.96,,25.59
2020-04-17 07:00:00,5.23,22.11,21.1,23.94,3.6,41.28,14.77,38.73,9.21,6.86,62.37,4.73,9.88,18.26,42.02,12.62,9.48,4.26,6.37,3.46,14.94,12.12,2.72,4.95,49.09,25.87,27.35,10.35,34.92,26.46,7.14,14.34,,63.46,10.45,7.08,,5.2,9.73,8.21,10.82,5.25,30.86,48.64,3.25,42.71,90.3,58.94,6.87,,25.59
2020-04-20 07:00:00,5.15,21.19,20.93,23.83,3.6,40.77,14.52,38.73,9.09,7.19,63.14,5.05,9.88,18.29,42.7,12.35,9.39,4.23,6.52,3.42,14.94,12.12,2.65,4.84,48.12,26.6,27.35,10.37,37.03,26.68,7.42,14.27,,67.87,10.76,6.85,,5.23,9.55,8.19,11.26,5.19,31.07,48.64,3.28,42.75,90.15,59.35,6.72,,25.3
2020-04-21 07:00:00,4.93,18.88,19.58,22.87,3.31,38.85,14.44,36.03,8.61,7.14,63.14,5.03,9.85,17.58,40.03,11.63,8.74,3.98,6.21,3.18,14.47,11.83,2.5,4.55,45.85,25.05,27.25,10.31,34.46,25.66,7.37,13.55,,65.22,10.03,6.18,,4.91,8.99,7.8,10.49,4.88,30.9,48.28,3.19,41.33,88.46,57.45,6.26,,23.56
2020-04-22 07:00:00,5.08,19.62,20.42,23.64,3.31,40.04,14.37,35.59,8.82,7.17,63.77,5.34,10.01,18.22,39.41,12.04,8.82,4.12,6.4,3.4,14.59,11.86,2.57,4.68,47.15,25.87,27.25,10.35,34.33,26.06,7.48,13.62,,67.14,9.96,6.37,,5.08,9.17,7.82,10.39,5.02,29.95,46.44,3.21,41.11,88.53,57.87,6.47,,22.74
2020-04-23 07:00:00,5.05,19.34,20.42,23.96,3.43,40.3,14.11,35.59,8.79,7.28,65.1,5.2,9.94,18.19,40.41,12.11,8.86,4.08,6.64,3.64,14.68,11.88,2.61,4.7,47.15,26.35,27.3,10.37,34.33,26.32,7.5,13.65,,69.29,9.88,6.45,,5.08,9.15,7.84,10.59,5.02,29.9,47.29,3.21,41.33,89.53,57.04,6.37,,23.28
2020-04-24 07:00:00,5.05,20.08,20.31,24.15,3.48,40.04,13.97,38.04,8.79,7.59,64.26,5.1,9.94,18.19,40.41,12.0,8.74,4.08,6.8,3.89,14.64,11.88,2.57,4.67,48.2,26.19,27.51,10.37,34.88,26.37,7.54,14.16,,69.06,9.88,6.45,,5.06,9.1,7.91,10.36,5.02,29.77,46.15,3.19,41.33,88.61,61.02,6.56,,23.18
2020-04-27 07:00:00,5.0,21.56,19.8,24.31,3.31,39.58,14.26,40.17,8.63,7.56,63.84,4.89,9.81,18.08,39.85,12.04,9.34,4.06,6.75,3.96,14.59,11.88,2.57,4.57,47.39,25.94,27.4,10.39,33.91,25.7,7.82,14.11,,69.06,9.64,6.33,,5.0,8.99,7.89,10.75,4.96,28.87,45.8,3.19,40.88,87.3,61.02,6.72,,22.7
2020-04-28 07:00:00,5.05,21.74,19.83,24.57,3.31,39.28,14.55,40.05,8.72,7.48,65.81,5.08,9.85,18.08,38.98,12.52,9.48,4.07,6.58,3.94,14.51,11.91,2.61,4.6,48.37,25.53,27.56,10.37,33.49,25.35,8.13,14.04,,65.22,9.6,6.3,,4.95,8.98,7.91,10.54,4.96,28.95,45.87,3.21,40.88,86.84,59.65,6.72,,21.97
2020-04-29 07:00:00,5.1,22.02,20.09,25.1,3.43,39.36,14.55,39.36,9.16,7.5,65.39,5.03,9.75,18.12,39.35,12.8,9.78,4.09,6.61,3.94,14.85,12.15,2.61,4.64,47.64,25.78,27.61,11.1,33.99,25.22,8.33,13.88,,62.54,9.67,6.26,,4.97,9.1,7.96,10.85,4.94,29.39,45.16,3.21,40.84,88.84,58.76,6.56,,22.31
2020-05-04 07:00:00,5.05,21.65,19.92,24.84,3.37,37.57,14.15,38.29,9.18,7.76,65.95,4.79,9.78,18.01,39.6,12.38,9.39,4.27,6.46,4.04,15.02,12.12,2.65,4.61,46.42,25.05,27.4,11.14,33.82,25.04,7.75,13.69,,59.47,9.96,6.14,,4.85,8.98,8.05,10.75,4.94,29.13,46.08,3.16,40.8,87.92,57.93,6.42,,22.65
2020-05-05 07:00:00,5.05,20.82,19.92,25.01,3.43,38.34,14.22,38.29,9.09,8.06,65.74,4.71,9.75,18.15,40.66,12.38,9.74,4.29,6.58,4.12,15.67,12.17,2.65,4.6,45.69,25.02,27.4,10.83,34.08,24.82,7.63,13.88,,58.2,9.96,5.98,,4.83,8.97,8.05,11.23,4.99,28.87,45.16,3.16,41.2,85.76,59.65,6.52,,22.74
2020-05-06 07:00:00,5.18,21.0,20.31,24.64,3.43,39.62,14.22,40.93,9.25,8.2,66.65,4.91,9.75,18.86,42.58,12.38,10.4,4.24,6.83,4.35,16.74,12.17,2.65,4.64,46.99,25.62,27.51,10.93,35.38,25.04,7.86,14.06,,60.62,10.03,6.1,,4.95,9.14,8.12,11.33,5.09,29.21,47.57,3.19,42.22,86.23,60.24,6.68,,24.14
2020-05-07 07:00:00,5.28,21.0,21.19,24.73,3.43,40.0,14.52,42.06,9.34,8.12,68.05,4.89,9.81,19.08,42.64,12.59,10.97,4.22,7.26,4.24,17.47,12.26,2.65,4.74,47.64,26.06,27.56,10.85,35.47,25.48,8.05,14.16,,64.84,10.03,6.33,,5.04,9.34,8.19,11.23,5.13,30.12,48.0,3.21,42.66,88.61,61.37,6.85,,23.95
2020-05-08 07:00:00,5.33,21.83,21.44,24.76,3.48,40.81,14.44,41.12,9.57,8.04,67.28,4.86,9.91,19.15,43.2,12.52,10.53,4.44,7.2,4.18,17.43,12.38,2.76,4.83,49.42,26.44,27.97,10.77,36.95,25.79,7.97,14.16,,65.99,10.38,6.69,,5.16,9.52,8.74,11.28,5.13,31.76,50.34,3.28,43.33,92.3,62.32,7.3,,24.43
2020-05-11 07:00:00,5.4,22.48,21.72,25.01,3.6,41.02,14.44,41.62,9.73,8.15,68.0,4.87,10.01,19.26,45.31,13.07,10.88,4.47,7.36,4.22,17.6,12.38,2.91,4.89,51.12,26.82,28.02,10.99,37.37,26.46,8.01,14.2,,66.42,10.41,6.88,,5.41,9.69,9.35,11.92,5.32,32.19,52.19,3.39,43.33,91.23,64.4,7.72,,24.58
2020-05-12 07:00:00,5.43,21.83,21.75,26.12,3.65,42.43,14.92,43.31,9.91,8.23,67.71,5.19,9.91,19.4,45.43,13.28,10.97,4.5,7.27,4.52,17.81,13.07,2.91,5.0,50.23,26.28,27.35,11.08,38.42,28.27,8.21,14.48,,66.57,10.2,6.81,,5.42,9.7,9.53,11.95,5.69,32.67,52.19,3.41,43.11,90.3,67.6,7.7,,24.38
2020-05-13 07:00:00,5.4,22.02,22.34,26.4,3.65,43.03,15.4,44.32,9.91,8.54,66.99,5.1,9.91,20.61,44.94,13.42,11.06,4.69,7.41,4.83,18.46,13.33,2.87,5.09,50.15,26.47,27.25,11.35,38.51,28.76,8.13,14.8,,65.99,10.52,6.81,,5.37,9.96,9.53,11.77,6.08,32.67,50.7,3.39,42.22,88.38,67.48,7.65,,23.66
2020-05-14 07:00:00,5.33,21.56,22.4,26.01,3.71,42.34,15.14,43.31,9.78,8.96,66.55,4.94,9.98,20.34,44.38,13.45,10.79,4.56,7.36,4.85,18.46,13.3,2.8,5.03,51.77,26.19,27.3,11.59,38.46,28.18,8.01,14.78,,66.07,10.38,6.77,,5.44,10.05,9.48,11.74,6.2,32.84,50.13,3.36,42.66,87.69,67.07,7.57,,23.23
2020-05-15 07:00:00,5.4,21.56,21.78,25.81,3.71,41.11,14.88,42.06,9.57,8.77,66.63,4.8,10.07,20.05,44.01,13.38,10.57,4.53,7.23,4.74,18.54,12.75,2.76,4.93,50.31,25.91,27.3,11.59,37.54,27.48,7.9,14.52,,66.07,10.41,6.1,,5.33,9.8,9.37,11.77,6.2,32.84,50.84,3.32,43.11,87.69,65.76,7.64,,23.28
2020-05-18 07:00:00,5.43,21.1,21.95,25.98,3.71,41.58,15.18,43.0,9.78,8.94,66.26,4.82,10.24,20.19,45.62,13.28,10.79,4.6,7.72,5.06,19.83,12.64,2.76,4.96,50.63,26.98,27.4,11.57,38.25,28.14,7.97,14.5,,66.38,10.34,5.86,,5.41,9.73,9.55,11.77,6.1,33.92,51.05,3.34,42.88,87.69,65.94,8.04,,23.71
2020-05-19 07:00:00,5.53,21.65,22.06,26.01,3.71,41.41,14.99,42.68,10.21,8.91,66.55,4.8,10.56,20.57,46.43,13.45,10.79,4.66,8.04,5.19,21.2,12.99,2.87,5.06,51.04,27.52,27.51,11.57,39.48,28.5,8.05,14.55,,65.99,10.55,5.7,,5.46,9.9,9.86,11.64,6.24,34.14,51.98,3.39,42.88,88.38,66.83,8.0,,24.05
2020-05-20 07:00:00,5.53,21.65,22.09,26.01,3.71,42.17,15.03,43.75,10.21,9.08,66.63,5.01,10.59,20.42,46.06,13.42,11.23,4.64,8.13,5.1,22.66,12.87,2.83,5.03,51.69,27.29,27.56,11.64,39.52,28.36,8.05,14.52,,66.18,10.52,5.15,,5.46,10.4,9.74,11.41,6.23,34.4,54.74,3.34,42.93,87.46,67.66,7.88,,25.64
2020-05-21 07:00:00,5.58,21.74,22.4,25.87,3.71,42.68,14.74,43.63,10.51,9.08,67.64,4.96,11.31,20.59,46.55,13.35,11.23,4.96,8.15,4.96,24.17,12.75,2.83,5.12,51.69,27.45,27.77,11.68,39.64,28.36,8.05,14.71,,67.53,10.62,4.72,,5.48,10.5,10.18,11.36,6.18,35.09,55.38,3.41,43.55,88.46,68.26,7.91,,25.4
2020-05-22 07:00:00,5.58,21.65,22.17,25.98,3.65,41.88,14.44,42.75,10.44,9.16,67.2,5.1,10.98,20.24,45.87,13.28,10.97,4.73,8.38,5.19,24.9,12.35,2.83,5.02,50.23,26.82,27.66,11.61,39.14,28.01,7.97,14.43,,66.76,10.48,5.19,,5.46,10.2,9.74,11.64,5.96,35.0,54.32,3.45,42.84,87.69,67.9,7.73,,24.92
2020-05-25 07:00:00,5.63,23.49,22.37,26.12,3.65,42.17,14.52,42.68,10.56,9.27,67.35,5.38,10.98,20.24,45.74,13.35,11.49,4.77,8.4,5.24,25.07,12.58,2.87,5.03,50.07,27.17,27.66,11.47,39.1,28.36,8.05,14.43,,67.14,10.41,5.55,,5.56,10.25,9.74,11.92,5.96,35.05,54.53,3.54,43.15,87.0,69.8,7.68,,25.3
2020-05-26 07:00:00,5.8,24.87,23.7,27.01,3.65,44.3,14.59,43.5,10.6,9.41,67.28,5.3,10.98,20.38,46.49,13.86,11.49,4.82,8.73,5.3,25.76,12.78,2.87,5.12,50.63,27.29,27.71,11.61,39.56,28.45,8.37,15.03,,67.26,10.55,5.51,,5.86,10.4,9.78,12.03,5.98,35.65,54.25,3.63,43.06,86.92,69.8,7.73,,25.59
2020-05-27 07:00:00,5.68,24.6,22.46,26.87,3.65,43.03,14.66,46.51,10.26,9.98,67.42,5.24,11.18,20.05,46.55,13.48,11.14,4.69,8.36,5.38,25.58,12.58,2.91,5.03,50.63,26.76,27.92,11.63,39.56,27.92,8.13,14.59,,67.22,10.52,5.35,,5.69,10.1,9.67,11.26,5.93,35.82,53.04,3.59,43.06,86.92,68.26,7.36,,24.63
2020-05-28 07:00:00,5.7,24.41,22.96,26.56,3.65,42.94,14.55,48.21,10.33,10.34,67.13,5.24,10.98,20.05,45.87,13.48,11.19,4.69,8.36,5.43,25.58,12.61,2.94,5.03,50.88,26.73,28.18,12.14,39.48,27.79,8.21,14.55,,67.22,10.48,5.55,,5.67,10.3,9.67,10.75,5.86,36.52,53.25,3.59,43.11,87.15,68.14,7.4,,25.98
2020-05-29 07:00:00,5.7,24.41,22.63,26.51,3.54,42.56,14.15,47.71,10.3,10.34,66.77,5.21,11.24,20.03,46.18,13.48,11.19,4.79,8.43,5.34,27.34,12.75,2.94,5.0,50.8,26.69,27.87,12.84,38.93,27.96,8.09,14.46,,67.68,10.48,5.51,,5.66,10.3,9.58,10.85,5.86,36.82,54.39,3.61,43.11,86.92,68.26,7.48,,26.56
2020-06-01 07:00:00,6.25,24.78,23.39,26.45,3.6,43.2,14.22,48.52,10.76,11.02,67.13,5.3,11.34,20.17,46.74,13.55,11.28,4.94,8.5,5.41,28.5,12.9,2.98,5.19,51.12,27.14,28.54,12.7,39.05,28.32,8.25,14.66,,68.18,10.55,5.55,,5.81,10.75,9.86,10.93,6.04,37.38,56.16,3.74,43.2,87.15,68.91,7.86,,26.85
2020-06-02 07:00:00,6.17,23.67,22.88,26.4,3.77,42.51,14.04,45.13,10.74,10.93,68.0,5.07,11.44,20.05,47.42,13.21,11.01,5.28,8.32,5.25,28.8,12.9,3.24,5.21,51.77,26.92,28.13,12.14,39.14,28.01,8.29,14.64,,70.21,10.52,5.51,,5.75,10.5,9.78,11.1,5.96,37.42,55.24,3.76,42.97,88.23,68.85,7.72,,26.66
2020-06-03 07:00:00,6.35,24.23,23.13,26.51,4.17,42.51,14.33,42.25,10.99,10.74,67.28,5.15,11.47,20.32,48.41,13.55,11.41,5.64,8.29,5.32,28.8,13.45,3.24,5.25,51.85,26.95,28.18,12.14,39.39,28.1,8.37,14.66,,69.06,10.52,5.98,,5.81,10.65,9.88,11.1,6.23,37.99,55.31,3.92,43.02,87.53,69.21,7.78,,27.14
2020-06-04 07:00:00,6.3,24.13,23.58,27.34,4.45,42.47,14.19,45.2,11.29,11.24,67.35,5.14,11.47,20.21,48.41,13.66,11.14,5.51,8.18,5.31,28.76,13.33,3.24,5.24,51.44,26.98,28.28,12.05,39.77,28.23,8.37,14.8,,68.68,10.59,6.26,,6.0,10.6,9.81,11.31,6.24,38.46,55.03,3.92,42.66,87.92,69.92,7.68,,27.43
2020-06-05 07:00:00,6.27,24.13,23.75,28.17,4.45,42.39,14.0,45.95,11.2,11.66,67.06,5.23,11.5,20.34,47.79,14.34,11.32,5.45,8.32,5.68,28.72,13.54,3.28,5.21,51.04,27.17,28.34,12.28,39.64,28.23,8.33,14.8,,68.68,10.59,6.3,,6.0,10.55,9.92,11.44,6.23,38.46,54.89,3.9,42.22,87.92,70.75,7.84,,27.48
2020-06-08 07:00:00,6.32,24.41,24.83,29.23,4.51,43.11,14.08,45.13,11.4,11.69,67.28,5.19,11.54,20.61,49.03,14.52,11.41,5.43,8.52,6.05,28.84,13.86,3.54,5.27,51.36,28.43,28.39,12.31,40.49,29.29,8.45,14.87,,69.83,11.33,6.45,,6.13,10.7,10.04,11.82,6.18,38.63,55.24,3.96,42.66,88.46,72.89,7.83,,27.62
2020-06-09 07:00:00,6.35,24.5,24.46,28.9,4.34,44.64,14.59,44.26,11.08,11.49,68.0,5.23,11.76,20.44,48.66,14.28,11.98,5.56,8.33,6.05,28.89,13.62,3.5,5.27,51.04,27.99,28.28,12.14,40.15,29.03,8.72,14.78,,68.56,11.36,6.33,,6.06,10.75,9.97,11.59,6.14,38.68,55.1,3.98,42.75,90.61,74.19,7.72,,26.94
2020-06-10 07:00:00,6.37,24.5,24.54,28.67,4.4,44.99,14.66,43.56,11.29,11.24,67.42,5.26,11.76,20.38,48.41,14.38,11.63,5.54,8.3,5.92,28.67,13.65,3.5,5.41,50.96,28.21,28.28,12.14,40.24,28.8,8.88,14.78,,68.3,11.4,6.37,,6.11,11.5,10.11,11.9,6.24,38.72,55.03,3.94,42.48,90.61,73.0,7.73,,26.99
2020-06-11 07:00:00,6.1,24.69,22.85,28.06,4.11,41.92,14.3,42.06,10.51,10.34,66.55,4.93,11.7,19.21,45.06,13.38,10.97,5.39,7.84,5.51,27.73,13.54,3.24,5.09,47.39,26.25,28.28,11.77,37.45,26.81,8.29,14.11,,67.91,11.4,6.1,,5.69,11.05,9.67,11.08,5.84,38.03,54.32,3.76,41.33,87.3,72.59,7.4,,25.21
2020-06-12 07:00:00,6.1,24.5,23.98,27.62,4.0,41.15,14.3,42.37,10.67,10.82,65.47,5.01,11.63,19.63,46.3,13.62,10.66,5.33,8.15,5.89,26.61,13.45,3.24,5.14,47.39,27.14,28.49,11.82,38.13,26.37,8.25,14.25,,65.99,10.9,6.3,,5.92,11.8,9.78,11.56,5.96,36.99,53.25,3.83,40.8,87.23,70.04,7.4,,25.01
2020-06-15 07:00:00,5.8,23.03,22.51,27.12,3.94,40.21,13.71,39.42,10.21,10.82,65.25,4.84,11.83,19.21,44.75,13.07,10.88,5.41,7.81,5.7,25.07,13.33,3.35,4.95,45.69,26.03,28.65,11.35,37.11,25.35,8.29,13.99,,63.69,10.34,6.22,,5.52,12.05,9.3,11.03,5.76,35.44,49.7,3.74,39.55,83.84,66.48,6.92,,24.14
2020-06-16 07:00:00,5.92,24.78,22.96,27.62,4.05,41.92,13.97,40.05,10.65,10.85,66.19,5.03,11.63,19.46,45.37,13.45,11.19,5.41,8.06,5.86,25.45,13.51,3.35,5.06,46.66,26.63,29.37,11.44,37.37,26.06,8.45,14.2,,63.73,10.48,6.33,,5.81,11.9,9.53,11.05,5.96,36.17,53.18,3.81,41.51,82.84,69.44,7.11,,25.83
2020-06-17 07:00:00,5.9,23.67,22.74,27.62,4.05,40.9,14.08,39.36,10.53,10.74,66.55,4.93,11.76,19.36,45.25,13.35,10.88,5.32,8.07,6.16,25.67,13.51,3.32,5.03,46.58,26.44,29.63,10.98,38.59,25.84,8.33,14.18,,63.73,10.41,5.7,,5.73,11.6,9.39,10.75,5.83,36.39,53.96,3.78,40.84,84.46,68.61,7.16,,26.56
2020-06-18 07:00:00,5.92,24.41,22.85,28.62,4.05,40.9,13.86,39.3,10.49,10.68,66.55,4.96,11.76,19.46,44.81,13.35,10.79,5.26,8.24,6.08,25.76,13.57,3.24,5.03,46.18,26.44,30.26,11.16,39.39,25.79,8.21,14.29,,63.81,10.41,5.51,,5.73,11.4,9.35,10.77,5.86,36.73,54.32,3.83,40.44,85.38,68.38,7.14,,26.61
2020-06-19 07:00:00,6.08,24.41,23.39,30.01,4.23,42.17,14.04,39.8,10.69,11.04,66.63,5.05,11.86,19.63,45.06,13.52,11.06,5.31,8.41,6.37,25.84,14.09,3.32,5.09,46.18,26.66,30.78,10.84,38.8,26.19,8.21,14.52,,63.81,10.24,5.78,,5.85,11.9,9.48,10.82,5.96,36.91,54.32,3.87,43.24,84.61,68.26,7.3,,26.85
2020-06-22 07:00:00,6.0,24.6,23.3,30.56,4.23,41.75,13.93,42.56,10.74,10.9,66.84,5.4,11.83,19.63,45.37,13.62,10.92,5.25,8.4,6.48,25.88,14.06,3.35,5.09,47.23,27.11,30.62,11.58,38.8,26.19,8.29,14.46,,63.69,10.41,5.7,,5.81,11.7,9.6,10.98,5.94,36.95,55.6,3.87,43.06,83.84,68.49,7.27,,26.66
2020-06-23 07:00:00,5.98,24.78,22.96,30.4,4.17,41.41,14.0,45.51,10.65,10.9,66.12,5.38,11.7,19.86,45.87,13.76,11.01,5.25,8.3,6.37,25.76,13.97,3.35,5.09,47.31,26.92,30.26,11.7,39.01,26.5,8.29,14.5,,62.92,10.55,5.59,,6.15,11.55,9.55,11.51,6.04,37.16,55.17,3.87,41.86,84.15,68.85,7.28,,26.27
2020-06-24 07:00:00,5.92,24.78,22.74,30.28,4.11,40.9,13.86,45.2,10.44,10.79,66.26,5.28,11.7,19.71,45.06,13.76,10.79,5.2,8.3,6.26,25.58,13.91,3.28,5.11,46.34,26.82,30.26,11.26,38.72,26.77,8.17,14.5,,61.39,10.45,5.47,,6.02,11.2,9.48,11.49,6.03,36.6,53.75,3.9,42.08,83.46,69.5,7.14,,25.93
2020-06-25 07:00:00,5.9,24.78,22.57,30.01,4.11,40.9,13.71,42.43,10.4,10.79,65.47,5.37,11.54,19.55,44.94,13.59,10.57,5.09,8.4,6.58,25.32,13.83,3.28,5.05,45.94,26.38,30.88,11.16,38.67,26.41,8.09,14.39,,61.39,10.27,5.63,,6.04,11.45,9.35,11.36,5.96,36.17,53.61,3.94,41.51,83.46,69.09,7.04,,25.59
2020-06-26 07:00:00,5.88,24.69,22.51,30.28,4.11,40.47,13.78,41.93,10.33,11.13,65.9,5.21,11.54,19.57,44.81,13.48,10.44,5.02,8.36,6.56,24.9,13.68,3.28,5.05,45.69,26.57,32.38,11.35,38.63,26.41,8.05,14.43,,63.23,10.24,5.51,,5.92,11.3,9.41,11.1,6.0,36.0,53.68,3.9,40.66,83.46,68.79,7.04,,25.3
2020-06-29 07:00:00,5.7,24.23,21.72,29.34,3.88,38.98,13.31,43.94,10.03,10.9,64.96,5.03,11.7,19.23,43.26,13.07,10.0,4.89,8.2,6.32,24.47,13.45,3.13,4.9,44.64,25.72,32.28,11.21,37.54,25.48,7.74,14.2,,61.58,9.78,5.15,,5.66,10.95,9.09,11.72,5.91,35.22,52.54,3.85,39.55,82.15,67.29,6.72,,24.53
2020-06-30 07:00:00,5.68,24.5,21.38,28.84,3.94,38.77,13.31,43.69,9.87,11.1,66.19,4.93,11.57,19.07,42.83,12.8,9.65,4.91,8.24,6.13,24.38,13.45,3.06,4.83,43.83,25.5,31.92,11.26,37.54,25.44,7.66,14.18,,60.24,9.39,5.12,,5.66,10.75,9.04,10.9,5.84,34.7,53.61,3.85,39.55,83.07,67.77,6.55,,23.95
2020-07-01 07:00:00,5.78,24.5,22.12,29.9,4.0,39.15,13.34,46.7,10.21,11.18,65.47,5.07,11.54,19.3,44.07,13.0,10.09,4.86,8.43,6.42,24.6,13.51,3.13,4.92,44.96,25.87,31.81,11.35,38.04,25.97,7.74,14.27,,62.54,9.74,5.19,,5.85,11.2,9.16,10.49,5.91,35.74,54.6,3.92,40.44,83.07,68.97,6.92,,25.54
2020-07-02 07:00:00,5.75,24.6,22.0,30.12,4.0,39.96,13.27,49.97,10.21,11.1,65.83,5.03,11.5,19.27,43.76,13.0,10.13,4.89,8.49,6.29,24.81,13.62,3.06,4.9,46.34,25.81,31.76,11.3,38.38,26.01,7.59,14.32,,64.04,9.82,5.12,,5.79,11.05,9.14,10.52,5.9,35.7,54.6,3.92,39.95,83.0,67.95,6.87,,25.3
2020-07-03 07:00:00,5.73,24.6,22.06,31.12,3.94,39.62,13.53,50.16,10.21,11.46,66.55,5.05,11.6,19.32,43.63,13.0,10.22,5.15,8.46,6.34,24.81,13.91,3.06,4.9,46.34,25.78,32.38,11.44,38.76,25.97,7.63,14.69,,67.14,9.88,5.04,,5.79,11.0,9.16,10.77,5.84,35.87,55.24,3.92,40.08,83.07,68.61,6.82,,25.59
2020-07-06 07:00:00,5.88,24.69,22.63,30.12,4.05,40.04,13.56,49.09,10.56,11.46,67.06,5.12,11.57,19.55,44.94,13.18,10.44,5.15,8.49,6.37,24.9,14.0,3.2,4.95,46.66,26.35,33.32,11.28,39.14,26.37,7.89,14.78,,69.25,10.06,5.08,,5.96,11.55,9.37,10.77,5.93,35.82,57.37,3.92,40.62,82.84,70.05,7.04,,26.17
2020-07-07 07:00:00,5.9,24.69,22.91,30.12,4.0,40.21,13.34,50.03,10.74,11.32,67.57,5.05,11.57,19.82,44.94,13.18,10.22,5.15,8.72,6.32,24.9,13.94,3.17,4.98,46.18,26.41,33.47,11.33,39.22,26.32,7.82,14.73,,71.02,10.06,5.15,,5.94,11.45,9.37,10.69,5.94,36.04,57.37,3.94,40.44,83.3,69.75,6.95,,26.51
2020-07-08 07:00:00,5.95,24.69,22.88,30.17,4.05,40.21,13.27,50.28,10.83,11.32,67.64,5.08,11.47,19.92,45.25,13.14,10.22,5.16,8.63,6.21,24.9,13.91,3.17,4.99,46.18,26.38,33.37,11.56,39.22,26.24,7.78,14.8,,74.05,10.13,5.15,,6.0,11.5,9.3,10.62,6.07,35.87,57.09,4.07,40.35,82.76,69.45,7.01,,26.51
2020-07-09 07:00:00,6.05,24.78,23.47,30.17,4.17,40.68,13.38,49.84,11.04,11.27,68.15,5.14,11.47,20.19,46.68,13.28,10.4,5.39,8.66,6.26,26.18,13.91,3.28,5.08,46.5,26.51,33.47,11.56,39.27,26.86,7.88,14.85,,78.65,10.24,5.23,,6.06,11.8,9.69,10.93,6.23,36.13,57.37,4.16,40.44,83.15,69.69,7.32,,26.61
2020-07-10 07:00:00,5.98,24.78,23.42,29.95,4.05,40.81,13.34,49.59,10.9,11.21,67.28,5.15,11.44,19.96,46.12,13.21,10.44,5.28,8.53,6.29,26.1,14.0,3.24,5.02,46.1,26.16,33.01,11.56,39.1,26.54,7.93,14.8,,79.04,10.31,5.15,,6.09,11.55,9.46,11.14,6.16,35.74,56.38,4.1,40.62,83.07,69.33,7.25,,26.12
2020-07-13 07:00:00,5.95,24.69,23.3,30.23,4.05,40.47,13.31,50.72,10.97,11.3,67.93,5.15,11.31,20.32,46.49,13.28,10.44,5.28,8.5,6.34,26.1,14.03,3.2,5.0,45.85,26.13,32.7,11.54,39.14,26.28,7.93,15.22,,76.74,10.2,5.12,,6.09,11.45,9.39,11.46,6.18,35.82,56.16,4.07,40.57,83.07,69.03,7.16,,25.59
2020-07-14 07:00:00,5.98,24.6,23.27,30.01,4.05,40.51,13.38,50.34,11.02,11.21,68.51,5.24,11.05,20.28,47.01,13.28,10.62,5.29,8.58,6.32,25.97,14.03,3.17,4.99,45.37,26.16,32.33,11.54,39.14,26.28,7.93,15.22,,74.82,10.31,5.12,,6.38,11.55,9.3,11.22,6.16,35.87,57.16,4.07,40.57,83.07,69.27,7.11,,25.5
2020-07-15 07:00:00,5.98,24.41,23.33,29.73,4.05,40.77,13.2,52.42,11.04,11.18,68.15,5.17,11.24,20.3,46.95,13.59,10.62,5.32,8.63,6.26,25.97,14.2,3.2,5.03,45.13,26.69,32.49,11.7,39.18,26.68,7.9,15.29,,73.47,10.34,5.04,,6.32,11.55,9.53,11.41,6.14,36.08,57.58,4.2,40.22,82.92,69.75,7.2,,25.79
2020-07-16 07:00:00,5.98,24.41,23.33,30.01,4.0,40.9,13.16,52.42,11.04,11.35,68.15,5.19,11.44,20.3,47.01,13.52,10.57,5.39,8.8,6.16,27.08,14.7,3.2,5.09,46.18,26.76,32.23,11.68,39.52,26.81,7.97,15.31,,74.05,10.62,5.08,,6.34,11.6,9.72,11.59,6.27,36.08,57.87,4.32,41.33,86.15,70.65,7.24,,26.36
2020-07-17 07:00:00,6.17,24.41,23.47,30.29,4.05,41.19,13.2,53.11,11.04,11.35,68.0,5.14,11.34,20.09,46.82,13.48,10.62,5.34,8.78,6.18,27.04,14.52,3.32,5.09,45.53,26.51,32.12,11.58,40.07,26.77,7.9,15.1,,73.67,10.66,5.12,,6.38,11.6,9.53,11.59,6.24,35.78,57.16,4.34,40.66,83.84,70.23,7.38,,25.93
2020-07-20 07:00:00,6.1,24.5,23.02,29.84,3.94,40.13,12.83,50.85,10.9,11.35,67.2,5.07,11.28,19.8,46.16,13.45,10.62,5.3,8.61,6.0,26.78,14.26,3.28,5.0,44.56,26.28,32.07,11.49,39.14,26.32,7.78,14.99,,73.28,10.52,5.08,,6.28,11.45,9.48,11.3,6.2,35.52,56.24,4.38,40.08,82.69,69.57,7.27,,25.3
2020-07-21 07:00:00,6.12,24.5,23.02,30.12,3.94,39.79,13.27,51.79,10.92,11.35,67.86,5.15,11.24,19.96,46.23,13.45,10.49,5.26,8.64,6.08,26.78,14.35,3.28,5.03,44.31,26.41,32.33,11.49,38.72,26.32,7.75,15.1,,73.01,10.52,5.08,,6.2,11.5,9.48,11.8,6.1,35.65,55.95,4.47,40.08,83.38,69.75,7.28,,25.4
2020-07-22 07:00:00,6.08,24.5,22.57,29.72,3.88,39.19,13.27,49.59,10.69,11.35,67.86,5.26,11.28,19.8,45.71,13.45,10.31,5.21,8.64,6.0,26.78,14.35,3.39,4.99,43.91,26.25,32.54,11.51,38.21,25.97,7.68,14.96,,72.94,10.41,5.0,,6.12,11.3,9.37,11.67,6.1,35.65,55.03,4.54,39.91,82.61,68.61,7.19,,26.03
2020-07-23 07:00:00,6.02,24.5,22.48,29.72,3.94,39.11,13.05,49.65,10.69,11.35,67.86,5.23,11.24,19.94,46.29,13.38,10.09,5.27,8.67,5.89,26.83,14.38,3.39,4.96,43.67,26.19,32.7,11.51,38.8,26.15,7.62,15.54,,72.06,10.38,4.8,,6.06,11.25,9.39,11.54,6.07,35.65,55.95,4.49,39.99,83.0,68.67,7.2,,27.33
2020-07-24 07:00:00,5.78,24.5,21.55,28.59,3.65,37.15,13.2,46.2,10.19,11.35,68.29,5.01,10.92,19.17,44.47,12.8,9.65,5.01,8.26,5.59,26.18,14.15,3.2,4.8,42.13,24.99,32.64,11.14,38.3,24.82,7.35,15.03,,69.48,10.24,4.45,,5.81,10.9,9.02,10.85,5.87,35.0,53.96,4.27,39.11,79.84,66.81,6.79,,26.99
2020-07-27 07:00:00,5.43,24.04,20.06,26.61,3.25,34.55,12.54,43.0,9.48,,66.54,4.68,10.66,18.25,41.67,11.94,8.99,4.66,7.98,5.2,25.24,13.33,2.91,4.47,40.1,23.26,32.59,11.14,35.64,23.09,6.95,14.66,,66.38,9.53,4.01,,5.4,10.15,8.4,10.12,5.53,33.28,50.34,3.92,37.77,75.3,62.18,6.32,,25.88
2020-07-28 07:00:00,5.7,24.13,21.36,28.42,3.54,35.7,12.61,44.57,9.94,10.57,67.27,4.96,10.72,19.09,44.15,12.62,9.3,4.75,8.41,5.57,25.67,13.74,3.17,4.74,40.91,23.98,33.01,11.44,36.78,23.93,7.35,14.94,,69.06,9.85,4.41,,5.77,10.55,8.68,10.51,5.91,33.92,53.82,4.12,37.86,74.23,66.08,6.63,,26.27
2020-07-29 07:00:00,5.53,23.95,20.85,27.63,3.31,34.16,12.9,42.06,9.55,9.84,67.86,4.79,11.47,18.61,41.35,12.25,8.99,4.71,8.17,5.26,25.67,13.62,2.98,4.55,39.98,23.03,32.96,11.33,35.05,22.82,7.26,14.8,,65.61,9.29,4.68,,5.51,10.15,8.4,9.99,5.76,33.49,52.54,3.87,37.11,73.15,63.74,6.39,,24.68
2020-07-30 07:00:00,5.63,24.04,20.99,27.97,3.37,34.59,12.83,42.81,9.78,9.72,67.78,4.82,11.11,18.86,42.65,12.66,8.86,4.77,8.3,5.32,25.71,13.88,3.02,4.61,40.35,23.44,33.27,11.33,35.6,22.82,7.35,15.01,,65.26,9.5,4.68,,5.59,10.2,8.61,10.01,5.81,33.45,54.39,3.92,37.82,73.84,65.54,6.5,,25.06
2020-07-31 07:00:00,5.6,24.04,20.68,27.8,3.37,34.42,12.76,41.93,9.71,9.78,66.61,4.8,10.76,18.58,42.65,12.59,8.77,4.74,8.15,5.09,25.71,13.25,3.06,4.58,40.91,23.51,33.79,11.26,35.6,22.87,7.22,15.01,,64.46,9.29,4.64,,5.51,10.1,8.4,10.36,5.84,33.02,55.17,3.98,38.88,72.69,64.34,6.47,,24.24
2020-08-03 07:00:00,5.78,24.23,20.99,28.31,3.48,36.81,12.83,44.0,9.96,10.4,67.05,4.98,10.79,19.17,43.75,12.76,9.08,4.83,8.6,5.43,26.7,13.68,3.13,4.71,42.61,23.98,33.37,11.35,36.9,23.4,7.3,15.59,,64.84,9.85,4.76,,5.73,10.35,8.61,10.43,5.86,34.05,55.74,4.18,38.93,73.84,65.66,6.71,,24.77
2020-08-04 07:00:00,5.9,26.71,21.38,28.59,3.54,38.6,12.98,46.14,10.1,10.54,70.93,5.03,10.95,19.44,44.34,13.18,9.17,4.88,8.64,5.54,27.21,14.12,3.2,4.77,43.75,24.3,33.58,11.68,37.54,23.71,7.37,15.59,,65.69,9.85,4.96,,5.83,10.5,8.72,10.51,5.93,35.39,56.09,4.2,39.11,74.61,66.93,6.76,,25.4
2020-08-05 07:00:00,5.98,26.99,21.86,29.16,3.54,39.19,12.98,48.08,10.37,10.62,70.93,5.11,11.05,19.63,44.67,14.0,9.34,5.05,9.05,5.7,27.26,14.35,3.17,4.82,44.56,24.99,33.63,11.7,37.49,24.33,7.53,15.77,,67.53,10.1,5.08,,5.89,10.65,9.0,10.54,5.96,35.74,56.52,4.23,38.66,76.76,67.41,6.88,,25.45
2020-08-06 07:00:00,5.92,26.62,21.58,29.04,3.65,38.64,12.72,48.02,10.26,10.57,70.85,5.03,11.02,19.55,45.25,14.07,9.3,5.15,9.03,5.73,28.67,14.35,3.13,4.76,43.67,25.02,33.68,11.63,37.62,24.64,7.46,15.8,,70.02,10.03,5.04,,5.83,10.5,8.88,10.57,5.96,35.78,56.52,4.32,38.88,77.69,69.03,6.84,,25.45
2020-08-07 07:00:00,5.9,26.71,21.5,29.38,3.54,38.25,12.72,49.34,10.42,10.73,70.78,5.01,10.98,19.67,45.71,13.93,9.3,5.16,9.09,6.0,28.63,14.23,3.13,4.74,43.83,24.8,33.53,11.61,37.62,24.46,7.42,16.0,,70.6,9.96,4.92,,5.79,10.45,8.86,10.7,5.93,35.82,56.52,4.29,38.88,77.15,69.45,6.8,,25.5
2020-08-10 07:00:00,5.92,28.1,21.5,29.38,3.6,38.68,12.9,48.46,10.44,10.73,70.71,5.05,10.95,19.71,45.9,13.79,9.78,5.25,9.12,6.1,29.28,14.2,3.2,4.79,44.15,24.93,33.63,11.63,38.13,24.51,7.63,15.98,,69.02,9.96,5.0,,5.85,10.6,8.98,10.83,5.96,35.39,56.52,4.36,39.2,76.92,68.85,6.84,,25.74
2020-08-11 07:00:00,6.32,27.82,21.72,29.27,3.6,38.55,13.09,49.02,10.62,10.71,70.71,5.2,11.05,19.63,45.58,14.28,9.74,5.29,9.11,6.1,29.02,14.15,3.28,4.8,44.23,25.09,33.58,11.56,38.55,24.42,7.57,15.96,,68.49,9.88,4.96,,5.97,10.65,9.0,10.78,5.98,35.48,56.38,4.47,38.88,76.53,68.85,6.87,,25.4
2020-08-12 07:00:00,6.32,27.82,22.12,29.27,3.65,38.72,12.98,48.34,10.72,10.5,70.63,5.11,10.98,19.84,46.36,14.34,9.74,5.32,9.12,6.02,28.84,14.0,3.28,4.9,43.91,25.18,33.42,11.61,39.22,24.2,7.68,15.98,,68.64,9.88,4.96,,5.95,10.75,9.09,10.78,5.98,35.48,56.38,4.58,38.84,77.3,69.51,6.95,,25.5
2020-08-13 07:00:00,6.35,27.45,22.37,29.38,3.71,40.0,12.94,49.4,10.88,10.53,70.78,5.31,10.85,20.03,47.27,14.45,9.65,5.37,9.2,6.1,28.84,14.23,3.24,4.93,44.07,25.94,33.27,11.68,39.31,24.82,7.85,16.33,,70.21,9.88,5.0,,6.04,10.85,9.16,10.8,6.06,35.87,56.38,4.6,39.11,78.15,69.99,6.96,,25.93
2020-08-14 07:00:00,6.3,26.9,22.0,29.27,3.6,39.06,12.72,49.28,10.76,10.66,70.19,5.18,11.05,19.96,47.08,14.24,9.56,5.43,9.05,6.0,27.9,14.23,3.28,4.99,43.26,26.22,32.75,12.17,39.31,25.04,7.89,16.33,,70.98,9.78,4.92,,5.93,10.7,9.16,10.72,5.97,35.44,56.59,4.49,38.84,77.38,70.17,6.85,,25.93
2020-08-17 07:00:00,6.42,27.91,21.84,30.74,3.65,38.77,12.79,50.22,10.76,10.57,70.12,5.2,11.05,20.05,46.88,14.52,9.61,5.47,9.12,6.08,28.5,14.23,3.28,4.98,42.94,25.94,32.85,12.56,38.97,24.77,7.78,16.19,,70.52,9.78,4.92,,5.89,10.65,9.3,10.51,5.97,35.57,56.59,4.56,38.97,77.07,70.35,6.82,,25.59
2020-08-18 07:00:00,6.37,27.91,21.67,30.57,3.6,38.0,13.2,50.22,10.62,10.52,69.98,5.27,10.95,19.98,46.82,15.07,9.7,5.43,9.07,6.21,28.76,14.23,3.32,4.95,42.45,25.69,32.85,12.42,38.84,24.51,7.8,16.31,,69.29,9.99,4.88,,5.85,10.75,9.28,10.49,5.98,35.57,56.52,4.63,38.44,76.76,69.51,6.82,,25.21
2020-08-19 07:00:00,6.37,27.73,21.78,30.63,3.65,38.6,13.16,49.9,10.67,10.94,70.42,5.31,10.95,19.98,46.95,15.79,10.09,5.38,9.11,6.18,28.76,14.45,3.35,4.96,42.69,25.81,32.85,12.33,39.64,24.64,8.05,16.33,,69.29,9.92,5.35,,5.91,10.8,9.35,10.64,6.0,35.87,56.8,4.63,38.44,76.92,69.33,6.85,,25.45
2020-08-20 07:00:00,6.73,27.73,21.58,31.31,3.65,38.6,13.05,49.09,10.67,10.98,70.93,5.33,11.02,20.07,46.23,15.58,10.27,5.32,9.05,6.16,30.13,14.45,3.32,4.96,42.13,25.78,32.64,12.47,39.1,24.64,7.9,16.33,,68.91,9.78,5.27,,5.83,10.65,9.25,10.51,6.07,35.87,56.8,4.63,38.22,76.61,69.27,6.84,,25.45
2020-08-21 07:00:00,6.86,27.73,21.98,32.38,3.71,39.06,13.12,49.02,11.13,11.06,72.39,5.7,11.02,20.22,46.88,15.79,10.4,5.39,9.14,6.24,31.12,14.79,3.35,5.03,42.61,25.87,32.7,12.82,39.27,24.95,7.93,16.47,,68.91,9.92,5.27,,5.97,11.05,9.41,10.62,6.24,35.82,56.45,4.69,38.26,76.61,69.51,7.01,,25.59
2020-08-24 07:00:00,6.79,27.73,22.37,32.72,3.71,39.96,13.45,50.16,11.18,11.82,76.63,5.86,11.02,20.67,47.53,15.82,10.49,5.58,9.31,6.32,31.38,14.82,3.43,5.18,43.42,26.54,32.7,12.61,40.91,25.97,7.97,16.63,,70.21,10.06,5.39,,6.1,11.3,9.69,10.72,6.35,36.26,56.8,4.74,39.55,76.92,70.05,7.43,,25.98
2020-08-25 07:00:00,6.83,27.73,22.29,32.33,3.77,40.38,13.31,51.28,11.31,12.64,77.51,5.77,11.02,20.84,48.05,15.82,10.31,5.58,9.22,6.26,31.51,15.26,3.43,5.25,43.42,27.64,32.64,12.7,42.51,26.46,7.9,17.05,,71.56,10.38,5.35,,6.1,11.25,9.86,11.04,6.37,36.26,56.52,4.82,40.44,76.53,70.53,7.36,,26.03
2020-08-26 07:00:00,6.86,27.73,22.2,32.27,3.88,40.55,13.42,50.47,11.31,12.92,77.07,5.92,11.02,20.65,47.86,16.13,10.44,5.6,9.09,6.21,31.59,15.22,3.39,5.21,43.34,27.55,32.59,13.05,43.36,26.15,7.93,16.86,,70.67,10.34,5.27,,6.12,11.2,9.76,11.2,6.33,36.08,56.45,4.91,40.44,77.38,70.41,7.33,,26.27
2020-08-27 07:00:00,6.96,,22.06,32.27,3.77,40.55,13.93,49.9,11.34,12.79,76.78,5.92,11.02,21.26,47.53,16.13,10.84,5.58,9.12,6.24,32.31,15.26,3.43,5.21,43.42,28.05,32.64,13.78,44.54,26.06,7.93,17.0,,70.21,10.31,5.35,,6.14,11.3,9.78,11.25,6.33,36.08,55.74,5.0,40.44,76.61,70.47,7.4,,26.27
2020-08-28 07:00:00,6.92,,22.88,32.44,3.77,40.94,13.89,50.56,11.5,12.92,77.51,5.83,11.34,21.29,48.31,15.82,10.57,5.58,9.12,6.1,32.31,15.19,3.43,5.21,44.15,29.28,32.7,13.69,44.12,26.94,7.97,17.05,,69.83,10.27,5.51,,6.14,11.35,9.99,11.22,6.33,36.04,55.81,5.0,39.95,77.38,71.74,7.56,,26.27
2020-08-31 07:00:00,6.86,30.95,23.1,31.7,3.71,42.51,13.56,49.71,11.77,12.74,77.14,6.1,11.21,21.12,48.25,15.62,10.4,5.62,9.22,6.05,31.86,15.1,3.43,5.22,44.56,29.47,33.11,13.22,44.28,26.59,7.93,17.07,,73.47,10.1,5.47,,6.06,11.2,9.86,10.93,6.38,35.87,55.74,4.87,39.99,79.23,72.76,7.48,,26.08
2020-09-01 07:00:00,6.83,33.12,23.36,32.22,3.83,43.88,13.71,48.93,11.98,12.66,76.63,6.12,11.18,21.29,49.09,15.82,10.66,5.64,9.31,6.32,31.82,15.16,3.43,5.27,44.23,29.6,32.7,13.62,44.62,27.03,7.93,17.11,,72.9,10.27,5.55,,6.14,11.3,10.04,10.96,6.64,35.87,55.88,4.89,41.2,81.15,74.08,7.49,,26.32
2020-09-03 07:00:00,6.86,35.42,23.81,32.1,3.83,44.05,13.67,49.06,11.88,13.0,74.95,5.99,11.18,21.5,49.35,16.36,10.66,5.9,9.39,6.4,31.59,15.5,3.47,5.3,44.88,29.91,32.8,13.69,44.79,27.21,8.29,17.35,,74.36,10.2,5.55,,6.2,11.4,10.18,11.01,6.68,37.25,56.52,5.07,42.0,82.76,74.98,7.59,,27.14
2020-09-04 07:00:00,6.83,37.86,23.75,31.93,3.83,43.71,13.49,49.12,11.91,12.9,74.66,5.94,11.08,21.33,48.57,16.11,10.53,5.88,9.37,6.34,30.96,15.47,3.43,5.25,45.61,29.69,32.59,14.25,44.36,26.86,8.21,17.25,,73.74,10.2,5.51,,6.26,11.3,10.11,11.25,6.57,36.69,56.8,5.02,41.77,82.76,75.16,7.51,,27.52
2020-09-07 07:00:00,6.73,40.48,22.91,31.14,3.77,41.79,13.16,48.47,11.45,13.08,73.12,5.94,10.98,20.69,46.88,15.68,10.44,5.78,9.2,6.18,30.96,15.1,3.35,5.15,44.23,28.49,32.59,15.23,43.93,26.1,7.93,16.93,,73.74,9.82,5.43,,6.24,11.2,9.81,10.99,6.47,36.13,56.16,4.96,40.66,82.3,75.77,7.2,,26.75
2020-09-08 07:00:00,6.66,43.3,23.05,31.31,3.77,42.51,13.2,47.69,11.7,13.22,76.78,6.01,11.11,21.12,46.88,15.79,10.7,5.82,9.26,6.24,31.32,15.1,3.39,5.18,44.4,29.38,32.54,15.74,44.02,26.5,7.93,16.98,,73.36,9.92,5.43,,6.42,11.25,9.95,10.96,6.51,35.65,55.74,4.98,40.22,82.15,74.68,7.33,,27.33
2020-09-09 07:00:00,6.76,44.22,23.02,31.99,3.77,42.0,13.05,47.82,11.59,13.48,74.88,6.27,10.92,20.99,46.69,16.22,10.88,5.76,9.2,6.45,32.04,15.01,3.39,5.16,44.56,29.47,32.59,15.81,43.76,26.37,7.9,17.18,,72.9,9.92,5.47,,6.44,11.3,9.81,10.88,6.52,35.52,55.81,4.96,40.22,81.53,74.44,7.32,,27.43
2020-09-10 07:00:00,6.76,41.45,22.85,31.88,3.77,41.15,13.2,48.14,11.59,13.25,75.24,6.23,10.92,20.99,46.88,17.12,11.23,5.8,9.22,6.34,32.13,14.85,3.39,5.18,44.4,29.63,32.59,16.39,43.07,26.5,7.93,18.04,,72.52,9.92,5.47,,6.44,11.2,9.92,11.06,6.59,35.48,55.45,4.96,40.22,81.53,74.98,7.3,,27.43
2020-09-11 07:00:00,6.73,39.89,22.82,31.82,3.83,40.6,13.16,48.08,11.72,13.35,76.41,6.23,10.85,20.97,46.75,16.97,11.28,6.01,9.18,6.37,31.68,14.95,3.43,5.19,44.56,29.47,32.64,17.19,42.73,26.37,7.9,17.9,,72.13,9.92,5.74,,6.4,11.15,9.86,11.06,6.57,35.57,55.17,4.98,40.48,81.38,74.44,7.32,,27.43
2020-09-14 07:00:00,6.86,38.51,22.85,32.55,3.88,41.41,13.2,47.42,11.72,13.49,74.66,6.34,11.11,21.03,46.49,16.87,11.06,5.99,9.24,6.8,31.68,15.13,3.69,5.28,45.04,29.35,33.06,17.42,42.82,26.59,7.9,18.18,,72.21,9.88,5.7,,6.4,11.3,9.95,10.93,6.54,35.87,55.03,5.02,41.37,82.61,74.68,7.43,,27.62
2020-09-15 07:00:00,6.89,39.75,22.99,33.8,3.88,40.94,13.27,47.56,11.63,13.3,75.31,6.33,10.98,21.33,47.08,16.9,10.97,5.92,9.28,6.96,31.73,15.19,3.65,5.27,44.88,29.31,33.11,17.66,42.56,26.54,8.01,18.02,,72.21,9.88,5.7,,6.42,11.6,9.88,10.85,6.51,35.65,54.53,5.2,42.22,82.23,75.04,7.38,,27.91
2020-09-16 07:00:00,6.86,38.78,22.88,33.46,3.88,41.02,13.53,47.56,11.54,13.28,76.34,6.25,11.02,21.54,46.88,16.83,11.1,5.91,9.28,7.39,31.86,15.13,3.69,5.27,44.48,29.85,33.11,17.66,43.68,26.9,8.01,18.04,,72.21,9.88,5.63,,6.46,11.55,9.9,10.8,6.51,35.82,54.82,5.2,42.44,82.23,74.68,7.36,,27.91
2020-09-17 07:00:00,6.96,38.51,22.85,33.18,3.88,41.24,13.67,47.75,11.59,13.18,77.51,6.23,11.05,21.33,46.69,16.9,11.19,5.86,9.54,7.2,32.89,14.95,3.76,5.27,43.75,29.72,32.9,17.56,42.99,26.5,7.9,18.46,,72.21,10.03,5.66,,6.5,11.45,9.86,10.78,6.51,35.65,54.46,5.2,41.77,81.46,74.86,7.32,,27.33
2020-09-18 07:00:00,7.02,38.41,23.13,34.54,3.94,41.49,13.67,47.82,11.82,13.3,77.22,6.25,11.05,21.84,47.21,17.3,11.19,5.89,9.65,7.6,32.89,15.07,3.88,5.46,43.91,29.82,33.16,17.8,43.33,26.77,7.9,18.64,,72.44,10.03,5.7,,6.62,11.65,10.09,10.91,6.74,35.82,54.6,5.53,41.77,81.53,76.01,7.44,,27.52
2020-09-21 07:00:00,7.12,38.23,23.02,34.54,3.94,42.13,13.53,48.01,11.79,13.18,76.26,6.07,11.08,21.84,47.4,17.15,11.28,6.08,9.65,7.44,32.94,15.1,4.03,5.54,44.15,31.05,33.32,18.75,43.59,27.03,7.97,18.69,,72.9,10.2,5.9,,6.71,11.75,10.32,10.96,6.72,35.87,54.74,5.56,42.66,81.92,78.23,7.48,,27.96
2020-09-22 07:00:00,7.21,38.37,22.96,34.2,3.88,42.51,13.45,47.42,11.82,13.2,77.51,6.14,11.08,21.88,46.82,17.01,11.28,6.12,9.59,7.6,32.94,15.35,3.99,5.59,43.99,31.43,33.11,19.1,43.33,26.99,7.9,18.69,,72.52,10.1,6.06,,6.73,12.55,10.34,11.06,6.78,36.3,54.53,5.56,42.04,82.07,77.93,7.49,,27.72
2020-09-23 07:00:00,7.28,38.23,23.36,34.08,3.94,42.47,13.49,47.69,12.02,13.13,77.51,6.16,11.11,21.8,47.34,17.05,11.14,6.15,9.69,7.6,33.39,15.22,3.99,5.59,44.88,32.15,33.01,18.68,44.36,28.1,8.21,18.53,,72.9,10.13,6.1,,6.79,12.65,10.32,10.99,6.72,36.91,55.03,5.71,42.0,81.92,77.69,7.62,,28.1
2020-09-24 07:00:00,7.18,38.23,23.08,34.08,3.83,42.0,13.31,47.56,11.91,13.28,77.65,6.2,11.15,21.54,47.86,17.3,11.14,6.15,9.63,8.0,33.34,15.13,3.95,5.7,44.56,31.93,32.96,18.82,44.45,27.61,8.09,18.69,,71.75,10.17,6.06,,6.73,12.45,10.39,10.85,6.75,37.21,54.74,5.71,41.33,81.38,76.55,7.51,,27.62
2020-09-25 07:00:00,7.18,37.58,23.02,34.08,3.88,42.17,13.2,46.51,12.0,14.0,76.85,6.2,11.11,21.67,47.6,17.12,11.09,6.17,9.67,8.16,33.43,15.01,4.1,5.7,44.31,31.71,32.96,17.98,44.36,27.48,8.01,18.69,,71.75,10.69,6.06,,6.68,13.3,10.36,10.88,6.67,37.16,54.74,5.86,41.24,81.23,76.79,7.46,,27.43
2020-09-28 07:00:00,7.31,37.58,23.3,34.25,4.17,42.34,13.23,45.14,12.43,14.07,77.51,6.51,11.18,21.8,47.01,17.12,11.18,6.23,9.91,8.62,33.21,15.01,4.29,5.82,44.31,32.5,32.9,18.78,44.11,27.48,8.01,18.64,,72.13,10.69,6.14,,6.87,13.8,10.57,11.01,6.72,37.16,54.39,6.04,41.24,81.15,77.15,7.62,,26.85
2020-09-29 07:00:00,7.25,37.4,22.94,33.57,4.17,40.9,13.23,43.71,12.18,13.84,77.43,6.38,11.05,21.41,46.55,16.9,11.18,6.19,9.89,8.14,32.76,15.13,4.21,5.72,43.42,32.66,32.9,18.5,43.5,26.94,8.01,18.48,,70.98,10.34,5.98,,6.81,13.3,10.43,11.3,6.61,36.56,53.47,6.13,40.66,80.0,80.01,7.6,,26.51
2020-09-30 07:00:00,7.28,37.31,23.02,34.48,4.05,41.49,13.23,45.14,12.16,13.94,77.14,6.59,11.05,21.33,46.42,17.23,11.37,6.2,9.91,8.38,32.76,15.04,4.25,5.75,44.23,32.91,33.16,18.03,43.25,26.99,8.09,18.6,,70.33,10.41,6.06,,6.89,13.8,10.46,11.33,6.65,36.34,53.61,6.13,40.66,80.46,79.79,7.6,,26.66
2020-10-01 07:00:00,7.28,37.31,23.1,35.22,4.17,41.62,13.38,45.01,12.18,13.74,77.43,6.59,11.05,21.67,47.14,17.33,11.37,6.38,10.14,8.46,32.94,15.1,4.43,5.78,44.48,33.13,33.06,18.64,43.68,27.34,8.13,19.34,,70.79,11.12,6.06,,7.23,13.75,10.55,11.28,7.01,36.65,54.74,6.42,41.11,81.15,80.08,7.72,,26.75
2020-10-02 07:00:00,7.44,37.22,22.94,34.99,4.0,41.32,13.86,44.82,12.34,13.77,77.43,6.38,11.05,21.46,46.82,17.41,11.28,6.35,10.03,8.27,32.94,15.04,4.43,5.78,43.83,32.82,32.96,18.22,43.5,27.03,8.37,18.57,,70.79,11.4,6.06,,7.21,13.45,10.43,11.35,7.05,36.3,53.89,6.51,41.77,80.69,79.13,7.57,,26.36
2020-10-05 07:00:00,7.64,37.22,22.79,35.05,4.17,40.9,13.93,43.71,12.6,13.9,76.12,6.4,11.28,21.54,47.21,17.98,11.97,6.38,10.27,8.27,32.98,15.32,4.43,5.91,45.37,32.82,32.85,18.03,43.16,27.12,8.6,19.4,,70.79,11.4,6.14,,7.42,13.7,10.43,11.09,7.13,36.08,53.96,6.73,41.46,80.61,78.61,7.75,,26.46
2020-10-06 07:00:00,7.76,37.12,22.82,34.76,4.17,41.45,13.93,42.08,12.46,13.9,76.63,6.34,11.41,21.54,47.21,17.76,11.87,6.35,10.61,8.43,32.98,15.44,4.4,5.96,46.99,33.2,32.85,18.31,43.16,27.08,8.49,19.29,,71.48,11.26,6.06,,7.38,14.2,10.36,11.33,7.12,36.26,54.03,7.46,40.8,80.38,78.39,7.73,,26.56
2020-10-07 07:00:00,7.57,37.12,22.82,34.05,4.11,42.47,14.08,39.47,12.37,13.87,76.78,6.31,11.34,21.5,48.25,17.62,11.74,6.35,10.44,8.46,32.35,15.26,4.32,5.88,50.15,33.95,32.75,18.12,42.9,27.08,8.33,19.13,,72.9,11.64,6.06,,7.25,13.7,10.09,11.14,7.02,36.73,54.53,7.42,41.11,80.0,79.13,7.6,,26.85
2020-10-08 07:00:00,7.51,37.08,22.79,33.87,4.11,42.47,13.93,39.86,12.43,13.84,76.78,6.51,11.15,21.8,48.57,17.44,12.2,6.3,10.55,8.43,32.44,15.04,4.25,5.89,51.77,34.55,32.7,17.98,42.82,27.83,8.29,19.17,,72.13,11.5,6.06,,7.25,13.55,9.88,10.99,6.98,36.65,54.39,7.3,41.02,80.0,78.32,7.51,,26.7
2020-10-09 07:00:00,7.6,36.75,22.77,33.75,4.17,42.43,13.93,40.05,12.66,14.2,76.63,6.44,11.15,21.67,48.38,17.41,12.61,6.3,10.7,8.4,32.44,15.04,4.36,5.86,55.17,34.39,32.49,18.31,42.77,28.01,8.33,19.43,,74.05,11.64,6.14,,7.32,13.55,9.88,11.2,7.06,36.65,54.67,7.3,41.6,80.3,78.17,7.49,,26.7
2020-10-12 07:00:00,7.54,36.94,23.1,32.75,4.17,45.07,13.86,42.08,13.33,13.84,77.22,6.36,11.18,21.71,48.83,17.23,12.56,6.26,10.61,8.46,32.18,14.95,4.32,5.86,56.87,33.92,32.44,18.01,42.43,27.48,8.17,19.29,,72.17,11.4,6.1,,7.25,13.3,9.81,10.99,7.03,37.12,55.03,7.24,41.73,80.76,78.39,7.49,,26.17
2020-10-13 07:00:00,7.57,36.85,23.27,32.86,4.11,45.75,13.75,40.9,13.99,13.8,76.04,6.33,11.31,21.63,48.83,17.05,12.89,6.17,10.51,8.22,31.82,14.79,4.36,5.84,60.6,33.51,32.18,17.98,42.43,27.7,8.09,19.27,,70.6,11.5,6.06,,7.13,13.45,9.9,11.01,7.05,37.38,55.45,7.06,41.82,80.76,78.47,7.49,,26.27
2020-10-14 07:00:00,7.76,36.85,24.2,32.03,4.05,46.35,13.64,39.99,13.74,13.9,77.14,6.23,11.31,21.76,48.96,17.12,12.61,6.24,10.64,8.08,31.86,14.88,4.43,5.89,64.81,34.39,32.18,18.31,42.56,27.87,8.05,19.01,,72.9,11.19,6.14,,7.36,13.5,10.57,11.09,7.09,38.12,55.74,6.99,42.22,80.46,78.69,7.68,,26.41
2020-10-15 07:00:00,7.93,36.85,23.84,32.15,4.0,46.01,13.45,37.84,13.76,13.77,76.34,6.33,11.44,21.84,48.83,17.01,12.47,6.33,10.91,8.08,32.4,14.85,4.66,5.88,65.7,34.52,32.38,18.26,42.82,28.8,8.01,19.34,,72.9,11.19,6.41,,7.38,13.85,10.57,11.04,7.03,38.29,55.03,7.1,43.33,81.53,78.76,7.7,,26.66
2020-10-16 07:00:00,7.99,36.75,23.81,32.27,4.05,45.92,13.45,35.49,14.27,13.59,76.04,6.29,11.28,22.69,49.09,16.94,12.84,6.38,10.93,8.06,32.22,14.73,4.7,5.96,64.81,34.2,32.33,17.75,42.94,30.18,8.13,19.24,,72.32,11.26,6.37,,7.38,13.75,10.48,11.09,7.08,38.12,54.67,7.35,43.37,80.76,78.69,7.88,,26.56
2020-10-19 07:00:00,8.18,36.75,23.64,32.03,4.0,47.29,13.71,37.7,14.72,13.74,75.31,6.23,11.18,22.74,48.18,17.12,13.62,6.37,10.85,7.84,32.13,14.7,4.7,6.09,66.43,34.17,32.49,18.22,42.43,29.91,8.01,19.24,,72.02,11.57,6.3,,7.46,14.1,10.64,10.83,7.23,37.81,54.03,7.48,43.42,80.38,78.91,7.83,,26.41
2020-10-20 07:00:00,8.18,36.75,23.7,32.03,4.17,46.68,13.78,39.01,14.7,13.49,75.31,6.33,11.37,22.69,47.27,17.05,13.58,6.51,11.02,8.35,32.04,14.82,4.62,6.24,67.81,34.17,32.18,18.31,42.21,29.69,8.05,19.24,,71.21,11.47,6.22,,7.4,14.2,11.06,10.99,7.28,37.9,54.1,7.44,43.46,80.38,77.81,7.94,,26.51
2020-10-21 07:00:00,8.15,36.75,23.89,31.86,4.05,44.95,13.56,38.03,14.22,13.3,75.39,6.27,11.21,22.52,47.08,16.9,13.07,6.51,10.93,8.14,32.09,14.85,4.62,6.19,67.81,33.85,32.33,18.01,42.04,29.69,8.01,19.34,,71.25,11.22,6.22,,7.19,14.4,10.99,10.99,7.09,37.25,54.25,7.44,43.24,79.92,77.95,8.04,,26.94
2020-10-22 07:00:00,8.28,36.75,24.23,31.86,4.05,46.94,13.64,37.7,14.66,13.44,75.83,6.27,11.37,23.04,47.99,16.87,13.16,6.5,11.12,8.27,31.95,14.85,4.62,6.28,68.86,34.72,32.44,18.1,42.47,30.22,8.17,19.36,,70.98,11.19,6.18,,7.32,14.6,11.08,10.75,7.15,37.42,55.03,7.37,44.48,80.76,78.17,8.2,,27.14
2020-10-23 07:00:00,8.28,36.75,24.15,34.05,4.0,47.98,13.6,37.12,14.56,13.71,75.97,6.36,11.37,22.99,47.86,17.05,13.21,6.55,11.6,8.24,31.95,15.13,4.66,6.29,69.67,35.2,32.33,17.94,42.56,30.13,8.13,19.43,,71.29,11.11,6.33,,7.27,14.55,11.1,10.78,6.99,37.81,56.45,7.44,46.22,81.0,80.59,8.23,,27.38
2020-10-26 07:00:00,8.02,36.66,23.13,32.92,3.94,46.59,13.17,36.86,13.97,13.64,75.31,6.27,11.24,22.52,46.88,16.9,13.16,6.43,11.56,8.16,31.77,15.26,4.66,6.14,71.21,35.2,32.18,17.94,42.99,30.58,7.97,19.38,,70.98,10.9,6.26,,7.15,14.1,10.8,10.54,6.81,37.16,55.74,7.37,46.71,80.38,80.96,7.78,,26.8
2020-10-27 07:00:00,7.89,36.57,22.96,32.63,3.94,45.82,12.94,36.4,14.08,13.51,75.02,6.22,11.24,22.22,46.88,16.76,12.98,6.32,11.79,8.22,31.59,15.07,4.66,5.98,71.21,35.2,32.23,19.17,42.47,30.76,7.82,19.38,,71.02,10.5,6.18,,6.99,13.3,10.78,10.3,6.74,37.16,55.1,7.28,46.97,80.38,80.3,7.8,,26.08
2020-10-28 07:00:00,7.7,36.71,22.17,31.97,3.83,42.79,12.55,36.4,13.69,13.23,74.58,5.92,11.24,21.63,46.82,15.9,12.33,5.92,11.42,8.0,30.96,14.88,4.66,5.86,69.67,33.6,32.18,19.71,40.84,29.25,7.64,19.31,,70.79,10.5,5.9,,6.79,13.1,10.36,9.99,6.27,36.39,53.68,7.24,44.53,80.0,78.69,7.43,,24.63
2020-10-29 07:00:00,7.73,36.39,21.81,32.33,3.83,43.4,12.83,36.86,13.33,13.23,74.58,5.88,11.21,21.71,46.23,16.11,12.61,6.07,11.49,7.92,30.83,14.85,4.66,5.94,68.05,32.73,32.18,19.71,41.44,29.6,7.57,19.24,,70.79,10.53,5.94,,6.95,13.5,10.09,9.83,6.45,36.13,54.1,7.28,44.75,78.69,78.32,7.46,,24.72
2020-10-30 07:00:00,7.8,36.39,21.72,32.21,3.83,43.65,12.75,36.79,13.28,13.22,74.58,6.01,11.18,21.97,45.84,16.87,13.02,6.22,11.47,8.03,30.87,15.5,4.66,5.94,68.05,33.5,32.18,19.15,42.13,30.8,7.42,19.38,,70.71,10.68,6.06,,6.95,13.3,9.88,9.72,6.47,35.87,53.96,7.28,47.33,77.84,79.13,7.56,,24.43
2020-11-02 07:00:00,7.93,36.75,21.95,32.21,3.88,44.09,12.67,36.86,13.92,13.46,75.97,6.34,11.18,22.05,45.38,16.58,13.44,6.28,11.49,8.54,30.92,15.13,,6.01,68.46,34.04,32.33,18.96,41.57,31.68,7.5,19.22,,71.17,10.68,6.14,,6.97,13.45,9.9,9.46,6.55,37.08,53.89,7.28,47.33,80.69,78.83,7.62,,24.63
2020-11-03 07:00:00,8.09,36.29,22.23,31.92,3.88,44.95,13.02,36.47,13.83,13.64,76.04,6.29,11.24,22.52,45.71,16.65,14.27,6.26,11.53,8.83,30.96,15.1,,6.09,68.05,34.3,32.23,20.27,41.53,31.46,7.66,19.52,,71.17,11.15,6.22,,7.05,13.6,10.18,9.78,6.61,36.73,53.82,7.28,46.4,81.15,78.91,7.67,,24.68
2020-11-04 07:00:00,8.25,36.34,22.43,32.15,3.94,45.47,13.14,36.47,14.01,13.67,75.31,6.29,11.21,22.61,46.82,17.01,14.27,6.48,11.51,8.81,31.41,15.07,,6.16,68.21,34.17,32.28,19.66,41.96,31.77,7.77,19.38,,71.17,11.15,6.3,,7.11,13.65,10.25,9.88,6.71,36.73,53.89,7.28,46.0,81.15,79.13,7.75,,25.06
2020-11-05 07:00:00,8.06,36.2,22.03,31.8,3.88,45.12,12.86,37.18,13.85,13.82,75.31,6.33,11.18,22.18,46.55,16.83,13.71,6.48,11.36,8.67,31.86,15.47,,6.11,71.21,34.17,32.23,19.9,41.87,32.17,7.71,19.34,,70.79,11.15,6.22,,7.01,13.35,10.09,9.88,6.64,36.73,53.75,7.28,46.44,81.3,79.71,7.59,,25.21
2020-11-06 07:00:00,8.12,36.29,22.03,31.74,3.88,44.95,12.9,37.05,13.85,13.87,75.31,6.34,11.24,22.35,46.1,16.9,14.04,6.46,11.42,9.02,32.13,15.26,,6.01,72.83,33.6,32.23,19.95,41.53,32.48,7.72,19.38,,70.64,11.0,6.33,,6.97,13.35,9.99,9.88,6.65,36.73,53.75,,46.71,81.3,79.71,7.52,,24.72
2020-11-09 07:00:00,8.22,36.48,22.15,32.33,3.88,45.73,12.94,37.97,14.18,14.84,76.04,6.57,11.24,22.78,46.49,17.91,14.17,6.55,11.83,9.45,32.53,15.41,4.6,6.09,77.45,33.82,31.92,20.37,41.7,32.79,7.93,19.45,,70.48,11.55,6.69,,7.11,13.7,10.2,9.88,6.95,36.95,55.38,,47.15,81.53,79.71,7.64,,25.21
2020-11-10 07:00:00,8.18,36.39,22.23,33.22,3.94,46.25,12.9,39.79,14.01,14.85,75.24,6.46,11.24,22.61,47.01,17.94,14.54,6.56,11.75,9.21,32.76,15.16,4.43,6.04,77.29,33.92,32.18,19.97,42.0,32.35,7.9,19.57,,69.83,11.48,6.69,,7.19,13.6,10.22,9.88,6.81,36.78,54.96,7.28,46.93,87.23,78.76,7.6,,25.79
2020-11-11 07:00:00,8.22,36.11,22.23,32.75,4.0,46.08,13.21,40.18,13.97,15.16,76.04,6.44,11.21,22.61,47.66,18.16,15.0,6.64,11.75,9.53,32.76,15.13,4.38,6.09,77.29,34.56,32.18,19.42,42.0,31.86,7.82,19.59,,69.75,11.48,6.69,,7.11,13.6,10.18,9.75,6.85,36.69,54.39,7.26,47.02,87.53,78.76,7.6,,25.59
2020-11-12 07:00:00,8.54,36.11,22.34,32.45,4.0,46.68,13.25,40.44,14.2,15.31,75.97,6.53,11.24,22.82,47.79,18.92,15.6,6.66,11.81,9.53,32.58,15.13,4.32,6.24,75.42,35.55,32.18,19.72,41.78,32.62,7.86,20.58,,70.37,11.77,6.88,,7.11,13.7,10.32,9.83,6.86,37.34,54.82,7.29,47.46,86.69,78.39,7.64,,26.27
2020-11-13 07:00:00,8.57,35.92,22.74,32.45,4.0,47.72,13.25,40.18,14.63,15.28,74.95,6.59,11.18,22.95,47.86,18.92,15.65,6.65,12.0,9.66,32.62,15.35,4.53,6.44,72.99,35.55,32.18,19.65,41.96,32.7,7.9,20.58,,70.98,11.73,6.81,,7.23,13.9,10.64,9.8,6.89,37.55,55.6,7.32,47.73,86.69,78.69,7.84,,26.27
2020-11-16 07:00:00,8.48,35.56,22.51,32.75,4.0,46.68,12.94,40.97,14.61,14.88,75.02,6.47,11.15,22.74,47.21,19.13,15.42,6.48,12.11,9.72,32.44,15.07,4.42,6.36,67.97,35.1,31.81,18.97,41.4,31.95,7.74,20.21,,69.75,11.48,6.69,,7.19,13.65,10.6,9.51,6.86,37.08,54.39,7.29,45.33,85.53,78.47,7.73,,25.93
2020-11-17 07:00:00,8.8,35.47,22.74,34.41,4.17,47.29,13.06,40.97,14.88,15.21,74.95,6.51,11.24,23.04,49.16,19.74,16.48,6.61,12.52,10.22,31.86,15.13,4.43,6.53,68.86,35.84,32.07,19.42,41.61,32.79,7.86,20.42,,69.91,11.51,6.81,,7.42,13.85,10.8,9.86,6.92,37.86,55.6,7.3,47.11,86.92,78.83,8.0,,26.27
2020-11-18 07:00:00,8.8,35.28,22.6,34.64,4.17,47.8,13.06,41.29,15.0,15.37,75.31,6.42,11.18,23.04,52.09,20.0,17.49,6.6,12.99,10.2,32.04,15.26,4.45,6.56,67.16,35.39,31.92,19.3,41.61,32.57,7.92,20.31,,70.44,11.77,6.81,,7.48,14.2,10.8,9.91,7.02,37.86,54.89,7.32,46.62,87.3,80.15,7.97,,26.56
2020-11-19 07:00:00,8.8,35.19,22.79,34.52,4.28,49.19,13.17,40.32,15.25,15.37,75.24,6.4,11.15,23.5,53.46,19.35,17.76,6.55,13.22,10.06,31.95,15.35,4.45,6.51,66.43,35.84,31.92,19.6,43.59,32.79,8.02,20.31,,74.32,12.53,6.73,,7.5,14.2,10.83,9.99,7.01,38.98,55.03,7.54,46.22,87.46,80.37,8.16,,26.94
2020-11-20 07:00:00,8.83,35.19,23.25,35.24,4.17,49.1,13.17,39.92,15.2,15.8,75.02,6.36,11.21,23.55,53.26,19.35,17.49,6.64,13.4,9.85,32.13,16.4,4.55,6.44,66.43,35.45,31.97,20.95,43.5,32.62,8.04,20.58,,73.67,12.71,6.73,,7.4,14.15,10.83,10.67,6.99,39.97,55.74,7.52,46.13,91.46,81.25,8.16,,26.7
2020-11-23 07:00:00,8.83,35.0,23.19,35.12,4.4,49.1,13.52,41.16,15.07,15.72,75.02,6.34,11.15,23.84,54.37,19.67,17.03,6.62,14.08,9.48,32.13,16.5,4.51,6.41,67.32,36.22,32.02,20.95,43.59,33.99,8.1,21.3,,73.09,12.68,6.69,,7.6,14.6,10.92,10.96,6.96,39.58,57.23,7.45,46.13,91.46,81.03,8.16,,26.75
2020-11-24 07:00:00,8.83,34.91,22.96,34.76,4.34,48.24,13.37,41.03,15.0,15.54,75.09,6.55,11.15,23.72,53.72,19.78,16.84,6.57,14.08,10.01,32.27,16.22,4.51,6.46,66.43,35.84,31.92,20.92,43.16,33.64,8.06,21.28,,72.59,13.4,6.65,,7.7,14.5,10.94,10.57,7.18,39.93,59.5,7.45,46.22,90.76,80.3,8.21,,26.99
2020-11-25 07:00:00,8.83,34.91,23.3,34.7,4.34,47.72,13.6,41.62,15.11,15.24,75.53,6.44,11.21,23.55,53.85,19.42,17.4,6.53,13.37,9.69,32.31,16.09,4.58,6.49,66.67,35.84,31.87,20.27,43.33,33.77,8.03,21.23,,73.74,13.37,6.73,,7.8,14.35,10.92,10.59,7.13,40.41,59.29,7.46,46.93,91.53,80.96,8.55,,27.28
2020-11-26 07:00:00,8.86,37.33,24.04,34.58,4.17,47.2,13.48,41.75,15.6,15.28,75.61,6.4,11.21,23.76,54.24,19.71,17.86,6.56,13.18,9.9,32.18,16.28,4.57,6.51,67.81,36.09,31.66,20.32,44.19,33.77,8.04,21.46,,74.82,12.97,6.73,,7.78,14.5,10.92,10.85,7.03,40.62,58.72,7.46,47.15,92.38,80.52,8.71,,26.94
2020-11-27 07:00:00,8.8,39.94,23.95,36.13,4.17,48.24,13.48,41.55,15.6,15.42,75.61,6.44,11.11,23.97,54.37,20.14,17.53,7.0,13.61,9.93,32.18,16.37,4.57,6.68,67.81,36.96,31.61,20.75,44.11,34.92,8.34,22.02,,74.24,13.33,6.69,,7.86,14.5,10.96,10.62,7.23,40.84,58.93,7.46,46.75,91.53,80.45,8.64,,26.8
2020-11-30 07:00:00,8.8,40.82,23.53,36.13,4.05,47.54,13.37,41.88,15.34,15.39,75.68,6.34,11.18,23.63,54.37,20.0,17.12,7.18,13.33,9.64,32.27,16.59,4.64,6.79,66.43,37.12,31.45,20.65,43.68,34.52,8.22,22.48,,74.24,13.11,6.69,,7.82,14.65,11.15,10.25,7.72,40.19,58.65,7.36,46.17,90.38,79.27,8.58,,27.23
2020-12-01 07:00:00,8.83,39.15,23.53,36.01,4.11,47.72,13.29,41.82,15.53,15.54,75.68,6.34,11.15,23.55,54.37,20.5,17.17,7.28,13.37,9.82,32.13,16.46,4.7,6.96,67.24,37.12,31.45,20.47,43.5,34.57,8.22,22.41,,75.02,13.44,6.81,,7.88,15.45,11.34,10.8,7.73,39.76,59.15,7.86,46.66,90.76,80.37,8.93,,27.28
2020-12-02 07:00:00,8.83,37.52,23.42,36.6,4.11,48.24,13.21,41.62,15.46,16.03,75.68,6.36,11.18,23.72,54.69,21.18,17.3,7.2,13.26,9.61,32.13,16.65,4.73,7.13,67.4,36.48,31.4,20.42,43.76,34.12,8.79,22.34,,76.3,13.8,6.85,,8.01,15.4,11.61,10.54,7.58,40.41,60.5,8.41,46.66,91.92,79.86,8.87,,27.52
2020-12-03 07:00:00,8.83,38.73,23.47,36.84,4.23,48.76,13.87,40.84,15.48,16.03,75.31,6.4,11.18,23.72,55.02,21.22,17.26,7.11,13.84,9.93,32.22,16.77,4.86,7.01,67.57,36.7,31.35,21.72,43.5,34.34,9.28,21.83,,75.6,13.76,6.81,,8.21,15.65,11.57,10.54,7.51,40.41,60.28,8.63,47.02,91.38,80.23,9.06,,27.43
2020-12-04 07:00:00,8.83,38.45,23.5,36.66,4.34,47.89,14.1,40.32,15.89,15.91,77.29,6.38,11.08,23.76,55.67,20.71,18.45,7.08,13.87,9.85,34.1,16.71,4.77,6.99,69.67,36.44,31.35,21.72,43.68,34.79,9.4,21.74,,78.31,13.95,6.69,,8.15,15.6,11.47,10.36,7.58,39.37,60.28,8.69,47.02,91.15,79.86,8.9,,27.04
2020-12-07 07:00:00,8.83,38.08,24.26,37.2,4.45,48.41,14.1,40.84,15.89,15.9,77.8,6.42,11.18,23.76,56.19,20.97,18.68,7.13,14.34,10.52,34.38,16.87,4.79,6.98,69.67,36.57,31.4,21.82,44.11,34.79,9.32,21.69,,80.25,13.87,6.73,,8.35,15.55,11.59,10.38,7.61,40.23,60.14,8.55,47.02,90.76,80.59,9.0,,27.33
2020-12-08 07:00:00,8.83,37.24,24.09,38.56,4.45,49.79,14.45,43.64,15.8,16.18,77.29,6.71,11.08,23.97,56.06,21.0,18.68,7.24,14.42,10.76,34.28,16.9,4.77,7.13,69.27,36.64,31.45,21.7,43.59,35.06,9.24,21.51,,79.86,13.84,6.88,,8.9,15.85,11.57,10.22,7.63,40.23,59.93,8.69,46.66,91.15,80.01,9.08,,27.23
2020-12-09 07:00:00,9.24,37.1,24.71,39.45,4.68,50.05,14.53,45.66,15.8,16.18,77.87,6.64,11.11,24.53,56.06,20.89,18.82,7.39,14.46,10.79,34.73,17.12,4.86,7.14,69.19,36.8,32.59,21.77,44.97,35.01,9.28,21.62,,77.73,13.87,6.85,,9.22,15.9,11.91,10.33,7.77,41.7,60.35,8.58,47.11,92.3,80.37,9.11,,27.43
2020-12-10 07:00:00,9.04,38.08,24.8,38.86,4.63,49.01,14.26,45.99,15.57,15.93,77.0,6.57,11.18,24.1,54.95,21.68,18.36,7.26,14.12,10.65,34.46,17.36,4.79,7.03,67.97,36.41,33.16,21.42,44.36,32.6,9.2,21.88,,76.8,13.48,6.73,,9.27,15.55,11.71,10.04,7.68,42.0,59.36,8.45,46.62,92.15,82.06,8.96,,27.23
2020-12-11 07:00:00,9.12,37.43,25.84,38.26,4.74,49.71,14.53,45.99,15.92,16.03,76.92,6.6,11.11,24.31,56.06,22.37,19.24,7.26,14.57,11.08,34.46,17.33,4.84,7.18,68.46,36.57,33.16,21.42,45.57,34.56,9.48,21.97,,79.36,13.66,6.81,,9.57,15.8,11.87,10.07,7.72,42.0,60.35,8.55,47.46,94.0,82.5,9.06,,27.62
2020-12-14 07:00:00,9.12,37.7,26.24,38.2,5.03,50.66,14.53,45.86,16.21,16.21,76.92,6.6,11.18,24.4,56.65,22.91,20.57,7.29,14.74,11.35,34.64,17.55,4.86,7.29,68.46,37.02,33.42,22.39,46.86,34.65,9.69,22.0,,79.09,14.38,6.77,,10.22,15.95,12.12,10.12,7.77,43.17,61.77,8.49,48.4,97.69,83.08,9.19,,28.97
2020-12-15 07:00:00,9.06,38.31,26.01,38.38,4.91,50.31,14.92,46.45,16.03,16.21,77.14,6.66,11.15,24.19,55.61,23.88,21.4,7.26,14.49,11.19,34.46,17.18,4.79,7.18,68.46,36.89,33.99,22.17,46.34,34.43,9.48,21.97,,77.15,14.24,6.69,,10.36,15.95,12.1,10.04,7.68,42.26,61.06,8.51,47.55,96.15,81.47,9.0,,29.07
2020-12-16 07:00:00,9.14,38.36,26.74,38.32,4.91,50.66,15.03,47.23,16.21,16.35,76.78,6.66,11.15,24.36,55.87,23.7,21.45,7.31,14.57,11.22,34.42,17.49,4.94,7.43,68.46,36.96,34.82,22.22,46.17,34.65,9.52,21.88,,77.19,14.38,6.73,,10.18,16.6,12.93,10.04,7.86,43.17,61.21,8.63,47.55,98.53,81.76,9.38,,29.46
2020-12-17 07:00:00,9.16,38.17,26.18,37.67,5.03,49.27,15.11,45.92,15.84,16.2,76.26,6.59,11.08,24.1,54.76,22.8,22.09,7.42,14.14,11.32,35.11,17.05,4.9,7.38,68.87,36.32,34.25,21.97,44.97,33.85,9.65,21.42,,76.76,14.38,6.73,,10.18,16.6,13.12,10.07,8.13,41.49,60.14,8.74,46.53,95.84,80.89,9.48,,28.73
2020-12-18 07:00:00,9.19,38.08,26.52,38.14,5.25,49.36,15.03,46.19,16.07,16.18,76.34,6.66,11.18,24.27,55.28,23.56,23.33,7.73,14.49,11.64,35.39,17.18,4.94,7.71,68.95,36.8,34.25,21.84,46.25,34.52,9.77,21.56,,78.24,14.38,6.81,,10.89,17.0,13.51,10.14,8.62,42.74,60.57,8.85,46.53,96.15,80.89,10.13,,29.12
2020-12-21 07:00:00,9.37,38.08,26.77,37.79,5.6,49.36,14.92,46.38,16.19,16.13,76.12,6.77,11.96,24.53,56.19,24.6,24.94,8.14,14.48,11.59,35.39,17.43,5.06,7.76,68.7,37.18,34.41,23.34,46.43,34.52,9.77,21.79,,77.54,15.11,7.04,,11.64,17.0,13.6,10.14,9.21,43.09,61.84,8.99,47.28,96.76,81.32,10.56,,29.36
2020-12-22 07:00:00,9.3,38.08,26.43,37.97,5.6,49.19,14.88,46.64,16.17,16.18,75.31,7.23,12.77,24.78,55.54,24.13,26.65,8.03,14.78,11.78,34.65,17.86,5.29,7.75,67.88,38.36,34.62,23.97,45.74,34.97,9.93,22.48,,77.34,15.62,7.16,,12.03,17.15,13.51,10.28,9.55,42.65,61.7,8.91,46.97,95.07,80.52,10.56,,29.26
2020-12-23 07:00:00,9.09,39.85,26.29,38.38,5.48,50.66,15.42,48.14,16.03,16.37,76.04,6.94,12.67,24.53,55.15,23.16,25.4,7.83,15.02,11.94,34.42,17.86,5.16,7.65,67.88,37.79,34.77,24.87,45.65,34.83,10.09,22.44,,76.37,15.4,7.08,,11.7,16.7,13.28,10.67,9.17,42.48,62.06,8.73,46.97,94.3,80.74,10.24,,29.55
2020-12-24 07:00:00,8.83,39.57,25.67,37.37,5.37,50.48,15.34,48.21,15.77,16.13,76.19,6.83,12.35,24.31,54.63,22.51,25.04,7.57,15.0,11.8,34.1,17.55,5.04,7.61,67.8,37.34,34.25,24.97,45.31,34.34,9.85,22.06,,76.76,14.89,6.81,,11.52,16.5,12.93,10.49,9.0,42.39,61.28,8.55,46.97,94.61,79.64,10.08,,28.92
2020-12-25 07:00:00,9.04,39.47,26.29,37.73,5.48,53.51,15.31,48.27,16.12,16.33,76.48,6.92,12.41,24.57,54.82,23.12,26.78,7.83,15.3,11.91,34.28,17.64,5.08,7.71,67.64,37.92,34.51,24.47,45.65,34.7,10.01,22.2,,76.76,15.18,6.85,,12.31,16.95,13.67,10.51,9.4,42.52,62.2,8.74,47.06,96.84,79.86,10.4,,29.41
2020-12-28 07:00:00,8.99,38.96,26.77,37.61,5.82,55.33,15.34,48.8,15.93,16.21,76.41,6.92,12.22,24.7,56.58,23.02,28.03,7.78,15.6,11.88,34.1,17.64,5.08,7.7,67.56,37.53,34.82,24.82,47.11,34.74,10.7,22.04,,76.41,15.22,6.85,,13.0,16.75,13.74,10.72,9.31,42.7,62.27,8.73,47.06,96.07,79.64,10.34,,29.41
2020-12-29 07:00:00,8.96,38.73,27.28,37.61,5.77,57.92,16.39,51.86,15.86,17.34,75.83,6.92,12.22,25.0,56.71,23.52,27.15,7.72,15.62,11.75,34.1,17.89,5.06,7.66,68.21,37.5,35.24,25.96,47.03,35.06,10.95,22.06,,77.5,15.22,6.77,,12.88,16.7,13.76,10.86,9.17,43.22,64.12,8.77,47.33,96.61,80.01,10.15,,30.57
2020-12-30 07:00:00,8.99,38.36,27.11,37.25,5.77,56.19,16.89,51.73,15.96,17.31,75.75,6.92,13.06,24.78,56.58,23.16,26.23,7.7,15.36,11.64,34.1,17.98,5.06,7.65,68.46,37.53,34.67,25.51,47.2,35.9,10.91,22.34,,77.54,15.15,6.69,,12.8,16.8,13.83,10.88,9.19,42.65,64.05,8.79,48.22,95.76,79.71,10.18,,30.28
2020-12-31 07:00:00,9.09,38.36,27.48,37.14,5.65,57.05,16.58,50.69,16.05,17.24,76.04,6.96,12.51,25.21,56.39,23.45,27.57,7.75,15.56,11.86,34.1,18.17,5.08,7.68,72.88,38.04,34.25,25.71,46.94,36.17,11.07,22.64,,75.6,15.22,6.69,,13.45,16.9,14.57,10.75,9.27,42.65,63.55,8.63,48.08,96.15,79.71,10.4,,30.32
2021-01-04 07:00:00,9.27,40.03,27.68,37.97,5.82,57.31,17.17,49.9,16.49,17.21,76.48,7.1,12.67,25.68,57.82,23.81,27.11,7.86,15.88,12.69,34.14,18.2,5.18,8.0,72.88,38.59,33.79,25.86,47.2,36.48,11.48,23.27,,77.31,15.22,6.77,,13.74,17.55,15.27,10.8,9.62,43.13,65.32,8.79,48.0,96.76,80.08,10.95,,30.57
2021-01-05 07:00:00,9.49,39.75,27.48,38.26,5.71,57.05,17.28,49.9,16.44,17.41,76.48,7.05,12.67,26.75,58.6,24.31,27.15,8.08,15.9,12.74,34.14,18.23,5.53,8.4,73.21,39.0,33.73,25.66,47.37,36.31,11.56,23.22,,77.15,15.51,6.96,,13.72,17.7,15.29,10.8,9.6,43.26,67.88,9.41,48.75,96.0,81.93,11.0,,32.16
2021-01-06 07:00:00,9.67,41.52,28.0,37.31,5.94,57.49,17.28,49.71,17.58,17.31,77.73,6.97,13.32,26.62,58.86,24.02,26.46,8.37,16.07,12.69,34.19,18.6,5.74,8.45,72.39,38.81,34.62,25.91,47.54,36.26,11.32,23.13,,76.96,15.44,7.0,,13.82,18.0,15.36,11.21,9.69,45.75,67.31,9.42,48.97,95.15,81.19,11.01,,32.06
2021-01-07 07:00:00,9.67,40.96,28.06,36.66,6.22,57.92,17.2,49.45,18.05,17.65,79.19,7.07,13.06,26.66,60.36,24.45,26.05,8.74,16.07,12.9,35.99,18.79,5.7,8.65,75.43,38.65,37.0,25.76,47.8,36.44,11.4,23.59,,76.68,15.44,7.55,,13.98,18.45,16.01,11.37,9.81,46.62,67.31,9.33,48.93,95.84,81.63,11.17,,32.74
2021-01-08 07:00:00,9.77,43.8,27.83,37.02,6.51,59.04,17.28,50.16,17.98,17.65,78.97,7.14,13.26,27.0,60.36,24.38,26.69,8.84,16.05,12.9,36.4,18.91,5.76,8.88,76.33,38.97,39.29,25.66,48.32,36.8,11.36,23.73,,76.84,15.84,7.51,,13.88,19.4,16.52,12.15,9.86,45.66,68.45,9.26,49.68,97.3,82.82,11.38,,34.28
2021-01-11 07:00:00,9.82,46.83,27.68,36.78,7.08,58.87,18.37,51.27,17.98,17.68,78.97,7.21,13.13,27.6,60.75,24.53,27.01,8.76,16.16,12.9,36.4,20.19,5.7,8.8,77.15,40.38,39.18,25.71,49.26,36.93,11.88,23.68,,78.43,16.6,7.4,,13.64,20.1,16.31,12.99,9.76,45.53,73.2,9.18,50.57,101.0,85.7,11.27,,35.88
2021-01-12 07:00:00,9.74,48.5,27.97,37.31,7.2,58.96,18.83,54.86,17.89,17.95,77.36,7.21,13.13,28.07,60.94,26.14,27.43,8.73,16.86,13.44,36.22,20.65,5.61,8.73,77.07,40.38,39.13,25.71,49.26,37.02,11.88,24.56,,79.67,16.6,7.4,,13.86,19.8,16.24,13.47,9.69,46.01,73.42,9.18,50.84,101.15,86.0,11.17,,35.44
2021-01-13 07:00:00,9.66,47.57,27.8,38.5,7.08,60.86,18.72,54.93,17.95,17.72,79.7,7.21,13.97,28.37,60.55,25.82,29.32,8.76,16.78,13.52,36.22,20.34,5.7,8.68,76.49,40.38,39.24,26.61,49.01,36.93,11.56,24.61,,80.29,16.38,7.51,,13.61,19.5,16.26,13.01,9.55,45.66,71.64,9.25,49.37,101.0,84.66,11.43,,34.96
2021-01-14 07:00:00,9.66,48.41,28.03,38.44,7.14,60.51,18.52,54.8,18.19,17.78,79.63,7.25,14.04,28.32,59.97,25.71,30.05,8.74,16.69,13.41,36.22,20.46,5.9,8.81,75.67,40.92,39.03,27.96,48.32,36.66,11.56,24.52,,79.48,16.6,7.51,,14.37,20.1,16.54,13.85,9.57,45.27,70.72,9.38,49.06,100.53,83.63,11.78,,35.35
2021-01-15 07:00:00,9.79,48.13,28.03,38.02,7.2,59.99,18.48,54.21,18.35,17.82,78.97,7.27,14.3,28.41,59.64,25.71,29.82,9.1,16.71,13.54,36.22,21.08,6.13,8.93,76.25,40.89,37.63,27.61,48.15,36.84,11.68,24.75,,77.73,17.29,7.55,,15.02,21.1,17.05,14.23,9.93,44.96,72.14,9.5,49.42,101.38,84.22,11.92,,35.44
2021-01-18 07:00:00,9.69,49.9,27.91,37.49,7.02,59.3,18.25,54.8,17.93,18.16,77.65,7.44,13.94,28.28,58.99,25.1,30.65,8.89,16.75,13.65,36.22,20.87,6.04,8.75,77.97,40.44,37.21,27.46,48.23,37.47,12.01,24.93,,77.69,18.16,7.32,,14.75,20.6,16.75,14.09,9.97,45.0,71.71,9.41,49.02,101.53,83.78,11.67,,36.07
2021-01-19 07:00:00,9.03,48.32,25.96,35.47,6.45,56.19,17.82,51.08,16.68,17.14,75.31,6.92,13.13,26.45,55.34,23.38,29.18,8.27,15.62,13.06,35.94,19.78,5.66,8.15,74.52,38.4,36.33,26.66,45.57,35.28,11.27,24.42,,74.82,17.43,6.65,,13.74,19.2,15.68,13.12,9.67,43.13,68.73,8.79,45.64,98.38,79.64,10.85,,36.02
2021-01-20 07:00:00,9.16,48.22,26.11,35.59,6.74,55.58,17.82,51.08,16.56,17.21,74.58,6.94,13.13,27.0,56.32,22.48,28.53,8.32,15.66,13.17,35.85,20.34,5.66,8.15,74.52,39.29,37.8,26.46,45.82,35.95,11.4,24.52,,75.48,17.0,6.96,,13.53,19.0,15.96,12.77,9.66,43.17,69.23,8.78,45.91,100.0,80.6,10.95,,35.54
2021-01-21 07:00:00,9.37,49.34,26.68,35.59,6.91,56.79,18.13,52.19,17.19,17.89,77.07,7.12,13.0,27.98,56.97,23.52,29.32,8.42,16.6,14.05,38.34,20.46,5.82,8.61,75.02,40.0,39.85,26.66,47.2,36.8,11.68,24.79,,75.21,17.43,7.0,,14.04,20.0,16.75,13.66,9.86,44.87,70.29,9.09,46.71,100.76,81.56,11.59,,35.35
2021-01-22 07:00:00,9.27,52.79,25.96,37.02,6.8,55.93,17.98,52.12,17.47,18.46,76.48,7.1,13.32,28.54,56.39,23.09,29.55,8.52,16.39,14.19,39.63,21.05,5.88,8.55,76.49,40.7,41.47,27.66,46.68,37.51,11.68,25.02,,75.21,17.32,6.85,,13.72,19.95,16.8,13.96,9.59,44.87,70.51,9.1,46.66,102.92,80.38,11.68,,35.64
2021-01-25 07:00:00,9.09,54.0,25.59,37.61,6.57,55.33,17.67,52.51,17.1,18.46,75.61,7.1,13.0,28.58,55.15,23.38,29.87,8.37,16.41,14.37,39.99,22.01,5.86,8.41,79.53,42.24,42.0,28.21,46.34,38.85,11.52,25.12,,75.21,16.27,6.57,,13.7,19.35,16.56,13.98,9.45,44.66,70.65,9.1,46.57,102.76,80.0,11.49,,36.51
2021-01-26 07:00:00,8.99,53.9,24.41,36.9,6.28,52.3,16.97,51.67,16.03,17.68,74.58,6.76,12.22,28.15,54.24,23.16,27.8,8.0,15.88,13.46,39.07,21.58,5.68,8.55,78.3,42.24,42.52,27.71,45.22,37.96,10.99,24.7,,73.66,15.4,6.45,,13.0,18.1,16.19,13.09,9.24,43.96,69.58,8.82,45.11,100.76,78.9,10.84,,35.73
2021-01-27 07:00:00,8.9,54.0,23.7,36.48,5.82,50.14,16.97,49.45,15.14,17.65,73.85,6.37,11.5,26.87,51.44,22.26,25.86,7.6,15.13,12.55,38.43,21.24,5.53,8.01,75.18,42.72,42.63,26.96,43.59,37.29,10.42,24.01,,72.42,14.35,6.14,,12.11,17.25,15.5,12.39,8.69,42.43,66.67,8.91,44.44,100.61,76.38,10.2,,33.27
2021-01-28 07:00:00,8.28,50.27,22.06,33.93,5.08,46.68,15.81,45.99,14.1,16.42,70.19,5.93,11.76,25.0,47.86,20.71,24.07,7.08,14.08,11.7,35.76,19.78,5.16,7.46,69.93,39.74,39.79,26.21,40.58,34.7,9.73,22.34,,67.38,13.37,5.55,,11.28,16.05,14.44,11.53,8.08,39.47,62.06,8.3,41.33,93.61,71.06,9.49,,30.95
2021-01-29 07:00:00,8.67,52.14,22.89,35.36,5.48,48.84,16.16,48.27,14.17,16.77,73.85,6.09,10.95,26.75,49.68,21.43,22.46,7.28,14.7,12.5,36.12,19.78,5.18,7.83,70.1,42.46,42.1,27.86,42.13,37.11,9.69,23.59,,62.69,13.08,5.74,,11.7,16.9,14.8,11.83,8.63,40.52,66.39,8.42,44.17,96.76,76.01,9.6,,30.95
2021-02-01 07:00:00,8.62,50.27,22.43,35.59,5.14,46.25,15.58,44.95,14.87,16.4,73.12,5.87,11.37,27.09,48.96,19.96,20.89,7.24,14.4,11.78,35.48,18.54,4.92,7.34,67.23,39.58,42.05,27.21,41.7,35.19,9.36,23.18,,67.07,12.2,5.31,,10.89,16.1,14.9,11.02,8.43,39.69,62.7,8.27,44.0,96.53,75.94,9.92,,28.97
2021-02-02 07:00:00,8.85,51.2,22.58,36.54,5.42,47.29,16.0,44.36,15.75,16.7,71.73,5.8,11.37,28.15,49.81,19.92,21.54,7.57,15.21,12.23,36.08,18.94,5.08,7.8,68.87,40.96,42.26,27.86,42.73,36.4,9.48,24.75,,69.4,13.04,5.78,,11.3,17.15,15.73,11.32,8.76,42.04,67.03,8.51,47.06,99.76,78.67,10.61,,30.86
2021-02-03 07:00:00,9.09,52.6,23.73,36.78,6.05,50.57,16.78,46.32,16.21,17.21,73.7,6.12,11.63,29.86,52.09,20.89,23.01,7.83,15.77,12.8,36.86,19.63,5.43,8.1,72.88,40.8,43.57,29.46,43.42,37.02,10.14,24.98,,69.4,13.95,6.1,,12.07,18.0,16.19,12.1,9.27,43.09,69.02,9.03,47.77,100.76,81.11,11.35,,31.97
2021-02-04 07:00:00,9.12,52.14,23.81,36.84,6.22,50.22,16.51,45.86,16.12,17.45,72.97,6.12,11.57,30.93,52.74,21.86,23.42,7.68,15.7,12.8,36.86,20.28,5.47,8.03,73.38,41.12,42.79,29.46,44.11,37.02,10.26,24.75,,70.6,13.95,6.06,,12.07,17.6,16.19,12.04,9.17,43.09,69.87,9.01,46.66,100.46,80.45,11.72,,31.48
2021-02-05 07:00:00,9.22,54.65,23.98,37.27,6.28,51.87,16.2,46.58,16.63,18.26,73.7,6.26,11.63,31.1,52.87,22.3,23.65,7.86,15.96,12.85,36.86,20.31,5.74,8.26,73.46,41.76,42.1,30.16,44.88,37.47,10.34,24.75,,70.52,14.89,6.33,,12.8,18.3,16.8,12.15,9.24,43.57,70.51,9.43,47.77,100.84,81.04,11.84,,31.58
2021-02-08 07:00:00,8.9,52.04,23.01,36.72,6.28,49.62,16.2,44.75,15.82,18.39,72.97,6.11,11.54,30.41,51.44,21.25,22.04,7.65,15.36,12.58,37.6,19.22,5.8,7.98,70.18,41.12,40.79,30.61,44.71,36.13,9.89,24.98,,67.46,14.93,5.94,,12.44,17.4,16.19,11.32,9.07,41.0,67.24,9.27,44.88,95.84,77.86,11.52,,29.84
2021-02-09 07:00:00,9.24,53.07,23.41,36.84,6.51,51.78,16.55,45.01,16.44,18.46,73.85,6.12,11.57,31.82,52.94,22.01,22.14,7.86,15.7,12.85,38.43,19.78,6.02,8.26,72.72,41.44,41.47,31.36,45.57,37.33,10.05,26.37,,69.86,15.91,6.1,,12.9,18.15,16.66,11.48,9.29,42.35,68.73,9.59,47.2,99.22,79.86,12.32,,30.47
2021-02-17 07:00:00,9.51,54.46,24.16,38.01,7.02,53.51,17.51,47.16,17.1,19.74,73.85,6.28,11.7,33.23,56.58,23.52,23.65,8.29,16.32,13.62,41.01,20.77,6.08,8.61,75.43,44.16,42.52,32.26,47.89,38.63,10.58,27.34,,70.33,16.96,6.33,,13.64,18.75,17.77,11.94,9.59,43.57,71.71,10.06,48.0,100.76,80.38,13.17,,32.59
2021-02-18 07:00:00,9.43,55.67,24.9,38.62,7.08,53.51,17.51,47.75,17.1,20.15,73.34,6.68,12.02,33.36,58.67,23.81,25.27,8.32,16.46,13.33,41.28,21.27,6.0,8.75,77.97,44.64,42.79,32.51,48.23,39.07,10.62,27.57,,74.63,16.96,6.22,,13.53,18.6,18.0,12.66,9.64,44.44,73.28,9.98,48.88,101.38,80.6,13.22,,33.66
2021-02-19 07:00:00,10.06,56.51,25.3,39.23,6.91,53.16,16.89,47.56,17.19,20.04,73.34,6.7,12.02,32.67,57.88,24.1,25.86,8.34,16.32,13.46,41.93,21.02,6.02,8.96,77.8,44.03,42.16,32.41,48.32,38.81,10.62,27.11,,74.32,16.6,6.26,,13.47,18.7,17.9,12.56,9.59,44.13,73.2,10.02,48.44,101.38,79.86,13.0,,33.32
2021-02-22 07:00:00,10.22,56.79,25.1,38.86,6.97,52.82,17.2,49.45,17.19,19.84,73.49,6.66,11.89,32.76,57.43,24.02,25.73,8.42,16.3,13.78,44.51,21.02,6.02,8.91,77.56,43.84,42.42,32.21,49.18,38.0,10.5,26.37,,73.66,15.98,6.18,,13.35,18.6,17.86,12.29,9.66,43.83,75.12,10.05,48.75,101.22,79.49,13.11,,32.98
2021-02-23 07:00:00,10.26,56.79,25.25,38.5,7.14,52.3,17.05,49.64,17.21,20.08,74.51,6.62,11.89,32.21,58.21,23.74,27.52,8.47,16.26,13.76,44.6,20.77,5.98,9.15,76.0,43.58,42.42,31.96,48.83,37.29,10.46,26.09,,72.11,16.34,6.41,,13.66,18.8,18.41,12.39,9.67,43.57,74.77,9.91,48.88,103.07,79.12,12.96,,33.22
2021-02-24 07:00:00,10.09,54.93,24.7,37.58,6.91,51.61,16.93,48.93,17.42,20.85,73.34,6.49,11.83,32.16,57.36,23.48,26.51,8.3,16.37,13.68,44.23,20.4,5.86,9.01,74.61,42.81,42.21,31.51,49.26,36.98,10.3,26.37,,71.84,16.24,6.3,,13.59,18.35,18.09,11.99,9.48,42.74,72.99,9.97,48.08,101.46,78.23,12.71,,32.55
2021-02-25 07:00:00,10.48,54.46,24.64,38.01,7.08,51.52,16.66,48.8,17.33,22.1,73.85,6.49,11.76,32.51,58.08,23.74,26.6,8.32,16.58,13.81,44.23,20.09,5.98,9.11,73.46,43.42,42.0,31.06,50.21,37.51,10.34,26.09,,72.69,15.94,6.26,,13.59,18.5,18.09,11.88,9.47,42.78,72.99,10.25,48.4,103.84,77.34,12.68,,32.59
2021-02-26 07:00:00,10.69,53.53,25.02,38.62,7.02,51.09,16.51,48.21,17.3,21.93,73.49,6.47,11.76,32.51,58.14,24.1,26.55,8.21,17.12,14.19,44.42,19.78,6.02,9.23,74.03,43.2,41.79,31.46,50.04,37.91,10.26,26.23,,72.89,15.76,6.26,,13.49,18.35,18.16,11.75,9.53,42.78,72.14,10.58,48.44,103.92,77.49,12.8,,32.06
2021-03-01 07:00:00,10.76,53.53,25.3,38.99,7.94,53.42,17.24,49.19,17.7,22.0,73.7,6.72,11.99,33.23,59.84,24.71,27.15,8.42,17.35,14.99,44.88,20.15,6.43,9.46,74.85,43.13,41.84,32.11,50.73,37.82,10.62,26.32,,72.81,16.64,6.37,,14.22,19.1,18.6,12.18,9.69,43.22,73.13,11.31,48.22,104.76,78.08,13.06,,33.08
2021-03-02 07:00:00,10.68,53.9,25.27,39.78,7.94,53.42,17.24,49.06,17.65,21.76,73.49,7.03,12.22,33.23,59.25,24.45,27.52,8.71,17.54,14.94,45.06,20.34,6.6,9.38,74.52,43.45,41.63,32.21,50.38,37.51,10.54,26.32,,72.46,16.64,6.33,,14.24,19.15,18.65,12.12,10.3,43.26,72.99,11.62,48.08,105.92,77.56,13.04,,33.51
2021-03-03 07:00:00,10.76,56.79,25.13,39.97,7.99,52.99,17.17,48.8,17.93,23.28,73.19,7.08,12.19,33.14,59.25,24.17,27.24,8.79,17.57,15.04,45.06,20.34,6.54,9.35,74.2,43.58,42.73,32.11,50.3,37.78,10.46,26.41,,71.44,16.64,6.33,,14.16,19.0,18.67,12.26,10.3,42.87,72.07,11.51,47.51,105.53,77.27,13.32,,34.28
2021-03-04 07:00:00,10.48,54.46,24.53,38.92,8.85,51.87,17.2,47.56,17.79,23.89,73.05,7.18,12.09,32.38,59.19,23.23,26.46,8.55,17.24,14.83,45.16,19.81,6.35,9.06,72.47,42.49,42.31,31.36,49.69,37.42,10.26,25.67,,69.56,16.34,6.22,,13.59,18.35,18.07,11.75,9.92,42.39,71.0,11.19,47.51,105.22,76.46,13.28,,33.37
2021-03-05 07:00:00,10.5,54.18,24.33,38.37,9.19,51.0,17.9,46.9,17.65,24.09,72.39,7.37,12.02,32.38,60.23,23.52,26.74,8.44,17.27,14.96,45.2,19.5,6.45,9.13,73.13,42.3,41.95,31.26,49.87,37.42,10.95,25.63,,68.98,16.31,6.22,,13.59,18.7,18.14,11.83,9.86,42.0,69.87,11.54,47.24,105.22,76.16,13.38,,33.37
2021-03-08 07:00:00,10.29,54.0,24.36,38.01,9.37,51.09,18.17,47.69,17.61,23.66,72.39,7.22,11.99,32.33,61.86,23.12,27.06,8.47,17.39,15.44,47.0,19.29,6.43,9.21,71.65,41.85,42.73,31.11,50.21,37.33,11.52,25.9,,68.39,16.2,6.22,,13.64,18.6,17.98,11.88,9.86,41.48,69.02,11.5,47.11,104.61,75.57,13.24,,33.27
2021-03-09 07:00:00,10.37,53.9,24.01,37.58,8.91,50.92,18.13,51.01,17.28,23.89,72.1,7.3,11.96,31.99,61.01,22.8,26.42,8.47,17.22,15.15,46.72,19.1,6.43,9.11,71.08,40.99,43.05,31.81,48.66,37.29,11.07,25.44,,67.61,16.42,6.18,,13.43,18.55,18.02,12.04,9.83,41.39,69.73,11.46,46.35,103.76,74.31,13.38,,32.93
2021-03-10 07:00:00,10.6,54.84,24.1,37.88,9.19,51.52,18.17,51.01,17.44,23.99,73.12,7.33,11.96,32.55,59.9,23.09,26.69,8.52,17.12,15.04,46.81,19.66,6.54,9.33,71.33,41.76,43.31,32.11,47.97,37.33,11.11,25.4,,67.73,16.42,6.41,,13.45,18.7,18.18,12.23,9.85,41.61,70.93,11.44,47.11,104.22,74.76,13.44,,32.98
2021-03-11 07:00:00,10.68,54.93,24.84,37.88,9.59,52.3,18.52,50.88,17.75,24.3,74.22,7.37,11.96,32.72,60.36,23.16,27.15,8.62,17.42,15.23,46.91,19.57,6.58,9.43,71.57,42.4,43.52,33.35,47.8,37.51,11.23,25.67,,68.78,16.49,6.81,,13.8,19.3,18.58,12.29,9.9,41.95,71.0,11.52,47.06,104.69,76.01,14.01,,33.17
2021-03-12 07:00:00,10.66,53.72,24.87,38.13,9.42,52.3,18.41,50.75,17.63,24.57,74.22,7.28,11.96,32.63,59.32,23.02,28.44,8.7,17.44,15.1,47.0,19.32,6.76,9.43,71.57,41.95,43.15,33.55,47.8,37.33,11.19,25.67,,69.56,17.29,6.96,,13.61,19.2,18.53,12.2,9.9,41.74,70.93,11.58,47.06,103.84,75.57,14.25,,33.46
2021-03-15 07:00:00,10.84,54.28,24.67,37.94,9.37,51.95,18.37,51.86,17.65,25.44,74.0,7.22,11.99,32.63,59.32,22.98,27.89,8.7,17.46,15.07,46.91,19.44,6.7,9.65,72.56,42.46,43.0,33.45,49.09,37.92,11.15,25.4,,69.17,17.29,7.0,,13.49,18.9,18.55,12.23,9.93,41.95,70.86,11.64,47.11,103.84,75.57,14.34,,33.27
2021-03-16 07:00:00,10.82,53.35,24.33,37.58,9.14,51.52,18.37,51.47,17.51,25.17,74.07,7.18,11.96,34.55,58.8,23.59,27.11,8.74,17.31,15.15,46.81,19.38,6.62,9.56,72.15,42.62,42.47,33.5,49.69,37.65,11.07,24.93,,70.58,17.22,7.36,,13.29,18.9,18.44,12.72,9.86,41.69,70.65,11.59,46.84,103.53,74.68,14.2,,33.61
2021-03-17 07:00:00,10.84,53.53,24.84,37.39,9.42,51.52,18.1,50.82,18.37,25.31,74.0,7.54,11.99,34.47,60.42,23.99,27.34,8.97,17.39,15.2,46.54,19.53,6.66,9.68,72.15,42.49,42.26,33.55,49.69,37.69,11.36,24.93,,70.03,17.07,7.44,,13.25,19.6,18.65,12.85,9.93,41.65,70.51,12.26,46.53,102.69,74.31,14.28,,33.66
2021-03-18 07:00:00,10.98,53.9,25.82,37.39,9.37,52.47,18.13,50.75,18.81,24.97,74.58,7.53,12.45,34.55,59.77,23.88,28.26,8.97,17.5,15.36,46.54,19.97,6.68,9.75,73.54,42.75,42.63,33.95,49.61,38.28,11.27,25.02,,70.58,17.07,7.67,,13.53,19.7,19.41,12.82,10.04,42.48,70.79,12.19,47.37,103.76,75.79,14.68,,33.8
2021-03-19 07:00:00,10.94,53.9,25.82,37.27,9.54,52.73,18.6,50.75,18.79,24.2,73.49,7.53,12.8,34.04,59.19,23.7,27.61,8.86,17.7,15.58,46.63,20.12,6.68,9.75,72.72,42.56,41.47,34.2,48.4,38.14,10.91,26.0,,70.34,16.71,7.71,,13.53,19.6,19.43,12.39,10.0,41.04,69.44,12.18,48.17,100.38,75.2,14.47,,32.84
2021-03-22 07:00:00,10.81,53.81,25.62,37.02,9.59,53.77,18.91,49.58,19.09,23.42,73.56,7.49,12.58,33.57,58.93,24.89,27.34,8.79,17.55,15.39,47.92,19.84,6.68,9.56,72.23,42.2,42.42,33.7,48.15,37.96,11.03,26.14,,69.96,17.07,7.55,,13.57,19.2,19.11,12.5,9.97,42.26,70.51,12.03,47.68,102.07,74.53,14.37,,33.42
2021-03-23 07:00:00,10.68,53.44,25.07,36.9,9.54,53.34,18.75,49.51,18.81,23.62,73.41,7.53,12.35,33.61,59.77,24.6,27.01,8.65,17.5,15.31,47.74,19.47,6.66,9.46,70.92,41.92,42.0,34.69,49.18,37.96,10.83,25.67,,69.56,16.92,7.4,,13.37,18.8,18.72,12.2,9.79,41.74,70.08,11.86,47.33,100.76,74.09,14.25,,32.98
2021-03-24 07:00:00,10.5,51.2,24.18,36.53,9.37,51.44,18.13,47.82,18.12,22.64,72.68,7.45,12.02,32.85,58.67,23.88,25.91,8.32,17.07,14.51,47.37,19.16,6.56,9.21,69.77,41.56,41.89,34.42,48.4,37.92,10.38,24.98,,68.59,16.49,7.08,8.27,12.72,18.4,18.18,11.8,9.33,41.26,69.02,11.67,47.95,98.46,72.98,14.12,,32.26
2021-03-25 07:00:00,10.37,51.95,24.24,36.47,9.37,51.35,18.41,47.69,18.3,22.71,73.12,7.43,12.35,32.67,58.8,23.74,25.4,8.35,16.9,14.62,47.0,19.16,6.54,9.2,70.51,41.21,42.0,34.14,48.32,38.33,10.26,24.7,,68.39,16.09,7.0,8.85,12.52,18.75,18.21,11.75,9.31,41.43,68.66,11.48,49.06,98.53,72.83,13.85,,31.72
2021-03-26 07:00:00,10.5,53.07,24.16,35.8,9.31,50.48,18.52,46.38,18.14,22.58,71.66,7.41,12.35,32.46,58.08,23.38,25.13,8.4,17.35,14.64,47.18,18.6,6.45,9.18,70.42,41.6,41.74,33.76,48.06,38.28,10.34,24.98,,67.61,15.98,7.67,9.46,12.56,18.95,18.23,11.64,9.24,41.34,67.95,11.52,49.95,100.38,72.02,13.89,,31.1
2021-03-29 07:00:00,10.68,53.53,24.41,35.98,9.48,51.18,19.8,47.95,18.58,23.76,72.97,7.49,12.28,33.1,58.27,23.74,25.63,8.48,17.39,14.8,48.84,18.85,6.72,9.43,70.59,41.63,42.0,34.03,47.8,38.33,10.66,25.12,,67.73,16.02,8.42,10.12,12.76,19.2,18.3,12.07,9.48,41.52,68.31,11.71,50.13,101.22,73.2,14.25,,31.92
2021-03-30 07:00:00,10.77,53.81,24.59,35.98,9.42,51.87,19.84,48.08,18.77,23.08,72.97,7.43,12.67,32.89,58.34,24.35,25.96,8.55,17.44,14.91,48.84,18.85,7.09,9.45,72.56,41.4,42.37,33.92,47.72,38.1,10.74,24.61,,68.39,16.13,9.24,10.82,12.92,20.5,18.53,12.29,9.62,41.3,68.38,12.36,51.99,101.22,73.35,14.39,,31.48
2021-03-31 07:00:00,10.77,53.53,24.64,35.74,10.11,51.52,19.8,47.56,18.65,22.78,72.9,7.62,13.06,33.14,58.41,24.35,25.59,8.62,17.57,15.2,48.38,18.88,7.11,9.4,75.84,41.5,42.26,34.03,47.37,38.1,10.74,24.33,,70.34,16.27,10.11,11.56,12.9,21.45,18.69,12.34,9.64,41.3,69.09,12.9,52.39,99.76,72.76,14.29,,31.58
2021-04-01 07:00:00,10.95,53.44,25.22,36.29,10.28,52.65,20.15,48.21,19.07,23.32,72.9,7.89,13.19,34.0,58.99,24.92,26.19,8.74,18.21,15.52,48.38,19.22,7.13,9.75,75.67,42.97,42.94,34.69,48.4,38.55,11.11,24.93,,69.96,16.64,10.62,11.58,13.8,21.6,18.97,13.07,9.69,42.22,70.29,13.3,54.66,101.92,74.68,14.69,,32.69
2021-04-02 07:00:00,11.21,53.44,25.82,36.78,10.16,53.42,20.11,48.01,19.19,23.22,73.05,7.81,13.26,34.04,58.8,25.03,26.05,8.89,18.42,15.47,48.66,19.41,7.21,9.88,76.0,43.13,43.05,35.46,48.58,39.99,11.07,24.84,,70.34,16.64,10.62,11.6,13.94,22.6,19.08,13.04,9.79,42.61,71.5,13.51,54.66,101.76,75.94,14.79,,32.69
2021-04-05 07:00:00,11.24,53.44,26.14,36.53,10.28,52.47,19.68,47.16,19.51,23.22,72.97,7.76,14.17,33.96,58.21,24.78,26.05,9.02,18.51,15.44,48.66,19.04,7.23,10.15,76.25,42.91,44.89,37.33,48.06,40.04,11.11,24.79,,70.15,16.49,9.56,11.54,14.22,23.15,19.2,13.23,9.83,44.44,72.21,14.2,55.24,101.76,75.86,14.87,,33.32
2021-04-06 07:00:00,11.24,53.53,26.25,36.78,10.39,53.25,19.37,46.97,19.98,23.52,72.83,7.83,15.01,33.87,58.41,24.74,25.68,9.01,18.55,15.26,48.75,19.19,7.15,10.48,75.34,42.65,45.57,37.22,47.97,40.13,10.95,24.66,,69.56,16.34,9.76,11.5,14.22,22.75,19.52,13.96,9.74,44.39,72.21,14.28,56.44,102.3,75.05,14.87,,33.8
2021-04-07 07:00:00,11.13,53.07,26.14,37.76,10.34,54.81,19.41,47.62,19.98,23.92,72.83,7.91,14.95,33.96,58.01,25.78,25.77,9.06,18.57,15.66,48.75,19.13,7.15,10.62,76.9,43.04,46.25,37.71,47.97,39.9,11.36,24.66,,69.17,16.49,9.84,11.5,14.37,22.3,19.52,14.23,9.97,44.39,71.36,14.2,56.75,102.3,74.02,14.89,,34.19
2021-04-08 07:00:00,11.13,53.44,25.7,37.7,10.16,53.94,19.3,47.1,19.79,23.72,72.46,7.87,14.82,33.96,57.95,25.39,26.14,9.15,18.53,15.82,48.66,19.47,7.17,10.42,76.25,42.88,46.62,37.71,48.06,39.9,11.23,24.42,,68.0,16.45,9.91,11.33,14.3,22.2,19.41,14.01,10.0,43.57,70.79,13.64,55.73,102.3,73.87,14.95,,34.09
2021-04-09 07:00:00,11.13,53.16,25.42,37.7,10.16,53.94,19.14,46.77,19.74,23.69,72.61,7.79,14.59,35.02,57.82,25.68,26.23,9.14,18.61,16.14,48.66,19.75,7.44,10.47,75.51,42.65,47.25,37.66,48.06,40.71,11.23,24.75,,68.0,16.49,9.95,11.37,14.32,22.7,19.25,14.23,9.97,42.48,70.22,13.51,55.5,101.38,73.79,15.11,,33.8
2021-04-12 07:00:00,11.37,52.42,25.68,37.7,9.99,53.94,19.68,46.12,20.07,23.42,72.39,7.83,15.21,35.02,57.23,25.68,26.14,9.1,19.23,16.22,48.56,19.91,7.72,10.57,75.34,43.16,50.03,37.49,48.06,41.39,11.6,24.79,,68.39,16.34,9.99,11.37,14.83,23.45,19.5,13.96,10.09,43.09,72.28,14.12,58.66,101.38,73.94,15.69,,34.09
2021-04-13 07:00:00,11.19,52.42,25.05,36.9,9.54,52.56,19.14,44.88,19.53,22.98,72.1,7.64,15.34,34.42,56.0,25.1,25.36,9.02,18.81,15.69,48.38,19.5,7.54,10.38,77.23,43.16,50.71,37.22,47.2,40.9,11.27,24.61,,67.77,16.16,9.99,11.21,14.47,22.7,19.25,13.26,10.24,42.48,72.78,13.86,62.53,101.46,73.94,15.91,,34.09
2021-04-14 07:00:00,11.19,52.42,25.25,37.02,9.76,52.47,18.99,45.66,19.86,23.25,72.02,7.64,16.41,34.55,56.32,24.89,25.17,9.1,19.9,16.03,48.47,19.66,7.56,10.43,82.56,43.32,52.55,37.11,47.46,41.26,11.23,24.47,,67.49,16.16,10.11,11.0,14.61,22.9,19.34,13.2,10.26,43.0,71.36,13.94,62.22,101.53,73.42,16.04,,33.8
2021-04-15 07:00:00,10.95,48.88,24.7,37.15,9.59,51.44,18.48,45.34,19.6,23.28,71.95,7.43,16.77,34.13,56.0,24.63,24.53,8.93,20.46,16.89,48.2,19.29,7.6,10.22,81.98,42.78,53.81,37.11,46.77,41.48,10.91,23.92,,67.1,15.98,10.23,11.08,14.16,22.35,18.92,12.91,9.97,42.48,71.86,13.83,62.62,101.3,73.28,16.01,,32.84
2021-04-16 07:00:00,10.71,52.23,24.1,37.15,9.54,50.05,17.67,44.29,19.51,23.22,71.29,7.3,17.03,34.0,56.0,24.1,23.47,8.7,20.5,16.84,48.1,19.47,7.76,10.08,82.07,42.88,56.7,38.97,45.4,40.98,10.74,23.59,,66.09,15.98,10.15,11.21,13.82,22.1,18.72,12.37,9.59,41.95,71.71,13.59,63.55,99.22,71.65,15.67,,32.79
2021-04-19 07:00:00,10.9,52.97,24.67,36.84,9.31,51.44,17.82,44.42,19.74,24.2,71.29,7.26,17.61,34.76,56.78,24.31,23.93,8.91,21.7,17.43,48.01,20.53,7.95,10.18,87.81,43.96,57.22,41.66,45.14,42.38,10.66,24.38,,66.44,15.69,10.54,11.29,14.14,22.9,19.25,12.58,9.79,42.91,74.2,13.86,63.99,99.38,71.06,15.86,,32.79
2021-04-20 07:00:00,10.87,52.97,24.79,36.78,9.42,51.87,17.55,45.14,19.51,23.59,70.93,7.37,17.61,35.36,57.3,23.95,23.19,8.88,21.48,16.89,47.92,21.18,8.13,10.18,86.49,45.6,56.96,43.58,45.48,42.56,10.58,24.05,,66.44,15.36,10.82,11.29,13.86,22.5,19.04,12.26,9.62,44.87,77.11,14.39,63.59,100.76,73.42,15.85,,33.42
2021-04-22 07:00:00,10.51,52.14,23.52,36.17,8.51,50.14,16.35,43.38,18.19,22.95,73.05,7.18,16.44,34.13,55.87,23.02,21.58,8.58,20.65,15.71,47.37,20.46,7.7,9.75,80.51,45.6,56.33,41.94,43.85,42.34,10.05,23.68,,65.5,14.31,10.9,11.29,12.9,21.0,18.37,11.59,9.34,44.87,73.2,14.2,61.68,100.3,72.46,15.69,,31.1
2021-04-23 07:00:00,10.81,52.14,24.1,36.04,8.79,51.0,16.55,44.03,19.19,23.28,72.76,7.24,17.52,35.4,56.0,24.1,22.32,8.78,21.18,16.14,47.74,21.89,8.24,10.12,81.98,47.2,56.17,43.09,43.85,43.28,10.26,24.19,,66.44,14.82,10.62,10.72,13.41,22.45,18.74,12.02,9.69,45.31,74.55,14.2,61.46,99.61,73.57,16.33,,31.68
2021-04-26 07:00:00,10.77,52.14,23.24,36.04,8.51,49.62,15.69,41.82,18.44,23.12,73.12,7.14,17.0,34.55,53.07,23.74,21.81,8.65,20.69,16.17,47.55,21.39,8.48,9.88,77.89,45.6,60.06,45.48,42.94,42.83,9.85,23.73,,66.44,14.93,10.66,11.0,12.88,22.55,18.25,11.59,9.4,42.96,70.72,14.34,58.44,98.07,70.98,16.97,,30.08
2021-04-27 07:00:00,11.0,52.14,23.15,35.86,7.99,49.19,15.96,40.77,18.42,23.18,73.12,7.14,16.96,34.42,53.07,23.99,21.54,8.74,21.14,16.81,47.18,21.43,8.42,9.88,80.35,45.4,63.78,44.25,41.78,43.28,9.85,23.59,,66.36,14.71,10.7,11.04,12.92,23.1,18.27,11.72,9.38,43.13,71.0,14.2,58.7,97.84,70.76,17.03,,29.55
2021-04-28 07:00:00,10.94,52.14,23.3,36.29,8.17,49.62,15.96,41.42,18.47,23.62,73.05,7.3,17.87,34.47,53.33,24.24,23.01,8.76,21.03,16.76,47.0,21.61,8.38,10.1,81.16,44.8,67.2,43.83,42.99,43.15,9.93,23.59,,66.36,14.86,10.78,11.0,13.04,24.2,18.48,11.85,9.43,43.13,71.64,14.6,58.44,96.92,69.28,17.61,,30.42
2021-04-29 07:00:00,11.21,52.14,23.52,36.35,8.39,49.53,15.73,41.88,18.95,23.55,72.97,7.31,17.84,34.51,54.37,24.6,23.7,8.89,21.82,17.0,47.18,21.8,8.81,10.13,80.35,45.08,68.98,43.03,43.25,44.19,10.01,24.79,,65.3,14.53,10.78,11.02,13.25,23.9,18.97,11.69,9.48,43.57,70.51,14.82,58.22,96.07,69.14,18.73,,30.9
2021-05-04 07:00:00,11.14,52.14,23.7,36.23,8.17,48.06,15.5,40.58,19.98,25.17,75.09,7.18,17.16,35.36,54.24,24.38,23.24,8.88,22.45,17.99,47.09,22.91,8.81,10.43,78.62,44.6,69.04,44.74,42.69,42.92,9.81,24.1,,63.0,14.35,10.35,10.84,13.37,24.1,20.08,12.15,9.69,43.17,70.44,14.76,59.37,95.38,67.73,19.05,,30.23
2021-05-05 07:00:00,11.42,52.32,24.04,36.53,9.14,48.67,15.85,40.84,20.14,25.31,75.31,7.26,17.03,35.36,55.67,25.24,23.24,9.48,22.27,17.93,47.18,22.67,8.73,10.58,78.71,45.08,69.82,44.32,43.76,43.74,10.34,24.42,,62.69,14.49,10.39,10.86,13.66,24.7,21.26,12.12,9.92,44.09,70.72,14.66,59.42,95.76,68.03,19.4,,30.52
2021-05-06 07:00:00,11.26,52.32,23.67,36.41,8.79,48.41,15.73,40.77,19.93,25.54,74.95,7.05,16.77,35.28,55.28,24.92,23.29,9.4,22.3,18.68,47.18,22.6,8.52,10.55,78.38,45.44,71.24,44.01,43.68,43.28,10.01,25.49,,60.97,14.42,10.6,11.23,13.35,24.4,21.79,12.23,9.74,43.26,70.08,15.59,58.88,93.84,66.25,19.78,,30.13
2021-05-07 07:00:00,11.39,51.95,23.32,35.92,8.51,46.85,15.38,38.23,20.35,26.51,74.19,7.01,16.7,35.4,54.69,24.53,22.83,9.79,22.83,19.65,47.0,22.51,8.85,10.55,77.89,44.86,71.29,43.46,43.59,43.06,9.85,25.95,,59.79,14.06,10.6,11.29,13.29,24.0,21.77,11.8,10.07,42.26,68.94,15.64,58.66,91.92,64.33,19.69,,29.94
2021-05-10 07:00:00,11.71,51.2,23.75,35.62,8.74,48.5,15.54,37.38,20.81,27.06,75.18,7.01,16.18,36.6,56.0,25.64,22.69,10.05,23.66,20.99,47.09,22.6,8.93,11.08,83.3,44.19,67.46,42.84,45.82,42.2,9.93,26.23,,58.82,13.84,10.39,11.5,14.1,24.3,22.25,11.77,10.76,42.74,70.36,15.72,58.88,91.69,68.77,19.94,,30.66
2021-05-11 07:00:00,11.58,50.92,24.16,35.68,8.79,48.41,16.31,38.62,20.53,26.48,74.72,7.06,16.7,36.34,55.54,26.32,23.24,9.79,23.28,20.21,47.09,22.82,8.87,10.92,83.21,44.0,67.46,42.6,45.57,42.38,10.01,25.4,,59.48,14.64,10.17,11.5,13.9,24.65,21.74,11.91,10.73,42.65,69.58,16.34,58.22,91.53,67.44,20.17,,29.94
2021-05-12 07:00:00,11.7,50.92,24.47,35.8,9.08,49.1,16.39,38.94,20.9,27.1,73.88,7.03,16.48,36.43,56.26,27.08,24.85,9.86,23.54,20.4,47.18,23.01,9.1,11.08,85.26,44.64,68.25,44.5,45.82,43.19,10.14,25.58,,59.29,15.58,10.26,11.5,14.14,26.35,22.79,12.02,11.06,42.39,69.37,16.42,57.68,91.53,67.88,20.49,,30.13
2021-05-13 07:00:00,11.71,50.74,24.44,36.04,8.91,48.06,16.31,37.64,21.6,26.32,71.9,7.03,17.55,35.83,55.74,26.18,24.39,9.89,23.09,20.02,47.18,22.76,9.38,11.0,84.44,44.8,70.35,43.58,46.43,42.52,9.93,25.44,,60.26,15.07,11.25,11.62,14.24,26.3,22.21,11.85,10.9,42.17,68.87,16.31,56.22,90.0,66.92,20.84,,29.84
2021-05-14 07:00:00,11.79,50.65,24.3,36.04,8.85,48.24,16.04,37.18,21.83,25.89,72.28,7.43,17.74,36.17,54.76,25.68,24.21,10.18,23.06,19.7,47.09,23.1,9.57,11.02,88.63,45.6,70.4,44.13,47.11,42.47,9.97,25.9,,60.54,14.67,12.38,12.42,14.35,26.4,22.51,12.12,11.06,42.22,69.02,16.6,55.68,90.69,66.18,21.32,,29.6
2021-05-17 07:00:00,11.82,50.27,23.98,35.92,8.74,47.2,15.73,36.53,21.72,25.97,73.05,7.22,17.52,36.56,53.72,26.97,23.33,10.16,23.24,20.08,47.0,22.63,9.34,10.98,85.43,45.28,72.24,43.03,46.43,42.38,9.89,25.53,,60.38,14.24,12.85,12.91,14.41,25.95,22.14,12.34,11.28,41.82,71.57,16.26,55.1,87.69,64.48,21.06,,29.65
2021-05-18 07:00:00,11.73,50.27,23.47,36.23,8.85,46.68,15.31,35.55,21.62,25.82,73.05,7.12,16.9,37.11,53.39,27.19,22.83,9.98,23.81,20.58,47.0,22.32,9.43,11.12,86.17,45.34,74.39,42.97,46.43,42.16,9.77,25.67,,60.18,14.46,12.68,12.93,14.32,27.3,22.37,11.96,11.11,41.21,70.22,15.62,53.77,86.92,64.33,21.51,,28.97
2021-05-19 07:00:00,11.84,50.18,23.47,35.92,8.62,45.99,15.73,35.42,22.3,26.16,73.05,6.99,17.09,38.73,53.13,27.26,23.33,10.26,24.82,20.72,47.0,22.2,9.65,11.52,88.54,45.34,74.55,43.03,46.6,42.16,9.52,25.44,,59.99,14.27,12.72,13.03,14.63,28.5,23.18,11.77,11.39,41.0,71.29,16.12,53.37,84.61,64.7,21.61,,28.34
2021-05-20 07:00:00,12.1,49.81,24.01,35.54,8.34,45.64,15.5,34.44,22.72,25.93,73.05,6.99,16.9,40.74,52.61,27.91,22.73,10.44,25.01,20.37,47.09,22.63,9.63,11.52,93.13,48.0,74.02,44.74,46.77,44.77,9.32,27.01,,59.44,14.02,12.55,13.03,15.65,29.4,23.23,11.83,11.42,43.13,72.42,16.47,54.62,85.38,65.07,21.38,,28.49
2021-05-21 07:00:00,12.13,49.06,25.68,35.73,8.57,46.08,15.5,35.1,22.42,27.29,71.9,7.1,16.93,40.01,52.74,27.3,23.33,10.41,24.63,20.29,47.18,23.19,9.63,11.57,91.74,46.52,72.08,46.58,49.35,45.9,9.52,26.83,,58.7,14.46,12.59,13.14,15.85,28.85,23.5,12.12,11.42,42.17,73.77,16.34,54.44,86.69,65.96,21.7,,29.31
2021-05-24 07:00:00,12.13,51.58,26.39,36.3,8.79,46.94,15.62,37.18,23.78,27.44,72.28,7.28,16.93,39.88,53.39,27.8,24.94,10.36,24.56,20.34,50.41,23.22,9.59,11.6,91.82,46.72,70.87,46.83,48.4,45.94,9.6,27.34,,60.14,14.49,12.64,13.38,16.18,28.9,23.55,12.66,11.54,42.43,75.26,16.26,54.26,87.3,67.44,21.35,,29.79
2021-05-25 07:00:00,12.29,51.58,26.8,37.05,8.97,47.72,16.12,37.84,23.74,27.79,72.44,7.3,17.42,40.01,53.98,28.02,24.85,10.6,25.31,21.52,52.34,22.98,9.79,11.95,93.13,46.72,71.14,46.46,48.32,45.94,9.69,27.34,,61.71,14.31,12.72,14.31,16.62,29.35,23.87,12.66,12.15,43.48,74.27,16.26,54.35,87.15,66.92,21.38,,30.13
2021-05-26 07:00:00,12.44,51.58,26.77,36.86,8.85,47.98,15.85,37.84,23.92,27.87,72.28,7.22,18.62,40.65,53.33,27.37,25.27,10.7,25.46,21.41,52.53,23.01,10.41,12.52,93.13,46.36,70.08,45.85,47.54,45.9,9.48,27.34,,64.01,14.06,12.98,15.27,16.64,29.5,24.43,12.39,12.44,43.74,75.05,16.79,54.08,86.92,67.29,21.64,,30.18
2021-05-27 07:00:00,12.36,49.81,26.05,36.3,8.62,48.5,15.65,37.77,23.32,27.72,72.28,7.1,19.92,40.01,52.15,26.54,25.63,10.44,25.08,21.58,52.34,24.19,10.74,12.19,90.18,45.56,71.4,47.5,46.34,45.81,9.48,27.38,,63.7,13.87,12.77,15.21,16.09,29.8,23.78,11.91,12.15,43.0,74.13,17.0,53.46,86.92,66.92,21.54,,29.7
2021-05-28 07:00:00,12.58,50.27,27.05,36.8,8.97,47.98,15.58,38.55,23.78,27.6,71.6,7.3,20.73,40.44,53.39,27.12,26.46,10.72,25.2,22.08,52.16,24.19,11.47,12.59,92.23,45.66,70.82,47.69,47.11,45.54,9.52,27.43,,63.12,14.31,13.07,16.01,16.99,31.85,24.52,12.12,12.49,43.39,74.27,17.14,53.24,86.15,67.36,21.96,,29.5
2021-05-31 07:00:00,13.39,49.34,27.94,36.48,9.82,46.77,15.38,40.44,24.67,27.79,71.6,7.26,21.32,41.76,53.78,26.65,26.32,11.03,26.93,23.5,52.07,24.46,12.27,12.69,90.27,44.32,70.66,47.2,46.94,45.49,9.56,26.92,,60.77,14.46,13.16,16.75,18.04,33.8,24.84,12.02,12.96,42.96,72.85,18.25,52.22,84.61,66.92,22.15,,28.39
2021-06-01 07:00:00,13.62,48.97,27.54,36.3,10.05,46.33,15.19,39.99,24.44,27.52,72.28,7.22,21.12,43.15,54.5,26.97,26.09,11.19,28.36,23.29,50.96,24.53,12.13,12.75,87.72,43.68,71.29,46.46,47.03,45.31,9.85,26.37,,60.18,14.24,13.42,16.79,17.76,32.4,24.57,11.77,13.08,45.18,73.84,19.0,53.33,81.69,66.47,22.18,,29.65
2021-06-02 07:00:00,14.43,48.41,27.2,36.61,10.45,46.33,15.19,40.25,24.16,27.79,72.28,7.56,20.25,42.36,56.91,28.02,25.63,11.1,27.6,23.18,52.53,24.5,12.97,12.85,86.66,44.41,73.18,47.26,47.46,45.31,9.69,25.9,,59.4,14.46,13.46,17.04,18.69,32.2,24.43,11.96,12.87,46.18,74.13,19.19,52.22,82.0,66.1,22.47,,29.07
2021-06-03 07:00:00,14.85,48.41,28.0,36.17,10.45,47.46,15.73,41.03,24.9,29.0,71.98,7.64,20.8,42.21,57.49,28.99,26.23,11.68,27.75,23.82,52.99,24.68,13.87,13.74,86.08,44.48,74.02,47.99,47.63,45.63,10.34,26.74,,60.14,15.4,14.02,17.65,19.87,32.75,25.35,12.04,13.24,46.49,74.84,19.72,52.66,82.23,66.7,22.6,,29.46
2021-06-04 07:00:00,14.66,48.41,28.11,36.04,11.65,49.36,15.38,40.51,25.09,28.84,71.75,7.64,21.71,41.96,59.51,28.95,27.52,11.57,27.85,24.68,53.91,24.28,13.69,13.87,87.97,44.0,73.39,50.14,49.18,45.36,10.66,26.55,,60.07,15.18,14.06,18.68,19.81,32.15,25.26,11.91,13.5,45.7,74.2,19.72,53.77,82.61,66.18,22.95,,31.1
2021-06-07 07:00:00,13.91,47.67,26.85,35.98,11.59,50.57,15.23,39.99,24.16,28.3,71.6,7.54,21.29,40.97,59.06,28.77,28.9,11.31,26.93,24.3,54.0,24.06,12.87,13.27,85.67,43.55,72.76,51.06,48.66,44.91,10.5,25.81,,60.61,15.18,12.98,17.86,19.16,30.7,24.24,12.18,12.87,44.87,75.26,19.24,54.66,86.0,66.93,23.05,,32.21
2021-06-08 07:00:00,13.0,47.57,25.7,35.6,10.51,49.27,14.72,40.18,22.76,27.52,73.35,7.79,19.95,40.03,57.36,27.76,26.92,10.54,25.55,22.62,53.73,23.91,11.99,12.45,85.26,43.52,71.4,50.45,47.03,43.28,9.85,25.9,,61.28,15.4,12.55,17.65,17.88,28.6,22.9,11.8,12.11,43.57,74.77,18.63,53.24,90.15,67.15,22.89,,30.57
2021-06-09 07:00:00,13.73,46.74,26.08,35.54,11.02,48.76,14.57,40.32,23.46,27.52,72.51,7.74,20.21,40.47,56.91,28.05,26.97,10.9,25.71,23.13,53.73,24.12,12.81,12.87,85.67,43.64,75.67,50.38,46.25,43.19,9.85,25.67,,61.32,15.26,13.55,16.5,18.98,29.6,23.5,11.85,12.42,44.44,75.33,19.58,52.79,88.69,66.7,22.98,,30.61
2021-06-10 07:00:00,13.79,46.74,25.19,35.79,10.51,47.98,14.1,40.32,23.0,28.22,71.9,8.26,19.69,40.57,56.06,28.91,26.23,10.67,26.37,23.29,53.54,24.12,12.78,12.65,84.53,43.29,73.75,51.0,45.14,43.19,9.69,25.21,,62.53,15.76,12.77,16.95,19.1,28.9,23.18,11.75,12.2,44.35,73.92,19.35,51.77,87.53,69.02,22.98,,29.74
2021-06-11 07:00:00,14.02,48.41,25.93,36.3,11.02,49.53,14.72,40.97,24.58,28.14,71.6,8.14,19.76,41.36,56.65,29.7,26.83,11.24,27.14,23.58,53.63,25.11,12.81,13.15,86.9,43.84,74.67,53.57,46.43,43.69,9.81,25.4,,64.13,15.47,12.9,17.61,20.36,30.5,24.34,11.8,12.67,44.79,75.26,19.65,52.44,88.84,68.87,22.95,,30.42
2021-06-14 07:00:00,13.79,49.34,25.76,36.48,11.59,51.87,14.53,41.1,24.39,28.88,73.05,8.2,19.76,41.51,58.27,30.32,27.38,11.13,27.39,24.04,54.28,25.18,12.58,13.12,87.64,44.19,73.96,56.02,47.29,43.74,9.93,25.67,,64.68,15.47,12.64,17.65,21.54,30.8,24.38,11.96,12.56,44.44,78.03,19.32,53.33,89.0,69.25,22.7,,30.86
2021-06-15 07:00:00,14.3,51.2,25.76,37.99,11.42,52.9,14.38,41.03,24.2,30.86,72.67,8.18,19.5,41.22,57.75,30.32,29.27,11.34,27.19,24.63,55.2,25.18,11.88,13.12,87.31,44.12,74.03,56.7,47.11,43.28,9.81,26.32,,65.85,14.89,12.12,16.95,21.54,30.1,24.2,12.02,12.46,44.79,79.95,18.94,54.08,90.0,69.55,21.29,,31.72
2021-06-16 07:00:00,14.04,51.11,25.99,38.3,11.99,52.13,14.57,41.03,23.46,31.4,72.28,8.18,18.91,41.17,59.84,30.35,29.5,11.03,26.47,23.83,55.2,25.18,11.47,12.92,85.43,43.84,73.68,56.39,48.15,42.88,9.81,26.32,,66.05,15.33,11.68,16.34,20.46,29.2,23.46,12.12,12.32,45.31,78.1,18.57,52.93,89.61,68.72,21.38,,31.68
2021-06-17 07:00:00,14.12,51.2,26.34,38.56,12.16,53.6,14.8,40.77,23.46,31.71,72.28,8.31,18.85,40.92,61.14,31.65,31.25,10.96,26.27,24.6,55.2,25.18,12.09,13.32,84.44,44.48,72.75,56.21,48.75,43.06,10.09,27.75,,64.87,16.38,11.77,16.3,20.92,29.4,23.23,11.96,12.25,45.4,77.39,18.65,51.99,89.61,68.12,21.13,,31.72
2021-06-18 07:00:00,14.16,51.2,26.48,38.24,11.99,52.73,14.96,40.77,23.78,31.63,72.97,8.75,19.37,41.51,60.36,31.58,31.75,11.18,26.63,25.3,55.29,25.49,12.13,13.54,87.31,45.12,73.32,56.45,48.58,44.19,10.01,27.62,,66.91,16.56,11.9,16.57,20.92,29.65,23.6,12.66,12.29,47.27,79.88,18.8,52.17,89.23,68.95,21.29,,31.39
2021-06-21 07:00:00,14.06,50.74,25.82,38.05,12.16,51.61,15.15,40.84,23.37,31.51,72.67,8.87,19.14,42.4,60.55,30.96,31.75,10.98,26.17,24.83,55.2,25.49,11.8,13.57,89.12,46.65,77.59,55.47,50.38,44.23,10.18,26.92,,66.44,16.2,11.64,16.42,20.3,29.85,23.32,12.29,12.2,46.44,79.53,18.8,52.17,87.69,67.82,21.29,,30.71
2021-06-22 07:00:00,14.42,51.02,25.82,38.18,12.28,51.78,15.62,40.9,24.11,31.48,72.89,8.75,19.21,42.31,61.79,31.32,31.62,11.21,26.42,24.6,55.48,25.45,12.05,14.02,88.95,46.72,80.79,54.18,50.38,44.41,10.22,26.64,,65.3,16.13,11.77,16.44,20.5,30.2,23.55,12.23,12.27,46.88,79.17,18.87,52.22,88.46,67.82,21.13,,30.42
2021-06-23 07:00:00,14.48,50.83,26.05,37.49,12.05,50.83,15.19,42.66,24.48,30.82,72.74,8.62,19.04,42.06,61.14,30.82,30.83,11.18,26.27,24.21,55.66,25.15,11.8,13.99,87.56,46.08,79.73,52.77,49.59,44.55,10.01,26.32,,66.52,15.69,11.64,16.3,20.67,29.75,23.64,11.91,12.37,47.79,79.03,18.83,51.95,88.53,67.38,22.09,,30.42
2021-06-24 07:00:00,14.64,50.83,25.93,37.24,11.93,50.14,14.96,42.73,24.81,30.78,73.05,8.56,18.95,41.96,62.38,30.5,32.03,11.18,25.86,23.83,55.75,24.7,12.07,14.02,87.31,46.08,81.86,54.55,49.15,44.23,9.89,26.09,,67.18,15.54,11.68,16.32,20.79,29.0,23.55,11.94,12.34,48.23,79.6,18.65,52.22,88.84,66.4,21.96,,30.9
2021-06-25 07:00:00,14.7,50.83,26.14,37.36,12.22,50.4,14.76,42.66,24.99,31.4,72.74,8.72,19.01,42.21,63.81,30.68,32.17,11.52,25.91,24.3,55.75,25.32,12.09,14.06,87.23,45.98,84.78,58.23,49.59,43.92,9.89,26.14,,67.18,15.18,11.73,16.46,22.24,29.5,23.87,11.88,12.42,49.06,79.6,18.31,52.22,89.15,67.15,21.83,,30.52
2021-06-28 07:00:00,14.85,50.65,26.91,37.74,12.33,51.87,14.88,43.06,25.27,32.17,72.74,8.77,19.37,42.46,63.81,31.65,33.41,11.75,26.78,25.16,56.68,25.35,12.36,14.39,89.28,46.56,85.42,57.98,50.12,44.23,9.89,26.5,,66.87,15.62,12.12,16.75,22.33,30.2,24.8,11.88,13.03,49.06,82.01,18.63,51.86,88.84,66.78,21.77,,30.71
2021-06-29 07:00:00,14.74,50.65,26.91,37.24,12.16,51.09,14.84,42.34,25.04,31.94,72.51,8.79,19.82,43.89,62.47,30.93,32.86,11.72,26.47,24.71,56.77,25.59,12.5,14.51,88.95,47.04,86.13,58.78,49.33,44.46,9.81,26.69,,66.28,15.62,12.33,16.81,22.62,31.0,24.75,11.8,12.91,49.67,84.21,18.65,52.44,92.3,68.12,21.42,,30.61
2021-06-30 07:00:00,14.44,50.65,27.11,37.24,11.99,50.48,14.8,42.21,24.48,31.63,72.74,9.14,19.69,43.59,62.47,30.93,32.21,11.58,26.32,24.66,56.95,25.62,12.27,14.47,91.33,48.64,86.13,57.25,48.1,45.13,9.81,26.69,,66.09,15.26,12.42,16.89,22.78,30.6,24.38,11.77,12.72,50.71,83.78,18.44,52.88,93.46,67.68,21.67,,30.66
2021-07-01 07:00:00,14.54,50.46,27.14,36.99,11.88,51.0,14.76,42.27,24.34,32.25,72.82,9.14,19.95,44.04,63.27,32.15,33.5,11.89,26.98,25.07,57.14,25.73,12.25,14.51,93.81,48.35,85.42,58.78,48.71,45.18,9.85,26.64,,65.54,15.51,12.29,16.77,23.82,31.0,24.66,11.8,12.87,50.71,83.22,18.31,52.7,92.84,68.05,22.54,,30.71
2021-07-02 07:00:00,14.6,50.27,27.0,36.92,11.93,51.09,14.69,42.08,24.48,32.25,71.6,9.08,20.38,45.53,64.88,32.04,33.32,12.14,26.73,24.95,56.95,25.66,12.21,14.51,94.14,50.17,84.71,58.78,48.63,44.86,9.77,26.23,,66.12,15.26,12.55,17.41,23.98,31.5,25.12,11.77,13.06,50.06,83.78,18.68,52.22,92.76,67.45,23.08,,30.61
2021-07-05 07:00:00,15.35,50.27,26.77,36.17,11.48,50.4,14.22,40.97,24.2,32.44,71.9,8.88,20.64,45.92,61.79,32.01,33.41,12.2,26.17,24.48,56.77,25.11,12.33,14.39,92.24,53.28,81.86,58.23,47.84,44.77,9.52,25.35,,65.07,14.89,12.98,17.32,23.4,32.6,26.84,11.48,13.6,49.49,84.14,18.72,51.1,91.0,66.78,23.27,,28.49
2021-07-06 07:00:00,14.56,50.18,25.25,36.04,10.79,48.32,13.95,39.79,22.53,30.24,72.13,8.27,19.82,43.1,57.63,29.78,31.11,11.42,24.53,22.77,56.21,24.63,11.47,13.39,90.09,49.6,83.29,57.86,45.38,44.91,9.32,24.28,,64.09,13.95,12.94,17.12,21.79,30.35,24.98,11.1,12.65,48.79,78.32,18.83,49.77,91.76,65.13,22.73,,28.49
2021-07-07 07:00:00,14.78,49.99,26.11,36.17,10.74,47.11,13.45,39.79,23.4,32.33,71.9,8.51,19.82,44.83,61.46,30.14,31.89,11.91,25.5,22.89,56.4,25.04,12.27,14.06,95.88,53.05,84.0,58.97,46.7,48.02,9.28,24.93,,63.51,14.09,12.85,17.2,22.57,31.05,26.19,11.8,12.98,49.4,83.08,18.57,50.66,93.69,67.23,22.63,,29.84
2021-07-08 07:00:00,14.64,49.99,26.28,35.92,10.45,47.46,13.72,41.03,23.13,32.37,71.45,8.21,19.08,44.49,62.47,30.1,31.25,11.73,25.04,21.83,56.68,25.08,12.25,14.06,99.02,55.19,78.87,58.05,45.91,47.61,9.24,24.52,,63.51,14.02,12.16,17.04,22.53,30.2,26.19,11.34,13.06,48.36,81.66,19.17,49.33,92.53,66.18,22.18,,28.88
2021-07-09 07:00:00,14.24,49.81,25.76,35.79,9.88,45.9,13.33,41.62,22.53,34.07,70.99,8.07,18.78,44.44,61.59,28.77,29.09,11.42,24.17,20.86,56.21,24.98,11.84,13.97,96.62,56.47,73.68,57.86,44.59,47.57,8.79,24.47,,62.53,13.15,11.25,16.67,21.79,29.1,26.19,10.78,12.8,47.84,79.88,19.54,48.26,91.46,65.13,22.02,,27.04
2021-07-12 07:00:00,13.25,47.02,24.1,34.54,9.65,43.48,12.4,40.44,20.97,31.86,70.0,7.83,18.72,42.65,59.11,27.91,27.06,11.03,22.97,19.42,56.21,24.7,11.47,13.43,99.1,56.51,74.82,55.72,43.58,46.04,8.26,24.19,,62.06,12.24,10.26,15.6,20.5,28.4,24.75,10.1,12.13,46.66,76.68,18.35,46.22,92.3,64.61,20.49,,26.08
2021-07-13 07:00:00,13.31,48.69,24.33,35.1,10.22,43.83,12.4,39.79,20.73,31.4,71.45,8.13,18.26,43.1,61.46,28.55,27.61,11.08,23.25,19.98,56.12,24.77,11.27,13.43,95.05,55.99,74.53,53.33,44.76,44.73,8.59,24.01,,61.36,13.08,10.52,15.85,21.46,28.7,24.94,10.59,12.04,45.05,77.75,17.79,45.77,92.23,63.11,20.49,,26.9
2021-07-14 07:00:00,12.84,45.29,24.44,34.6,10.05,43.22,12.17,38.88,20.19,30.24,70.08,7.93,17.22,42.21,61.32,28.19,26.97,10.65,23.0,20.24,56.03,25.11,11.1,13.0,96.04,53.28,74.03,53.63,44.68,43.28,8.51,23.64,,62.53,12.71,10.78,15.68,21.12,27.4,23.6,10.29,11.42,44.35,77.75,16.56,45.77,90.0,63.63,19.69,,27.28
2021-07-15 07:00:00,13.25,42.13,24.5,35.48,10.11,43.65,12.21,39.47,20.97,31.32,70.0,8.17,17.61,42.31,60.79,29.06,28.07,10.83,23.76,21.18,56.21,24.81,11.35,13.21,95.05,53.47,74.03,53.45,44.68,42.88,8.71,23.68,,62.49,13.58,11.82,16.55,22.24,28.8,24.1,10.32,11.66,44.66,78.32,16.74,45.33,88.3,63.78,20.49,,27.04
2021-07-16 07:00:00,13.59,40.13,24.39,35.67,10.22,44.09,12.4,39.27,20.76,31.82,70.0,8.43,17.55,43.0,60.45,29.63,28.85,10.92,23.89,20.89,56.21,25.21,11.25,13.12,99.6,53.79,74.46,55.29,44.85,43.28,8.63,24.01,,61.75,13.8,12.16,16.2,21.87,28.45,23.87,10.35,11.73,44.66,77.39,16.73,47.02,88.76,64.31,20.65,,26.75
2021-07-19 07:00:00,13.0,37.89,22.75,34.85,9.54,41.49,12.09,38.81,19.32,30.74,71.45,8.23,16.87,41.96,58.23,29.99,26.88,10.41,22.64,19.48,56.21,25.45,10.47,12.24,98.69,50.08,73.32,53.82,43.01,41.3,8.22,23.5,,60.38,13.08,11.08,15.19,20.42,27.5,22.21,9.73,10.92,42.26,74.06,15.57,45.73,87.69,63.63,19.21,,25.88
2021-07-20 07:00:00,13.71,37.33,23.52,35.48,9.65,43.14,12.28,39.01,19.92,31.55,70.76,8.63,16.77,43.0,59.78,30.5,28.35,10.9,24.17,20.83,56.21,25.18,10.49,12.57,101.66,52.67,73.68,55.1,43.32,41.48,8.38,23.92,,60.58,13.44,11.73,16.03,21.83,28.1,22.9,10.16,11.42,43.65,75.69,15.66,45.77,88.07,64.31,19.4,,25.79
2021-07-21 07:00:00,13.67,36.49,23.35,35.23,9.59,42.79,12.4,38.88,19.68,31.79,70.76,8.57,16.74,42.9,58.7,31.0,27.8,10.51,23.89,21.07,56.21,25.01,10.74,12.62,100.84,52.28,73.39,54.18,43.89,41.12,8.34,24.15,,61.28,13.37,11.56,16.01,21.33,27.85,23.27,10.18,11.46,43.13,76.68,15.33,46.22,87.69,63.86,19.3,,26.46
2021-07-22 07:00:00,13.79,39.03,23.52,35.35,10.11,43.91,12.63,39.27,20.07,33.49,71.14,8.74,17.55,44.29,60.05,31.36,28.99,10.57,24.12,21.36,56.21,26.75,10.79,12.78,101.58,52.86,74.67,55.23,44.68,41.98,8.43,24.42,,61.08,13.4,11.77,16.83,21.62,28.0,23.64,10.32,11.71,43.7,78.82,15.55,47.2,87.69,64.98,19.46,,27.23
2021-07-23 07:00:00,13.35,39.17,23.07,35.42,9.82,43.57,12.55,39.14,19.48,35.82,70.61,8.72,16.9,44.83,59.11,30.57,28.53,10.56,23.41,20.57,56.21,26.2,10.84,12.51,98.36,51.74,73.32,54.31,44.06,41.03,8.55,23.82,,60.03,13.18,11.42,16.83,20.96,28.7,22.9,9.97,11.42,42.26,76.4,14.99,46.22,87.23,65.58,18.73,,26.08
2021-07-26 07:00:00,13.23,38.56,22.95,35.67,10.05,43.74,12.55,38.81,19.26,37.41,72.21,9.08,16.9,46.42,59.31,32.22,29.91,10.6,23.3,20.24,56.4,26.72,10.51,12.26,100.09,51.29,76.52,55.47,43.8,40.9,8.55,24.05,,59.99,13.44,11.42,16.32,21.04,28.7,22.67,10.02,11.39,41.82,77.82,14.38,46.31,87.69,66.55,18.15,,25.83
2021-07-27 07:00:00,13.41,38.75,23.07,36.36,10.68,43.65,12.55,38.88,19.48,36.05,71.52,9.1,16.18,46.17,59.78,32.22,30.19,10.6,23.61,21.01,56.12,26.78,10.77,12.35,103.73,50.56,75.81,55.04,44.15,40.62,8.79,24.42,,60.38,13.29,11.6,16.68,21.54,29.1,23.02,10.13,11.8,41.39,76.54,14.8,46.35,88.38,65.5,18.25,,26.7
2021-07-28 07:00:00,13.41,38.14,23.24,35.79,10.74,43.4,12.44,38.68,19.71,36.32,71.14,9.22,16.09,45.58,59.85,31.72,30.05,10.74,23.87,21.12,57.14,26.44,10.79,12.44,102.9,50.27,74.1,55.72,44.33,40.62,8.63,24.24,,60.38,13.26,11.64,16.56,21.7,28.9,23.0,10.32,11.84,42.26,75.62,15.03,46.75,88.0,65.06,18.02,,26.27
2021-07-29 07:00:00,13.81,39.03,23.52,35.04,11.02,43.57,12.4,38.81,20.31,37.21,71.6,9.61,16.9,46.27,60.12,32.47,30.51,10.9,24.07,21.71,57.41,27.16,11.02,12.8,105.55,52.09,74.03,55.72,44.76,41.93,8.67,24.24,,61.36,13.33,11.73,16.58,22.37,29.3,23.41,10.18,12.01,42.65,76.61,15.12,46.71,88.0,64.98,18.47,,26.41
2021-07-30 07:00:00,14.62,39.32,23.58,35.29,10.91,44.17,12.48,41.1,20.61,37.02,71.22,10.11,17.16,46.57,60.18,33.16,31.02,11.0,24.17,21.95,57.5,27.77,11.71,13.03,110.75,52.51,74.03,56.7,45.03,43.19,8.71,25.44,,62.14,13.48,12.03,16.41,22.62,29.9,23.64,10.32,12.11,42.7,76.9,15.51,47.64,86.92,64.46,19.53,,26.7
2021-08-02 07:00:00,14.38,39.32,24.41,35.92,10.96,45.21,12.59,40.9,20.22,37.64,71.45,10.52,16.77,47.36,62.8,34.02,30.83,11.16,24.15,22.01,57.32,27.5,11.48,12.98,112.57,54.36,74.46,57.37,45.2,43.1,8.75,24.98,,60.61,13.73,11.82,16.32,22.78,29.3,23.5,10.13,11.92,42.26,76.76,15.57,47.77,88.84,64.76,19.34,,26.56
2021-08-03 07:00:00,14.48,39.32,24.87,35.67,10.91,45.56,12.83,42.08,20.43,37.56,71.37,10.74,17.55,47.46,62.47,34.31,31.02,11.39,24.15,21.77,57.14,27.94,11.5,13.21,113.9,54.36,75.1,57.56,44.94,43.51,8.79,25.12,,60.69,13.8,11.9,16.43,23.4,29.8,23.97,10.35,11.96,43.04,78.74,15.51,50.88,89.23,65.2,19.46,,27.33
2021-08-04 07:00:00,14.36,39.22,24.67,35.67,11.14,46.51,12.83,41.68,20.37,38.57,72.28,10.76,17.84,47.36,63.14,33.84,30.79,11.44,24.28,22.07,57.04,27.71,11.55,13.39,112.41,54.4,76.52,57.49,45.91,43.51,8.83,24.98,,61.47,13.55,11.86,16.58,23.53,30.65,24.06,10.18,12.15,42.91,78.46,15.42,50.66,89.38,65.2,19.37,,26.94
2021-08-05 07:00:00,14.56,39.32,24.64,35.67,11.19,46.33,12.94,41.49,20.49,38.61,72.21,11.4,17.91,47.85,63.0,34.06,32.08,11.58,24.94,22.71,56.95,27.98,11.94,13.52,111.58,55.35,76.88,57.49,45.99,43.19,8.79,24.98,,60.85,13.55,12.46,16.7,23.82,31.05,24.29,10.21,12.42,43.31,79.31,15.66,50.66,89.61,64.83,19.78,,26.99
2021-08-06 07:00:00,14.38,42.04,24.61,35.67,11.08,46.51,13.29,42.66,20.46,37.91,72.74,11.47,17.52,47.85,62.06,34.74,31.48,11.42,24.74,22.36,57.04,28.25,11.78,13.36,111.17,54.88,76.52,57.31,46.43,43.38,8.95,24.98,,60.65,13.87,12.55,16.65,23.36,30.3,23.97,10.16,12.29,42.74,80.87,15.55,50.35,90.3,65.28,19.4,,26.99
2021-08-09 07:00:00,14.76,44.02,24.76,35.6,11.08,46.59,13.52,42.99,20.7,38.18,71.75,12.27,17.61,48.3,62.47,35.32,32.4,11.58,25.4,22.83,56.68,28.9,11.78,13.48,116.54,55.61,75.46,57.37,46.43,43.51,9.08,25.86,,60.61,13.98,12.59,16.72,24.56,30.7,24.29,10.18,12.42,42.83,83.36,15.66,50.26,91.92,65.65,19.53,,27.62
2021-08-10 07:00:00,14.76,43.13,24.84,35.92,11.71,46.16,13.33,42.34,20.76,39.42,72.13,12.9,17.35,48.45,64.48,36.32,32.21,11.6,25.25,22.8,56.31,28.59,11.75,13.36,114.47,55.64,74.46,56.94,47.22,43.19,9.16,25.86,,60.22,14.02,12.77,16.54,24.6,30.6,24.2,10.59,12.46,43.13,83.08,15.59,50.22,91.3,66.93,19.37,,27.38
2021-08-11 07:00:00,14.56,41.86,24.73,36.3,11.48,46.85,13.21,43.06,20.55,38.61,71.68,13.79,17.32,47.61,64.15,35.57,31.39,11.57,25.02,22.51,56.03,27.33,11.57,13.39,112.9,55.99,73.96,56.94,46.87,43.01,9.32,26.09,,60.26,15.0,12.55,16.47,23.9,30.4,24.2,10.67,12.8,43.78,82.36,15.51,49.33,91.3,68.05,19.59,,27.04
2021-08-12 07:00:00,14.28,42.33,24.56,36.23,11.25,47.8,14.1,44.42,20.61,38.18,71.52,12.86,17.35,46.47,63.47,34.74,31.57,11.44,24.74,22.1,56.68,27.57,11.36,13.3,110.75,54.4,73.75,56.7,46.52,42.61,9.24,25.76,,59.83,14.75,12.51,16.41,23.9,29.6,24.06,10.51,12.6,43.52,83.08,15.29,49.37,91.3,67.75,19.82,,27.04
2021-08-13 07:00:00,14.3,41.48,24.41,36.17,10.96,47.03,14.45,44.36,20.55,37.99,71.22,13.75,17.09,47.06,62.47,36.14,32.03,11.34,24.86,22.07,56.49,28.52,11.48,13.34,110.34,54.72,73.68,56.15,46.43,42.61,9.2,25.76,,59.32,14.6,12.55,16.32,24.44,29.7,24.15,10.45,12.6,43.39,85.2,15.22,49.28,90.76,67.3,20.36,,27.04
2021-08-16 07:00:00,14.44,41.86,24.84,35.98,10.96,46.85,14.34,44.03,21.03,38.65,71.75,14.46,17.26,47.36,63.27,35.96,34.24,11.67,25.27,22.42,56.21,28.46,11.57,13.97,110.34,54.43,73.89,56.21,45.73,42.61,9.32,26.14,,59.25,15.47,12.68,16.41,25.72,30.3,24.98,10.35,12.84,43.83,82.36,15.59,49.15,90.23,67.0,21.0,,27.52
2021-08-17 07:00:00,14.4,41.86,24.64,35.67,11.19,46.33,13.95,43.77,20.73,39.5,70.92,14.24,17.26,46.96,62.06,35.55,34.52,11.67,25.76,23.42,55.75,28.12,12.03,14.06,109.51,54.36,73.46,55.9,45.29,43.06,9.24,26.18,,56.86,15.58,12.77,16.5,25.39,30.15,24.66,10.27,12.93,44.0,78.82,15.53,49.45,90.23,66.85,20.84,,27.09
2021-08-18 07:00:00,14.38,42.33,24.47,35.04,11.08,47.29,14.03,43.58,20.67,40.7,71.52,13.77,17.09,47.06,62.2,35.26,34.56,11.62,25.76,23.48,55.75,28.32,11.89,14.02,111.17,55.19,73.32,54.55,45.29,42.7,9.28,27.98,,57.06,15.4,12.72,16.25,24.94,29.95,24.43,10.4,12.89,44.0,78.1,15.33,48.95,90.76,67.38,20.49,,26.85
2021-08-19 07:00:00,14.28,42.8,24.39,35.04,10.91,47.54,14.41,43.9,20.55,42.17,74.19,13.81,16.83,47.31,61.06,34.7,35.71,11.75,26.01,23.8,55.66,28.35,11.71,14.02,112.66,55.19,74.67,54.12,45.2,42.38,9.24,28.08,,57.84,16.24,12.64,16.09,25.97,29.95,24.52,10.21,12.7,44.79,78.82,15.12,52.0,92.3,67.6,20.68,,26.99
2021-08-20 07:00:00,13.59,42.8,23.24,34.72,10.16,46.16,13.72,43.58,19.6,41.67,72.74,14.3,16.18,46.46,58.77,34.92,33.46,11.26,25.04,22.8,55.57,26.89,11.02,13.48,110.59,52.48,73.82,52.16,43.54,41.26,8.87,28.36,,55.89,15.76,12.29,16.05,25.89,28.3,23.36,10.24,12.11,43.61,76.76,14.43,48.85,92.15,65.73,20.01,,26.12
2021-08-23 07:00:00,12.94,42.28,22.55,33.6,9.76,44.95,13.6,42.4,19.6,42.29,72.36,14.72,15.6,45.56,57.63,34.89,31.48,10.96,24.28,22.07,55.38,25.93,10.38,12.89,104.97,50.59,74.67,50.38,42.57,39.9,8.59,26.83,,54.71,15.26,11.86,15.82,26.26,27.0,22.56,10.13,11.7,42.39,76.12,13.42,48.1,92.53,64.38,19.4,,25.16
2021-08-24 07:00:00,13.07,41.86,22.61,33.28,10.05,45.47,13.14,42.14,19.62,41.67,71.3,14.01,15.66,46.01,57.76,34.63,31.29,11.0,24.4,22.12,55.2,25.93,10.58,12.87,106.21,51.36,75.1,52.71,42.83,39.81,8.59,26.78,,55.65,14.89,11.68,15.96,25.35,27.25,22.67,9.81,11.78,42.26,76.19,13.37,47.7,94.46,64.61,19.53,,25.25
2021-08-25 07:00:00,13.13,41.86,22.64,33.66,10.11,45.56,13.1,42.53,19.26,41.82,71.14,13.41,15.99,46.01,58.64,35.33,32.4,11.03,24.74,22.77,55.57,26.2,10.67,12.89,111.58,51.68,75.1,53.2,43.49,40.13,9.16,26.88,,57.53,15.26,11.9,16.0,25.68,27.35,22.74,9.89,12.08,42.48,75.97,13.8,47.3,97.69,65.06,19.66,,25.4
2021-08-26 07:00:00,12.92,41.76,22.15,33.6,9.94,45.47,13.17,42.21,18.7,42.91,72.21,14.17,15.76,45.76,57.97,37.62,32.67,10.95,24.38,22.42,55.94,26.03,10.44,12.66,110.75,51.84,73.82,51.18,42.75,38.87,9.24,28.73,,57.68,15.69,12.2,15.85,25.31,27.1,22.35,9.86,11.8,42.17,75.69,13.54,46.55,96.76,65.13,19.46,,25.54
2021-08-27 07:00:00,12.84,41.2,22.2,33.53,10.05,46.16,13.37,43.25,18.67,43.34,77.23,14.56,15.99,46.06,58.44,37.69,34.42,10.8,24.33,22.51,55.76,26.72,10.01,12.62,112.32,52.64,73.89,52.1,43.45,38.68,9.69,30.07,,58.04,15.73,12.07,15.85,25.35,27.3,22.23,9.91,11.77,42.61,75.9,13.42,47.4,97.53,65.13,19.59,,25.88
2021-08-30 07:00:00,13.0,41.86,22.64,33.66,10.39,47.54,14.14,45.08,19.36,44.58,82.63,14.38,16.57,46.16,58.77,38.21,34.61,10.89,24.89,23.36,55.76,26.95,10.7,12.8,109.6,53.26,74.03,52.41,43.49,38.96,9.73,30.07,,57.53,16.42,11.9,16.14,25.85,27.9,22.76,10.24,11.99,43.26,75.9,13.59,47.05,97.61,65.43,19.72,,26.27
2021-08-31 07:00:00,12.94,44.11,22.35,33.72,10.51,49.27,13.72,45.92,19.06,45.74,84.84,14.56,16.48,46.26,60.05,38.06,35.67,10.58,25.2,23.48,55.85,27.13,10.58,12.57,111.58,53.45,74.32,53.88,43.62,38.78,9.65,30.53,,58.62,16.42,11.9,16.14,25.6,27.35,22.44,10.51,11.8,43.31,75.55,13.52,47.05,97.3,65.43,19.72,,26.36
2021-09-01 07:00:00,12.94,45.15,22.38,34.22,10.45,49.1,14.1,45.66,19.2,45.43,83.7,14.84,16.28,46.26,59.51,39.09,36.91,10.46,25.14,23.57,55.76,26.82,10.44,12.57,110.18,53.07,74.53,52.53,44.59,38.46,10.14,30.76,,58.11,16.49,11.64,16.09,25.35,27.2,22.35,10.59,11.84,43.31,75.97,13.44,47.05,96.53,65.95,19.69,,26.94
2021-09-06 07:00:00,12.96,45.62,22.43,34.98,10.62,48.76,15.07,46.32,19.2,44.96,79.89,14.48,16.22,47.51,60.72,38.87,36.17,10.74,26.17,25.21,55.85,27.94,10.49,12.75,108.36,53.45,74.6,52.71,44.85,39.0,10.09,30.62,,58.31,17.14,11.47,16.09,24.85,27.55,22.65,10.86,12.04,43.57,76.97,13.35,47.5,96.69,66.1,19.56,,27.14
2021-09-07 07:00:00,13.15,45.15,22.78,34.54,10.34,47.8,14.34,45.27,19.57,44.46,78.83,13.99,16.9,46.81,59.58,37.47,35.76,10.89,25.91,24.77,55.57,27.71,10.6,12.89,107.28,53.12,74.6,50.87,44.24,38.87,9.81,29.6,,58.11,16.09,11.51,16.14,25.02,27.9,22.97,10.45,12.6,43.57,77.82,13.61,46.95,95.84,65.72,20.33,,26.27
2021-09-08 07:00:00,13.0,45.81,22.72,33.85,10.11,46.85,14.26,44.42,19.26,44.96,77.99,14.05,16.57,46.61,58.97,37.25,35.9,10.91,26.22,25.57,55.57,27.3,10.7,12.75,105.8,53.65,74.03,51.61,43.27,38.87,9.69,29.74,,58.58,15.76,11.47,15.96,26.74,27.3,22.58,10.24,12.49,43.44,76.61,13.63,46.0,95.84,65.04,19.85,,26.17
2021-09-09 07:00:00,13.13,45.71,22.84,33.85,10.34,47.46,14.61,44.82,19.42,44.81,76.77,14.09,16.54,46.66,59.51,37.91,36.77,10.76,26.52,26.42,55.38,27.64,10.7,12.8,108.27,57.26,73.46,50.51,44.41,40.8,9.85,30.53,,58.15,16.24,11.42,16.14,26.56,27.35,22.81,9.97,13.08,43.26,76.47,13.65,45.65,99.22,64.89,20.3,,26.51
2021-09-10 07:00:00,13.07,45.48,22.75,33.85,10.28,48.41,14.38,45.53,19.36,45.47,76.24,13.85,16.77,46.81,59.51,37.62,36.17,10.56,26.32,26.42,55.57,27.67,10.6,12.71,107.45,57.26,73.53,50.45,44.33,42.38,9.85,30.48,,59.17,15.91,11.38,16.14,26.47,27.2,22.81,10.65,12.94,43.22,76.33,13.54,45.65,99.84,65.88,20.68,,27.04
2021-09-13 07:00:00,12.9,45.62,22.46,33.97,10.56,47.2,13.72,44.82,19.08,48.65,77.0,14.09,16.57,46.56,59.51,38.35,34.7,10.28,25.96,25.77,55.66,28.15,10.38,12.57,107.94,60.2,73.32,49.34,44.15,41.48,9.65,29.84,,63.12,15.18,11.21,15.96,26.35,26.9,22.65,10.71,13.19,42.74,75.97,13.39,46.0,98.46,66.41,20.74,,26.94
2021-09-14 07:00:00,12.74,45.62,22.2,33.85,10.45,46.68,13.56,44.36,18.7,49.54,78.14,14.13,16.64,46.96,59.78,37.91,34.98,10.11,25.71,25.74,55.38,28.15,10.12,12.44,111.99,59.96,73.32,49.34,43.97,40.13,9.36,30.02,,64.87,15.47,11.08,15.96,25.68,26.65,22.44,10.84,13.01,42.83,75.97,13.2,46.0,96.76,66.26,20.46,,27.33
2021-09-15 07:00:00,12.62,45.15,22.26,34.22,10.96,46.77,13.95,44.36,18.67,49.85,77.54,13.99,16.57,47.11,61.46,37.91,35.44,10.09,26.37,27.51,55.48,28.12,10.15,12.37,119.76,60.0,73.39,50.08,44.68,41.44,9.6,30.07,,64.87,15.54,11.08,16.02,25.92,26.6,22.39,11.06,13.24,42.3,76.63,13.11,45.7,96.92,65.57,20.46,,27.57
2021-09-16 07:00:00,12.66,45.15,22.61,34.03,10.91,47.11,13.87,44.49,18.96,51.44,75.33,13.83,16.38,47.41,62.2,39.02,35.34,10.23,26.22,27.66,55.38,29.14,10.15,12.53,123.81,59.52,73.39,50.14,44.76,41.93,9.6,30.07,,62.92,15.65,11.3,16.02,25.68,26.75,22.72,10.62,13.38,42.74,74.94,13.13,43.9,96.92,65.8,20.81,,28.97
2021-09-17 07:00:00,12.78,44.91,22.95,33.85,10.85,46.33,13.87,44.56,19.06,55.0,77.76,14.13,16.9,47.91,61.73,38.8,35.48,10.38,26.47,27.66,55.38,28.66,10.28,12.55,120.67,59.23,73.46,49.04,44.5,41.71,9.56,30.95,,62.92,15.69,11.6,16.11,25.98,26.8,23.02,10.68,14.12,42.35,75.97,13.42,43.4,96.07,65.88,21.45,,28.2
2021-09-20 07:00:00,12.98,43.92,22.89,33.78,10.39,46.59,13.6,44.03,19.08,57.18,76.85,14.05,16.44,47.26,59.65,37.54,34.42,10.48,26.22,26.48,55.38,28.8,10.77,12.73,118.19,59.23,73.32,50.81,43.89,41.03,9.56,30.34,,61.86,15.73,11.68,16.14,25.86,27.1,23.46,10.71,13.88,43.39,74.76,14.36,43.35,95.53,67.55,21.61,,28.3
2021-09-21 07:00:00,12.86,42.52,22.75,34.16,10.51,48.15,13.45,44.03,18.88,60.74,76.85,13.91,16.09,46.81,59.24,36.73,33.5,10.42,25.96,27.48,55.29,28.49,10.49,12.62,118.61,59.62,73.32,50.02,43.54,40.62,9.48,30.53,,61.75,15.62,11.47,16.0,25.44,26.8,23.32,10.68,13.84,42.7,72.51,14.73,42.8,95.0,67.63,21.42,,27.43
2021-09-22 07:00:00,12.78,42.7,22.72,33.91,10.62,51.0,13.68,45.22,18.79,64.97,77.46,13.79,16.12,46.66,59.38,37.03,34.06,10.38,26.01,27.42,54.92,28.66,10.38,12.62,121.5,60.53,73.39,49.65,43.97,41.98,9.6,31.46,,61.75,16.45,11.47,16.0,25.26,26.7,23.36,10.71,13.88,43.35,72.98,14.47,43.05,94.84,69.68,21.38,,27.48
2021-09-23 07:00:00,12.78,42.8,22.64,33.85,10.62,49.97,13.6,45.16,18.93,60.43,79.36,13.79,15.79,46.61,60.85,37.03,34.24,10.36,26.06,27.36,54.17,28.66,10.28,12.57,119.85,63.57,73.32,49.4,44.06,41.57,9.56,30.99,,61.83,16.13,11.6,16.05,25.32,26.6,23.23,10.96,14.38,43.35,74.2,14.1,43.55,95.15,69.15,21.45,,27.91
2021-09-24 07:00:00,12.94,42.8,22.78,33.66,10.68,50.83,13.48,45.29,19.0,57.37,78.37,13.65,15.63,46.41,61.12,36.14,34.06,10.4,25.96,26.72,54.64,28.66,10.31,12.94,117.7,62.84,73.32,49.22,43.89,41.48,9.44,30.16,,62.53,15.84,11.68,16.14,25.26,26.75,23.41,11.21,14.4,43.35,74.48,14.34,43.5,96.15,69.07,21.45,,27.52
2021-09-27 07:00:00,12.74,42.33,22.61,33.41,10.56,48.84,13.25,44.03,18.58,57.45,76.09,12.74,15.47,46.11,60.45,35.11,32.77,10.4,25.96,25.89,54.27,28.22,10.12,12.62,111.58,60.68,72.89,49.22,43.97,41.03,9.4,28.68,,62.14,14.89,11.6,16.02,24.17,26.5,22.9,11.12,13.84,42.7,73.17,13.61,43.05,99.22,67.63,21.45,,27.28
2021-09-28 07:00:00,12.78,41.57,23.01,33.34,11.36,50.74,13.45,44.63,18.55,58.92,75.18,13.12,15.5,46.56,63.88,36.14,32.95,10.38,26.88,27.07,54.27,28.39,10.15,12.62,112.41,61.01,73.04,49.83,44.85,41.93,9.56,29.84,,61.4,15.26,11.42,16.07,24.54,26.55,23.04,11.21,14.09,43.22,73.45,13.61,43.25,99.22,68.01,21.38,,27.52
2021-09-29 07:00:00,12.68,41.76,22.89,33.16,11.19,50.14,13.64,45.36,18.22,55.47,74.87,14.03,15.27,46.66,65.02,35.88,33.13,10.36,27.24,27.01,54.27,28.39,9.96,12.53,116.54,61.54,72.61,49.77,45.64,42.07,9.93,30.11,,61.28,15.22,11.25,16.07,24.23,25.8,22.86,11.06,14.33,42.91,73.17,13.41,43.35,98.84,68.24,21.13,,27.33
2021-09-30 07:00:00,12.76,41.95,22.64,33.16,11.31,50.48,13.76,45.09,18.22,58.49,76.01,14.56,15.34,46.56,65.15,36.58,33.04,10.36,27.04,27.36,54.27,28.39,9.94,12.55,117.86,61.54,72.61,50.14,45.29,44.5,9.89,30.16,,61.12,15.29,11.51,16.07,24.56,25.7,22.95,11.09,14.4,42.35,73.26,13.18,44.0,98.38,68.24,21.1,,28.1
2021-10-01 07:00:00,12.74,41.39,22.26,33.22,11.53,50.05,14.34,44.56,17.83,61.59,75.94,15.08,14.85,46.51,69.52,35.92,33.23,10.13,27.29,27.51,53.99,28.18,9.6,12.37,115.71,60.77,72.61,51.49,45.55,44.64,10.1,30.48,,60.26,15.36,11.3,16.07,23.69,24.7,22.67,11.12,14.74,41.78,72.04,12.79,43.85,99.07,68.39,20.46,,27.23
2021-10-04 07:00:00,12.54,41.86,22.32,32.59,11.76,51.44,14.45,46.35,17.2,59.66,75.78,14.84,14.36,47.36,69.85,36.36,34.15,9.83,28.36,28.63,53.99,28.05,9.43,12.21,116.71,60.77,72.61,52.28,47.22,44.55,10.47,32.29,,60.58,15.18,12.2,16.07,23.33,24.3,22.37,10.87,14.54,41.21,72.98,12.4,43.9,101.38,68.69,20.17,,27.28
2021-10-05 07:00:00,12.74,41.76,22.55,32.53,12.11,51.78,14.26,47.34,17.68,58.96,76.09,15.04,14.56,47.26,73.21,35.59,34.52,9.99,28.26,28.16,53.52,28.35,9.64,12.35,116.71,61.06,74.32,51.49,47.31,43.74,10.55,32.29,,62.72,15.26,12.51,16.11,24.41,25.75,22.72,10.9,14.71,41.65,74.29,12.85,44.3,100.61,68.24,20.04,,27.48
2021-10-06 07:00:00,12.68,41.76,22.61,32.72,12.11,52.73,14.72,47.34,17.56,57.95,75.78,15.09,14.49,47.26,76.24,35.4,34.84,9.89,28.67,28.45,53.52,28.66,9.73,12.39,117.53,61.79,74.74,51.67,47.31,44.23,10.63,33.21,,61.9,15.26,12.51,16.23,24.14,25.5,23.27,10.93,14.64,41.65,75.32,12.86,44.3,99.53,68.01,19.72,,28.39
2021-10-07 07:00:00,12.62,42.33,22.46,33.28,11.71,53.51,14.57,46.68,17.59,58.14,76.01,15.19,14.33,47.21,74.56,36.66,35.16,9.83,28.42,28.01,53.61,28.9,9.64,12.46,117.12,61.64,74.1,52.35,47.4,43.74,10.47,32.98,,61.98,15.26,12.51,16.85,24.6,25.5,23.13,10.75,14.54,42.17,74.85,12.81,44.4,99.07,67.63,20.56,,28.3
2021-10-08 07:00:00,12.72,42.28,22.49,33.34,12.11,52.9,14.69,46.55,17.65,58.38,75.86,14.8,14.56,49.52,75.5,37.76,34.65,9.93,28.47,28.04,53.89,29.72,9.64,12.48,120.26,62.03,74.39,53.33,47.31,44.86,10.3,32.61,,63.58,15.47,12.51,17.03,24.69,25.7,23.46,10.59,14.59,42.26,74.76,12.9,44.65,99.15,68.24,20.7,,28.15
2021-10-11 07:00:00,13.19,41.9,22.95,33.28,12.45,53.6,14.69,45.95,18.58,58.84,75.33,14.86,15.14,49.66,75.56,37.62,34.79,10.46,29.23,28.16,53.71,29.79,9.98,12.98,121.5,62.36,74.03,54.43,48.19,45.99,10.26,32.61,,63.7,16.13,13.11,17.03,25.32,26.5,24.52,10.56,14.92,42.48,75.79,13.29,45.95,101.92,68.54,21.22,,29.41
2021-10-12 07:00:00,13.19,42.04,23.09,33.28,12.96,53.51,14.69,46.02,18.46,62.02,74.8,15.15,15.08,49.56,75.23,37.25,34.79,10.42,29.13,28.45,53.99,29.72,9.98,12.96,120.26,63.62,73.32,54.25,48.28,45.09,10.51,33.49,,63.7,15.84,13.07,17.03,25.02,26.6,24.52,10.68,14.78,42.26,75.69,13.46,46.45,101.92,68.84,21.16,,29.74
2021-10-13 07:00:00,13.19,43.74,22.89,33.28,12.91,51.87,14.61,46.35,18.4,62.64,75.71,15.91,15.01,49.76,74.56,37.25,35.07,10.48,29.03,28.3,53.99,29.72,10.01,12.89,118.28,64.48,73.04,55.53,47.22,45.54,10.34,33.77,,62.92,15.84,12.98,17.58,24.78,26.25,24.24,10.62,14.67,42.26,74.85,13.5,46.55,102.99,68.62,21.25,,29.36
2021-10-14 07:00:00,13.07,43.17,22.69,33.34,12.96,51.78,15.27,46.09,18.34,61.17,75.33,16.62,15.34,49.46,74.76,37.76,35.91,10.58,29.03,28.51,53.99,29.89,9.94,12.84,117.45,64.29,72.82,57.0,47.31,45.54,10.34,33.77,,62.53,15.84,12.55,17.65,24.78,26.4,24.29,10.65,14.64,42.13,73.82,13.57,46.25,103.38,68.54,21.31,,29.65
2021-10-15 07:00:00,13.02,42.56,22.66,33.34,13.13,51.69,15.15,45.82,18.37,61.48,74.64,16.92,15.14,49.52,75.23,37.54,35.73,10.46,29.28,29.28,53.99,29.92,10.1,12.8,116.54,63.76,72.61,55.96,47.05,45.31,10.18,33.77,,63.62,15.69,11.92,17.74,24.63,26.85,24.34,10.59,15.07,42.04,73.64,13.69,46.3,101.3,68.54,21.62,,29.46
2021-10-18 07:00:00,12.94,41.95,22.55,33.34,13.59,51.52,14.8,45.16,18.1,60.66,74.49,16.42,15.08,49.56,78.25,37.98,35.4,10.48,29.59,29.33,53.71,30.23,9.92,12.8,118.19,62.94,72.39,57.62,47.75,44.64,10.22,34.23,,62.53,15.29,11.94,17.65,24.69,26.9,24.48,10.4,15.23,41.82,73.82,13.63,46.3,100.92,68.39,22.14,,29.74
2021-10-19 07:00:00,13.07,41.9,22.98,33.16,13.53,53.08,14.8,45.16,18.16,58.92,74.11,17.53,15.4,49.36,76.91,37.98,35.07,10.38,29.23,29.01,53.71,30.4,9.78,12.71,116.54,62.46,73.04,57.31,48.1,44.19,10.18,34.6,,61.94,15.44,12.12,17.65,24.72,26.2,24.38,10.28,15.19,42.0,74.29,13.57,46.2,103.99,68.77,22.2,,29.26
2021-10-20 07:00:00,13.07,42.14,22.81,33.47,13.42,52.3,14.92,45.69,17.98,61.32,75.1,18.08,15.21,48.86,76.91,37.32,35.07,10.21,29.08,28.95,53.99,30.23,9.71,12.71,118.28,62.22,72.82,59.09,47.31,44.64,10.18,34.65,,60.65,15.29,12.25,17.65,24.35,26.3,24.61,10.34,15.26,41.39,73.73,13.65,46.15,104.53,68.54,22.08,,29.89
2021-10-21 07:00:00,12.84,42.33,22.66,34.85,13.36,51.87,14.96,45.42,17.83,62.41,75.48,18.6,15.08,48.41,75.36,36.95,34.7,10.03,29.23,29.07,53.89,30.64,9.64,12.57,115.88,61.16,72.61,59.27,46.96,44.19,9.97,34.65,,59.4,15.18,11.9,17.56,23.99,26.1,24.48,10.34,15.12,40.95,72.89,13.76,45.5,101.38,67.86,21.65,,29.55
2021-10-22 07:00:00,12.78,43.41,22.55,34.35,13.19,52.13,15.27,46.68,17.77,61.75,74.8,18.42,15.21,48.16,75.3,36.66,35.82,10.01,28.98,28.83,53.52,31.08,9.57,12.57,115.8,61.45,73.53,60.68,46.43,44.64,10.01,35.16,,61.16,15.29,11.94,17.39,23.69,26.2,24.2,10.56,14.95,41.08,72.98,13.76,45.9,101.38,68.92,21.45,,29.6
2021-10-25 07:00:00,12.64,44.87,22.49,34.72,13.25,55.76,15.93,46.62,17.92,60.86,74.64,17.83,15.05,47.51,75.23,36.88,36.76,9.99,28.16,27.66,53.52,31.8,9.48,12.44,116.04,61.83,73.89,60.07,47.49,44.68,10.14,35.16,,61.24,15.11,11.66,17.37,23.14,25.6,23.55,10.56,14.54,41.0,73.45,13.48,46.05,101.38,68.62,21.34,,29.36
2021-10-26 07:00:00,12.58,44.68,22.49,35.73,13.36,55.58,16.58,47.01,17.92,60.82,75.18,18.48,15.08,48.51,76.44,37.17,36.9,10.07,28.77,28.04,53.61,31.42,9.55,12.6,115.38,61.64,73.53,59.03,47.92,44.32,10.22,34.78,,60.73,15.54,11.73,17.3,23.45,25.6,23.6,10.47,14.71,40.95,73.64,13.72,46.1,101.92,68.24,21.36,,29.55
2021-10-27 07:00:00,12.7,47.03,22.89,35.73,14.1,56.1,17.2,47.68,18.64,60.39,75.25,18.36,15.27,49.16,81.74,37.69,37.41,10.28,29.59,28.27,53.8,32.76,9.64,12.8,121.33,63.57,73.96,59.52,48.54,45.94,10.26,35.16,,62.49,15.51,11.79,17.34,24.41,26.5,23.83,10.53,14.99,41.87,75.79,13.84,47.5,103.07,68.84,21.88,,30.13
2021-10-28 07:00:00,12.88,50.13,22.86,37.42,13.93,56.71,17.2,47.34,18.76,59.62,77.38,19.39,15.34,49.06,83.96,38.58,37.46,10.42,29.64,28.24,53.89,33.78,9.69,12.84,125.38,63.57,76.74,58.41,48.1,45.81,10.55,35.16,,64.33,16.05,11.82,17.93,24.66,26.7,23.97,10.81,15.37,42.65,75.79,13.87,47.5,102.69,69.0,22.26,,29.94
2021-10-29 07:00:00,13.35,49.85,23.81,37.68,14.16,55.93,17.4,47.61,18.88,59.23,78.98,19.39,14.62,48.51,83.62,38.58,37.22,10.3,29.18,27.89,53.89,34.8,9.55,12.84,124.72,63.28,77.8,58.84,47.49,46.89,10.47,34.6,,62.72,15.98,12.1,17.6,24.47,26.6,23.87,11.09,15.52,42.7,80.0,13.8,47.9,101.53,69.07,21.94,,30.13
2021-11-01 07:00:00,13.23,49.0,23.98,37.68,13.99,55.41,17.75,48.4,19.3,60.35,77.84,19.7,15.14,47.96,81.47,38.06,36.8,10.32,28.47,27.07,55.85,33.44,9.71,12.8,120.26,62.6,78.02,57.07,47.31,45.58,10.84,33.3,,63.31,16.27,12.33,17.65,25.02,26.6,23.87,11.71,15.02,42.26,78.88,13.65,47.9,100.0,68.54,21.65,,30.08
2021-11-02 07:00:00,13.41,50.51,24.07,37.93,14.39,56.02,18.64,47.74,19.42,60.39,78.52,19.47,16.18,48.11,81.68,38.35,39.37,10.44,28.36,26.95,55.57,34.39,9.82,12.8,120.26,62.07,76.95,58.41,47.66,47.34,10.63,33.44,,64.56,16.64,12.38,17.65,25.59,26.65,23.87,11.83,15.16,42.65,79.53,13.97,47.9,101.53,67.93,21.65,,29.79
2021-11-03 07:00:00,13.69,49.85,24.7,38.3,13.82,54.89,17.44,47.34,19.77,59.5,77.61,18.2,16.87,48.11,80.6,37.32,36.76,11.09,28.42,26.45,55.66,32.21,10.49,13.14,120.26,62.03,74.89,57.31,46.52,47.12,10.43,33.44,,67.45,16.38,12.4,18.15,25.2,27.9,24.84,11.18,15.3,43.0,77.56,14.43,47.65,99.84,67.17,22.14,,30.61
2021-11-04 07:00:00,13.55,49.76,25.25,39.06,13.59,54.89,17.75,47.41,19.54,60.62,77.08,18.62,16.61,48.06,78.65,37.54,37.36,11.03,28.77,26.95,55.01,32.38,10.56,13.03,122.24,62.56,74.03,57.43,46.26,46.89,10.47,32.75,,67.14,16.31,13.2,17.84,25.98,27.45,24.66,11.18,15.14,42.87,77.38,14.28,47.5,99.69,67.32,21.91,,30.47
2021-11-05 07:00:00,13.55,50.79,25.02,39.5,13.82,55.33,18.29,48.01,19.6,63.26,77.0,19.9,16.44,48.86,82.21,37.62,37.5,10.89,28.93,27.33,55.57,32.89,10.58,12.91,122.16,63.57,74.74,58.17,47.31,48.7,10.76,32.89,,67.22,16.89,13.63,17.84,25.92,27.65,24.52,11.49,15.05,42.48,76.72,14.17,47.5,100.0,67.93,21.88,,30.13
2021-11-08 07:00:00,13.51,52.67,25.19,39.56,13.93,55.68,19.37,48.14,19.65,63.53,77.0,20.58,16.38,48.76,82.62,38.5,38.07,11.01,29.03,27.1,55.38,32.79,10.74,12.84,125.63,63.37,74.46,57.07,48.01,48.7,10.84,33.3,,67.88,18.05,13.42,17.84,26.89,27.85,24.34,11.74,15.16,42.78,77.1,14.04,47.45,101.38,69.15,21.65,,29.79
2021-11-09 07:00:00,13.53,52.67,24.67,38.99,13.93,56.82,19.22,48.54,19.74,61.63,77.61,20.69,16.57,48.26,80.06,40.2,37.97,11.29,28.88,26.86,55.01,33.03,10.79,12.89,122.16,62.6,73.32,56.57,47.84,47.79,10.63,33.3,,68.0,18.16,12.59,17.84,26.77,28.1,24.2,11.52,15.02,42.3,77.66,14.17,47.45,100.76,68.39,21.36,,29.36
2021-11-10 07:00:00,13.51,50.98,24.67,39.25,14.56,56.55,20.15,48.67,19.48,60.35,77.0,21.37,16.9,48.56,80.87,40.05,38.44,11.42,28.26,26.18,54.92,32.96,10.6,12.89,122.08,63.33,74.03,54.67,51.17,46.44,10.84,32.75,,68.0,18.74,12.59,17.67,27.01,28.45,23.92,11.89,15.23,42.52,77.28,14.13,47.45,99.76,68.31,21.16,,29.84
2021-11-11 07:00:00,13.35,50.89,24.56,39.25,14.16,55.41,21.54,49.2,19.14,60.04,76.77,20.89,17.16,48.06,79.93,39.46,39.19,11.29,27.6,25.6,54.64,33.98,10.31,12.66,121.42,65.01,75.1,56.33,52.49,47.12,10.68,32.75,,67.22,18.6,12.73,17.53,26.68,27.7,23.83,12.7,14.88,42.83,76.26,14.1,47.4,98.92,68.24,21.05,,29.26
2021-11-12 07:00:00,13.49,51.45,24.79,38.81,14.1,55.06,22.94,48.8,19.6,60.28,77.31,20.81,18.33,49.06,79.33,38.87,38.72,11.42,27.9,26.3,54.92,33.78,10.51,12.87,123.65,65.49,75.46,56.02,52.66,49.55,10.72,33.77,,67.22,18.89,12.67,17.65,26.95,28.1,24.29,13.57,15.05,42.78,76.72,14.28,47.25,98.92,68.01,21.19,,29.07
2021-11-15 07:00:00,13.51,51.92,24.56,37.11,13.76,54.97,23.71,48.07,19.48,60.08,78.52,20.81,18.59,48.71,79.86,39.02,37.88,11.76,27.39,25.72,54.73,33.64,10.47,12.89,127.28,67.13,73.75,55.78,52.75,49.96,11.46,33.35,,66.44,18.96,12.67,17.58,27.68,27.95,24.06,14.5,15.21,42.56,78.59,14.3,47.5,97.69,67.78,20.84,,29.17
2021-11-16 07:00:00,13.41,53.05,24.56,37.68,13.82,56.64,22.13,47.61,19.42,60.86,77.69,20.77,18.33,49.22,78.38,40.64,36.8,11.38,26.58,25.36,54.73,32.93,10.6,12.91,125.63,66.41,73.39,55.47,51.61,48.7,11.63,33.21,,66.67,18.09,12.62,17.48,27.04,28.05,24.06,14.47,15.12,42.35,77.66,14.19,47.4,98.38,67.47,20.84,,29.02
2021-11-17 07:00:00,13.47,55.5,25.02,37.42,13.93,56.29,22.55,50.12,19.32,63.38,77.69,20.38,18.0,49.22,78.85,39.98,37.41,11.34,26.27,25.01,54.45,32.96,10.56,12.94,124.39,66.41,73.46,55.16,54.51,47.97,11.71,33.21,,66.63,18.31,12.65,17.48,27.71,28.0,24.15,14.78,14.97,42.7,78.13,14.3,48.15,98.38,67.63,20.84,,29.41
2021-11-18 07:00:00,13.15,55.68,25.53,37.42,13.19,56.29,24.1,49.66,19.26,65.63,76.85,19.23,17.42,48.31,76.44,39.31,37.27,11.52,25.53,23.48,53.99,32.48,10.38,12.75,122.33,66.94,73.11,54.92,53.54,47.88,12.12,32.38,,65.73,19.21,12.35,17.25,29.64,27.65,23.83,15.81,14.86,42.26,77.47,14.1,47.25,97.3,67.02,20.41,,30.04
2021-11-19 07:00:00,13.53,53.61,25.48,37.3,12.39,53.57,22.9,47.68,19.65,65.63,75.94,18.2,18.07,47.71,71.2,36.66,35.26,12.31,24.53,22.07,54.92,31.32,10.42,12.75,121.83,66.94,72.75,55.59,52.14,46.12,11.54,31.04,,65.3,18.78,12.43,17.32,29.31,27.9,24.2,15.93,15.05,42.3,75.32,14.54,47.4,98.3,65.57,20.87,,29.46
2021-11-22 07:00:00,13.81,50.7,26.14,36.74,11.71,52.78,21.31,45.36,20.67,63.92,74.95,18.4,18.0,47.56,68.58,35.51,33.3,13.17,24.86,22.6,55.48,29.34,10.77,13.16,123.9,66.75,72.68,55.72,49.07,46.89,10.8,29.84,,65.66,17.47,12.89,17.53,29.37,28.8,24.57,14.84,16.09,43.04,75.79,15.55,47.4,98.46,65.65,21.16,,28.88
2021-11-23 07:00:00,13.73,51.73,25.65,37.49,12.39,54.71,21.12,45.03,20.43,64.54,75.1,19.51,17.87,48.36,70.26,37.62,35.07,12.97,25.32,23.01,55.76,31.05,10.58,13.03,129.35,68.86,75.6,55.59,50.03,47.66,11.42,30.85,,65.66,18.16,12.73,17.53,31.42,28.5,24.34,14.6,16.85,43.17,77.19,15.62,47.4,101.53,65.72,20.9,,29.12
2021-11-24 07:00:00,14.3,50.89,26.42,37.11,12.45,55.06,20.81,48.14,21.21,64.97,76.85,19.19,19.11,49.01,69.18,37.84,34.79,13.66,24.86,22.33,55.85,32.0,11.25,13.93,129.76,69.35,75.74,55.41,50.03,47.66,11.26,31.27,,65.66,17.87,13.34,18.74,32.15,30.45,25.68,13.97,16.99,45.66,78.31,16.71,47.05,101.69,66.64,21.51,,30.04
2021-11-25 07:00:00,14.22,51.45,26.02,37.99,12.56,55.33,21.7,49.79,21.06,64.85,75.78,19.39,19.01,50.07,69.79,37.62,35.35,13.25,25.17,22.95,56.78,31.87,11.22,13.93,130.18,69.83,77.59,57.74,50.91,46.94,11.46,30.95,,64.48,18.2,13.34,19.45,33.24,30.65,25.4,14.94,17.03,46.66,78.5,16.65,47.0,101.53,66.64,21.91,,29.79
2021-11-26 07:00:00,14.0,50.79,26.08,37.68,12.05,54.54,21.43,49.0,20.55,62.8,75.71,19.9,18.72,49.52,68.51,36.47,34.56,12.78,25.07,23.39,57.71,31.63,10.97,13.66,130.18,68.14,78.8,58.72,49.86,45.76,11.21,30.99,,62.61,17.65,13.34,19.36,32.33,30.85,24.98,14.6,16.44,45.75,77.94,16.78,49.25,99.61,67.25,22.6,,29.36
2021-11-29 07:00:00,13.81,49.94,25.53,37.11,11.82,54.36,22.9,49.53,20.52,61.94,79.06,19.35,18.43,49.12,66.76,36.8,34.42,12.84,24.74,22.89,57.71,31.19,10.58,13.43,126.05,66.22,78.44,57.62,48.19,44.23,11.13,31.92,,61.0,17.36,12.89,18.86,33.42,29.9,24.2,14.47,16.33,44.05,79.34,16.28,52.65,96.15,66.64,22.14,,29.12
2021-11-30 07:00:00,13.47,50.51,25.48,37.68,11.99,53.48,23.02,52.97,20.1,63.34,78.37,19.94,17.81,48.61,66.03,36.73,36.29,12.44,25.02,23.27,54.17,31.7,10.28,13.07,123.32,66.89,78.3,57.37,47.49,44.14,11.17,32.61,,60.18,17.8,12.57,18.79,33.78,28.9,23.97,15.12,15.61,43.09,79.16,15.74,52.5,94.23,66.71,21.74,,28.78
2021-12-01 07:00:00,13.55,51.36,25.42,37.3,12.22,53.57,22.4,52.97,20.37,63.18,77.61,20.65,17.78,49.16,66.16,36.58,36.01,13.05,25.04,23.12,53.52,31.39,10.44,13.3,123.9,66.89,81.15,57.0,47.66,43.87,11.59,32.33,,61.16,18.02,12.59,18.84,33.36,29.9,24.24,15.09,16.7,43.13,77.56,16.04,53.0,92.3,66.64,21.85,,28.68
2021-12-02 07:00:00,13.43,49.85,25.36,36.86,12.22,53.13,22.2,51.58,20.25,63.26,83.01,19.68,18.07,48.66,66.09,36.77,36.15,12.84,24.84,23.18,52.96,31.6,10.28,13.12,125.63,65.97,81.36,58.11,48.71,43.92,11.71,31.92,,62.14,18.02,12.59,18.76,32.63,29.3,23.92,14.91,16.75,43.17,77.0,16.0,53.6,92.61,66.56,21.34,,28.64
2021-12-03 07:00:00,13.17,46.37,24.1,36.42,11.88,50.68,20.92,50.99,19.77,61.44,88.8,18.91,17.55,47.81,64.88,36.14,34.14,12.64,24.38,22.07,52.31,31.42,9.89,12.75,124.81,64.29,79.01,58.17,46.78,42.38,11.21,31.22,,61.36,17.18,12.3,18.27,30.52,28.0,23.23,13.88,16.27,42.7,75.04,15.81,52.75,92.61,65.34,20.58,,27.14
2021-12-06 07:00:00,13.07,46.09,24.07,35.16,11.65,50.42,19.53,50.32,19.24,60.24,90.17,17.9,16.38,47.31,61.79,34.96,33.67,11.86,23.38,20.54,52.4,29.55,9.32,12.39,124.81,63.28,79.01,58.6,45.38,41.12,11.5,30.11,,59.25,16.34,11.79,18.03,30.82,27.0,22.67,12.92,16.27,41.56,74.57,15.14,52.8,92.69,64.96,20.47,,27.04
2021-12-07 07:00:00,13.33,46.94,25.02,36.11,12.39,51.2,20.15,50.99,19.6,63.65,92.83,18.72,16.64,48.06,64.82,35.4,34.23,12.23,24.33,21.24,52.31,30.91,9.62,12.69,125.55,64.29,80.15,59.95,46.96,42.29,12.29,31.22,,59.79,17.03,12.0,18.32,31.54,28.05,23.13,13.14,16.54,42.78,76.35,15.27,53.35,94.61,65.88,20.56,,28.92
2021-12-08 07:00:00,13.39,47.12,25.25,36.42,12.33,50.59,19.92,53.96,19.77,65.51,94.35,18.91,17.35,47.86,65.96,36.1,34.6,12.36,24.12,20.89,52.59,31.25,9.71,12.8,124.89,64.48,81.08,60.44,47.22,43.56,12.5,31.08,,59.76,16.85,12.25,18.74,31.3,28.6,23.13,12.95,17.68,43.0,75.79,15.59,52.95,93.38,65.49,20.61,,29.07
2021-12-09 07:00:00,13.47,50.42,25.25,36.86,12.62,50.68,20.73,57.74,20.22,68.11,96.18,19.39,17.61,48.56,66.29,36.03,34.93,12.54,24.07,20.86,52.68,32.82,9.73,12.87,127.28,64.53,81.86,60.56,47.49,44.69,12.79,31.22,,59.6,17.11,12.27,18.79,32.51,28.85,23.32,13.85,17.72,43.22,76.35,15.85,53.5,95.0,66.26,20.53,,29.41
2021-12-10 07:00:00,13.51,50.98,25.59,36.67,12.33,51.55,21.66,59.53,20.1,68.8,94.73,19.98,17.42,47.96,64.88,35.92,35.07,12.52,23.76,20.3,51.66,32.62,9.8,12.78,127.04,64.58,80.44,60.5,46.78,44.14,13.45,31.5,,59.52,17.0,12.27,18.79,32.03,28.6,23.23,13.66,18.0,43.57,75.69,16.04,51.55,95.76,65.72,20.64,,29.31
2021-12-13 07:00:00,13.51,52.6,26.11,36.48,12.62,51.91,23.17,59.92,20.07,69.39,101.35,19.78,17.19,48.06,65.82,36.07,36.01,12.25,23.79,20.68,52.12,33.85,10.03,12.8,128.94,64.96,79.8,60.25,47.13,44.69,13.41,32.1,,59.52,17.03,12.08,18.86,32.27,28.65,23.13,14.6,17.48,43.39,76.82,16.04,51.6,96.76,65.8,20.41,,29.41
2021-12-14 07:00:00,13.47,55.82,25.99,37.68,12.39,51.29,24.76,58.47,19.89,67.87,102.11,19.98,17.42,47.91,65.96,35.92,35.68,12.07,24.38,22.12,52.22,33.1,10.38,12.73,129.76,65.2,80.51,56.7,47.84,43.65,13.74,31.78,,59.72,17.36,11.87,18.81,31.85,28.1,23.18,14.91,17.48,43.26,76.82,15.96,51.25,95.38,65.72,20.18,,29.17
2021-12-15 07:00:00,13.51,59.7,25.76,37.8,12.16,51.03,24.53,60.39,19.8,67.06,103.33,20.18,17.19,48.01,65.62,37.1,35.31,12.25,24.43,22.07,52.12,32.89,10.33,12.84,133.24,65.44,81.86,57.62,47.92,43.56,13.32,30.53,,59.6,17.8,11.92,18.86,31.24,28.35,23.23,14.94,18.0,43.52,77.28,16.3,50.0,95.38,65.72,19.98,,29.36
2021-12-16 07:00:00,13.35,63.78,25.76,37.55,12.62,50.85,26.23,60.45,19.95,67.45,98.92,19.7,16.9,47.81,66.23,36.51,35.4,12.11,24.28,21.86,52.03,33.03,10.19,12.73,132.41,64.34,81.86,59.88,48.19,42.51,14.23,31.08,,59.01,17.72,11.84,18.81,30.76,28.6,23.06,15.59,17.72,43.17,77.0,16.41,50.0,94.46,65.95,19.43,,29.07
2021-12-17 07:00:00,13.43,64.35,25.76,37.99,12.85,50.5,27.9,60.45,20.23,66.87,94.05,19.74,16.9,48.26,66.5,36.36,35.77,12.03,23.87,21.24,51.66,34.39,10.01,12.71,130.34,64.77,82.0,58.54,47.66,43.33,14.15,31.27,,58.62,17.51,11.87,18.67,31.73,28.3,23.06,15.65,17.75,42.04,79.06,16.35,51.0,94.23,65.27,19.49,,29.74
2021-12-20 07:00:00,13.39,64.44,25.59,39.06,12.39,49.63,29.84,58.8,19.92,64.93,97.78,19.94,17.19,47.96,64.95,35.55,35.17,12.07,23.97,21.01,51.66,34.12,9.92,12.57,134.07,64.05,82.08,58.54,46.52,42.74,15.1,31.04,,58.23,17.25,11.68,18.62,32.33,28.65,22.9,15.34,18.59,43.35,78.13,16.97,49.5,93.92,65.27,19.69,,29.99
2021-12-21 07:00:00,13.27,64.35,25.13,39.06,12.51,49.98,31.89,59.0,19.64,62.37,98.92,21.33,17.39,47.66,63.14,35.15,35.26,11.99,23.56,20.51,51.47,34.26,9.78,12.6,137.87,64.05,83.0,58.72,46.52,43.01,15.48,31.92,,58.19,16.89,11.5,18.65,31.73,28.2,22.79,16.4,18.13,43.09,80.46,16.44,49.05,94.23,65.11,19.69,,30.32
2021-12-22 07:00:00,13.23,64.72,24.84,38.3,12.51,49.54,32.55,59.92,19.43,63.11,97.32,21.37,17.74,47.56,63.94,35.22,36.48,11.38,23.05,20.21,51.19,35.28,9.62,12.46,140.69,64.92,83.07,57.74,46.34,42.87,15.72,31.92,,57.68,17.4,11.12,18.53,30.88,27.65,22.62,17.52,17.75,43.26,80.18,16.22,49.8,94.38,65.04,19.37,,30.42
2021-12-23 07:00:00,13.15,63.87,25.03,36.74,13.08,48.14,30.3,63.37,19.77,61.63,93.82,21.96,18.98,46.66,63.94,34.15,36.48,10.95,22.97,20.65,51.01,35.28,9.48,12.3,141.52,64.34,80.44,58.11,46.34,42.51,15.31,32.38,,57.41,17.91,10.75,18.34,29.61,27.4,21.91,17.3,17.15,43.03,77.19,15.74,48.0,95.3,64.5,18.68,,29.94
2021-12-24 07:00:00,13.35,62.07,25.39,36.74,13.13,49.1,30.22,64.03,20.2,61.98,89.86,21.68,20.28,46.96,64.28,33.74,36.52,11.7,23.53,21.01,51.01,34.8,9.96,12.69,141.52,64.82,82.86,57.92,46.52,42.96,14.28,33.21,,57.45,17.94,11.5,19.57,29.64,28.2,22.62,17.17,18.34,44.16,77.56,16.28,48.25,95.38,65.49,19.75,,30.18
2021-12-27 07:00:00,13.41,61.6,25.61,37.3,13.31,49.19,32.32,66.08,20.5,62.72,87.96,20.81,21.68,47.31,64.41,33.78,36.1,11.72,23.46,20.74,50.82,36.17,9.89,12.69,139.86,64.96,82.96,57.98,47.49,43.56,15.27,33.26,,57.8,18.09,11.5,20.88,29.7,28.1,22.6,18.35,19.04,44.89,77.47,16.11,49.5,96.15,65.57,19.81,,30.23
2021-12-28 07:00:00,13.61,62.45,25.53,37.61,13.31,48.84,34.56,68.8,20.81,62.72,88.19,20.69,23.07,47.31,65.89,33.74,35.4,12.44,23.41,21.12,50.73,35.83,9.96,12.75,141.93,65.4,81.09,57.68,47.22,43.37,15.19,33.26,,57.96,18.02,11.5,20.85,29.49,30.05,22.74,18.23,19.65,45.0,77.47,16.0,49.2,96.3,65.11,19.92,,29.74
2021-12-29 07:00:00,13.67,60.65,25.53,36.92,13.31,48.4,36.97,70.19,20.96,62.02,86.29,19.39,22.23,46.86,65.15,33.89,34.51,12.48,23.41,21.71,50.73,36.17,10.22,12.75,142.34,64.72,81.09,57.0,47.4,42.28,14.9,32.52,,57.96,18.09,11.5,21.35,30.0,29.5,22.72,17.7,19.32,44.72,76.44,16.44,47.75,96.3,64.89,20.04,,29.5
2021-12-30 07:00:00,13.71,60.65,25.68,37.36,13.31,48.31,35.96,71.18,20.75,61.63,86.67,19.94,21.97,46.86,65.15,34.89,34.6,12.48,23.36,21.71,50.26,35.55,10.19,12.82,141.93,64.67,80.44,57.86,47.4,41.97,14.44,32.33,,58.19,19.14,11.44,21.38,31.79,30.5,22.81,17.48,19.04,44.1,76.35,16.5,47.5,96.92,64.96,20.41,,29.46
2021-12-31 07:00:00,13.96,60.65,26.91,37.61,13.19,49.1,35.96,72.51,20.81,62.37,85.98,19.78,21.9,46.56,64.62,34.89,34.56,12.58,23.71,22.01,50.26,34.8,10.24,13.03,141.52,65.44,84.82,58.35,47.31,43.65,14.48,31.96,,59.01,18.81,11.92,21.64,31.3,31.5,23.13,17.05,19.18,44.33,76.72,17.64,47.55,98.69,65.8,20.64,,29.07
2022-01-04 07:00:00,13.92,62.36,27.13,37.05,13.7,49.89,38.44,70.19,21.33,62.13,87.2,20.1,22.03,46.81,68.44,34.96,35.17,12.68,23.89,22.07,50.26,37.12,10.31,13.12,140.69,66.36,82.96,58.11,49.07,43.78,15.48,32.38,,61.36,19.07,12.03,21.64,32.03,32.1,23.55,17.45,19.97,44.44,79.62,17.77,50.5,96.92,66.03,20.79,,30.08
2022-01-05 07:00:00,13.63,62.55,26.88,36.99,13.65,49.63,41.07,70.19,21.33,61.12,87.5,19.78,22.29,46.86,70.53,35.11,35.91,12.44,23.92,21.77,50.17,38.01,10.19,12.94,133.24,66.02,83.05,57.49,48.89,43.15,15.72,32.84,,62.26,19.03,11.76,21.35,31.91,32.55,23.36,17.58,19.62,43.88,78.59,17.7,50.0,94.61,65.65,20.47,,32.16
2022-01-06 07:00:00,13.65,66.9,27.56,36.74,13.76,49.28,42.0,75.09,20.87,60.73,93.59,19.31,22.23,46.81,69.65,34.52,36.1,12.44,23.56,21.07,49.98,38.76,9.96,12.78,127.28,66.22,82.21,57.49,48.71,42.92,15.93,32.33,,61.2,18.89,12.03,20.85,31.36,32.7,23.09,18.01,19.62,44.49,79.81,17.42,52.25,95.23,65.04,20.27,,34.38
2022-01-07 07:00:00,13.47,71.55,28.43,36.67,13.88,48.75,44.87,75.22,20.38,59.75,87.2,18.54,21.71,46.76,72.21,35.51,36.01,12.36,23.41,20.8,50.08,38.62,10.19,12.89,127.45,65.25,80.53,57.0,49.42,42.6,16.68,32.06,,60.65,19.07,11.82,20.14,31.18,31.95,22.88,17.7,19.16,44.89,79.9,17.23,51.1,95.23,64.89,19.95,,33.56
2022-01-10 07:00:00,13.35,66.62,28.18,36.55,13.25,47.96,41.77,70.39,20.44,56.56,82.56,17.27,21.25,46.06,68.51,34.3,35.26,12.07,23.33,20.8,50.08,36.92,9.92,12.66,126.62,64.05,78.2,57.31,48.28,42.28,15.52,31.5,,60.17,19.5,11.39,19.34,29.94,31.6,22.51,17.39,18.9,44.72,79.9,16.97,51.15,95.23,64.81,19.84,,33.8
2022-01-11 07:00:00,13.25,71.26,28.58,36.3,13.13,47.17,43.86,70.52,20.26,55.78,81.34,17.21,21.48,44.81,69.38,33.78,34.42,11.95,23.05,20.36,49.8,36.17,9.87,12.57,119.92,63.47,78.76,56.76,47.49,42.69,15.43,30.53,,60.53,18.6,11.26,18.53,29.07,32.45,22.42,17.58,18.78,44.66,78.22,16.67,50.5,95.23,64.81,19.78,,33.03
2022-01-12 07:00:00,13.39,75.72,30.57,36.42,13.59,47.35,40.84,74.16,20.96,58.47,77.0,17.61,21.97,44.86,72.54,32.71,34.6,12.62,23.61,20.71,49.52,36.65,10.05,13.16,119.92,65.49,78.11,55.16,48.1,42.06,15.02,30.58,,60.49,18.52,11.87,19.45,30.52,34.7,23.32,16.37,20.09,45.0,78.22,17.51,50.4,94.76,64.34,20.41,,34.77
2022-01-13 07:00:00,13.49,73.82,31.92,37.11,13.36,47.35,38.01,70.78,21.58,57.14,77.99,17.09,22.23,46.11,70.53,32.45,33.2,12.56,23.87,21.24,49.52,36.51,10.1,13.39,119.83,65.25,77.83,55.47,47.57,42.69,13.99,30.58,,59.78,17.36,11.9,19.74,29.52,34.3,23.36,15.29,19.69,46.07,76.91,17.38,49.4,93.84,64.34,20.32,,32.64
2022-01-14 07:00:00,13.37,72.02,32.1,36.98,13.25,47.52,35.38,70.85,21.76,56.2,80.66,15.91,22.0,45.71,70.86,31.57,33.39,12.48,23.64,20.86,49.7,36.51,10.01,13.36,119.83,64.53,76.43,56.27,48.28,42.6,14.65,30.72,,60.13,17.51,12.03,19.79,29.43,35.0,23.02,15.96,19.58,46.91,76.91,17.12,49.45,93.84,65.58,20.1,,33.22
2022-01-17 07:00:00,13.25,67.0,31.66,35.83,13.19,46.21,32.94,66.88,21.49,52.3,77.61,15.51,21.38,44.56,70.26,29.87,31.1,11.82,22.84,19.42,49.61,33.98,9.87,13.3,117.52,62.6,74.57,53.02,47.05,42.42,13.66,29.6,,59.38,16.31,11.76,19.68,27.38,32.6,22.49,14.86,18.78,48.49,74.01,16.41,48.5,92.69,64.19,19.06,,30.9
2022-01-18 07:00:00,13.27,64.44,32.57,35.76,13.42,45.24,30.65,65.55,21.21,50.39,79.89,16.58,21.03,44.11,71.87,30.35,29.09,12.05,22.49,19.51,49.43,34.46,9.71,13.48,117.6,62.65,74.66,53.94,47.4,42.33,12.74,29.6,,59.78,15.18,11.02,19.5,25.56,33.9,22.56,13.82,18.17,49.28,72.04,16.18,47.95,95.76,64.58,19.17,,31.29
2022-01-19 07:00:00,13.35,68.9,31.66,36.53,13.36,45.51,28.52,65.62,20.75,53.9,78.6,17.01,21.03,44.21,71.87,30.61,29.74,11.8,22.23,19.42,49.52,35.42,9.73,13.34,122.07,64.29,74.57,54.55,47.49,42.47,13.28,29.88,,59.38,16.16,10.35,19.5,27.32,32.9,22.6,14.02,18.36,48.83,72.61,16.26,47.9,97.15,64.58,19.32,,32.11
2022-01-20 07:00:00,13.33,71.83,33.88,37.3,13.59,45.86,26.54,70.19,21.55,57.65,78.52,17.11,21.19,44.46,72.94,31.02,30.4,11.78,22.49,19.65,50.26,35.28,9.78,13.61,123.47,64.53,74.75,55.16,47.49,42.83,14.07,30.07,,59.38,16.42,10.96,20.02,27.62,33.8,22.6,14.99,18.5,48.99,73.54,16.41,47.5,95.07,64.26,19.58,,32.45
2022-01-21 07:00:00,13.53,71.36,34.35,36.92,14.28,46.03,28.36,72.77,21.82,57.73,77.69,16.93,21.71,44.16,72.14,30.98,30.3,11.91,22.13,19.01,50.26,34.67,9.96,14.33,124.96,64.14,74.57,55.04,48.1,43.33,13.78,30.34,,58.59,16.13,11.02,20.02,26.92,34.6,23.04,15.23,18.69,50.18,74.29,16.82,47.75,93.84,63.96,19.78,,31.97
2022-01-24 07:00:00,13.9,68.23,34.02,36.73,14.05,44.8,26.39,69.72,21.88,54.61,75.33,15.77,21.97,42.71,71.94,30.17,28.2,11.82,20.8,17.68,49.89,33.51,9.87,14.47,118.34,62.56,72.8,52.35,47.66,43.96,12.83,29.14,,57.4,15.0,11.02,19.99,25.05,33.3,23.27,14.19,17.64,52.31,71.3,16.44,47.5,92.69,62.72,19.29,,29.94
2022-01-25 07:00:00,14.1,72.97,35.54,36.6,14.28,45.24,24.57,72.84,22.71,56.24,74.95,16.38,22.68,43.31,73.55,31.72,29.23,12.25,22.1,18.12,50.08,34.05,10.56,14.69,126.62,63.09,73.63,55.16,47.75,44.01,13.7,29.74,,57.4,15.84,11.44,20.37,25.86,34.7,24.01,14.25,18.57,53.89,75.79,17.08,48.0,93.3,61.32,20.12,,32.02
2022-01-26 07:00:00,14.34,73.16,34.89,37.82,14.5,46.47,22.86,71.98,23.11,54.02,74.95,16.14,22.91,43.06,75.36,30.98,28.99,12.52,22.21,18.18,50.08,34.39,11.29,15.01,121.65,63.52,74.01,53.2,50.03,45.82,13.49,30.02,,56.89,15.98,11.87,20.19,25.65,35.55,24.24,13.28,18.31,53.16,75.97,17.56,48.2,93.15,61.71,20.7,,32.74
2022-01-27 07:00:00,14.12,73.35,34.53,38.2,14.56,47.17,21.27,68.0,22.65,52.26,75.71,16.75,22.94,43.01,75.09,31.2,28.71,12.56,21.54,17.83,50.26,34.19,11.25,14.87,117.52,63.33,73.63,53.63,50.03,45.82,13.57,31.18,,58.9,15.98,11.71,19.89,26.23,35.4,24.01,13.08,18.78,51.19,75.79,17.45,48.25,93.15,64.34,20.44,,33.03
2022-01-28 07:00:00,13.98,75.06,34.78,39.42,13.99,47.7,21.7,65.55,22.65,53.83,78.3,16.31,24.34,44.81,73.21,31.72,29.18,12.6,21.57,17.86,50.26,34.12,11.48,15.19,118.34,63.81,74.47,55.66,49.24,47.18,13.9,31.92,,58.86,15.98,12.03,20.04,27.22,35.55,24.43,13.25,19.6,50.06,75.13,17.73,48.5,93.76,64.34,21.13,,33.75
2022-02-07 07:00:00,14.04,75.53,34.38,40.0,15.42,48.66,22.71,63.3,22.28,55.78,78.3,17.3,23.37,44.81,77.04,33.93,30.12,12.68,22.0,18.77,50.36,34.53,11.41,15.23,122.4,64.48,74.57,55.78,51.52,48.68,14.77,31.73,,60.21,16.42,12.35,20.04,27.71,35.6,24.43,13.72,19.48,51.98,76.91,17.66,45.6,100.3,64.65,20.93,,34.28
2022-02-08 07:00:00,14.46,76.76,34.35,38.46,15.13,48.57,21.12,62.57,22.41,57.53,77.08,17.93,23.2,45.36,76.57,34.41,30.86,12.8,23.28,20.07,50.26,34.39,11.43,15.23,120.41,65.64,73.82,54.55,51.61,47.64,14.81,32.1,,61.28,16.71,12.41,19.48,27.59,35.85,24.89,13.68,19.62,51.75,75.97,17.9,43.65,101.15,63.49,21.51,,34.28
2022-02-09 07:00:00,14.4,76.57,35.11,38.84,15.08,49.01,21.39,64.23,22.32,57.34,76.85,17.77,22.62,45.41,73.88,35.77,30.96,12.88,24.17,21.45,50.26,36.24,11.29,15.01,121.32,65.97,73.63,55.66,52.14,46.87,14.73,32.24,,60.88,16.71,12.89,19.58,27.62,35.05,24.8,14.12,19.39,51.08,76.26,17.86,42.85,103.84,64.11,21.39,,34.67
2022-02-10 07:00:00,14.38,76.57,35.11,38.78,15.59,48.57,22.05,64.23,22.56,55.78,78.9,18.25,22.75,46.06,75.23,35.22,31.42,12.84,24.02,21.42,50.26,36.03,11.48,15.21,123.81,65.64,73.17,55.16,53.1,46.87,15.35,31.55,,62.15,16.71,12.62,19.68,27.25,34.75,24.8,14.09,19.25,51.36,74.94,17.75,42.0,102.3,64.03,21.16,,34.77
2022-02-11 07:00:00,14.44,74.96,34.75,38.46,15.53,48.31,20.81,62.9,22.59,56.95,77.23,18.84,23.27,45.86,74.56,35.66,31.75,12.72,24.1,21.83,51.19,36.03,11.89,15.3,123.97,65.16,72.8,55.23,52.14,47.55,15.14,31.59,,63.18,16.6,12.62,19.5,27.25,35.3,24.84,13.88,20.02,50.63,74.57,17.79,40.85,102.15,63.49,21.1,,33.42
2022-02-14 07:00:00,13.75,74.77,32.46,37.69,15.7,47.52,20.34,61.45,21.24,55.04,75.78,18.54,23.76,45.56,77.91,36.07,31.14,11.91,23.61,21.36,50.92,35.96,11.06,14.42,125.46,63.57,72.7,54.86,52.84,47.46,14.65,31.22,,66.47,16.31,11.76,18.66,26.35,32.85,23.83,13.62,18.69,48.38,73.07,17.12,40.9,107.69,62.79,20.18,,31.87
2022-02-15 07:00:00,13.96,77.71,33.51,37.75,15.3,48.05,21.16,61.25,21.46,55.15,77.0,18.9,24.21,45.61,78.85,36.07,31.19,12.03,23.51,21.15,50.92,36.51,11.29,14.74,132.83,64.19,73.63,55.16,51.79,47.86,14.98,31.59,,67.3,16.31,12.06,18.97,26.71,33.5,23.97,13.92,19.04,48.94,74.85,17.23,41.85,107.07,62.87,20.73,,32.84
2022-02-16 07:00:00,13.84,77.52,32.75,37.82,15.08,50.33,22.63,62.44,21.27,55.78,77.46,19.63,23.27,45.71,76.91,36.44,31.56,11.93,23.51,21.45,50.92,36.71,11.16,14.72,130.84,64.0,72.8,55.29,51.79,48.23,15.06,33.44,,66.66,16.71,12.08,18.77,27.13,33.6,23.87,14.66,18.87,48.94,74.85,17.0,41.45,107.07,62.25,20.56,,33.12
2022-02-17 07:00:00,13.88,80.08,33.37,38.01,15.08,49.89,22.63,62.9,21.42,57.34,77.54,19.47,23.46,46.46,79.73,37.76,31.8,12.13,23.76,21.54,51.01,37.46,11.16,14.96,134.9,64.77,73.63,56.39,52.66,48.95,15.39,33.07,,67.5,16.71,12.03,18.51,27.19,33.9,24.15,14.59,19.23,49.22,75.6,17.45,41.55,108.92,62.56,20.93,,33.27
2022-02-18 07:00:00,13.69,79.32,32.42,39.42,15.08,50.24,24.18,62.24,21.24,58.97,82.86,19.92,23.37,46.16,78.59,38.28,31.42,12.03,24.05,21.92,50.92,36.85,10.84,14.72,135.14,64.53,73.17,55.9,52.49,48.55,15.35,33.54,,67.06,16.64,11.92,18.46,27.32,33.35,23.87,15.09,19.06,49.05,74.57,17.47,41.1,114.61,62.41,20.7,,32.45
2022-02-21 07:00:00,13.92,78.09,32.82,40.57,15.02,50.15,25.85,62.77,21.12,59.09,87.5,19.71,22.94,46.81,77.78,37.76,32.36,12.07,23.84,21.62,50.92,36.99,10.86,14.72,132.66,64.48,73.17,55.9,52.58,48.32,15.23,33.49,,67.14,16.71,11.92,18.51,27.8,33.2,23.83,15.19,19.11,49.16,74.85,17.38,41.8,112.3,62.72,20.7,,32.93
2022-02-22 07:00:00,14.04,77.42,33.37,41.15,15.3,49.36,26.12,63.63,21.24,59.68,86.74,19.23,22.75,46.51,78.25,38.5,32.03,12.05,23.71,21.07,50.64,36.78,10.86,15.5,130.34,66.31,72.8,55.04,54.42,49.91,14.73,33.12,,66.66,16.56,11.79,18.36,27.19,33.7,23.78,14.72,19.39,48.83,74.2,17.34,41.0,109.84,61.94,20.5,,33.32
2022-02-23 07:00:00,14.0,78.84,33.08,41.98,15.93,50.5,27.16,65.09,21.39,61.24,87.5,20.56,21.45,46.56,78.59,38.43,32.03,12.09,23.87,21.51,51.19,36.92,10.84,15.48,130.1,66.36,72.14,55.16,54.86,49.72,15.02,34.46,,67.22,17.14,11.82,18.59,27.38,33.6,23.92,14.76,19.9,48.88,74.29,17.49,41.25,113.99,61.94,20.7,,33.7
2022-02-24 07:00:00,13.94,78.56,32.35,41.08,16.27,51.73,25.96,64.3,20.78,63.15,85.75,21.98,21.84,46.06,79.93,37.91,31.52,11.74,23.51,20.92,51.01,36.03,10.47,15.32,132.0,65.88,70.84,54.31,55.65,49.45,14.69,34.0,,67.18,16.53,11.6,18.46,26.95,32.9,23.36,14.29,19.27,47.98,73.54,17.47,40.05,113.84,60.86,21.28,,32.84
2022-02-25 07:00:00,13.9,77.8,32.32,41.21,15.7,51.73,25.5,65.16,20.78,63.11,86.59,21.86,22.68,46.21,78.72,37.25,31.8,11.93,23.46,21.1,50.64,36.37,10.58,15.37,130.76,66.26,71.12,53.63,54.77,48.91,14.77,34.23,,67.14,16.64,11.66,18.51,27.62,33.0,23.46,14.45,19.6,47.87,73.26,17.68,39.55,111.61,61.09,22.03,,32.84
2022-02-28 07:00:00,13.71,74.86,31.7,41.08,15.99,51.82,24.95,64.1,20.35,63.62,85.6,23.36,22.0,46.71,79.26,36.66,31.94,11.74,24.12,22.57,50.26,36.1,10.4,15.5,129.1,65.49,70.18,52.1,54.68,46.73,14.36,34.97,,67.22,16.42,11.58,18.05,27.62,32.85,23.32,14.32,19.74,47.53,72.51,17.49,38.5,107.76,60.7,21.91,,32.35
2022-03-01 07:00:00,13.69,72.88,31.99,40.57,15.93,52.43,25.88,63.43,20.44,63.66,85.3,23.04,22.0,46.76,79.06,36.88,33.39,11.64,23.97,22.95,50.26,36.92,10.22,15.32,129.52,65.49,70.28,51.79,53.8,47.64,14.44,34.55,,66.5,16.71,11.5,18.82,27.8,32.65,23.27,14.49,20.0,47.81,72.98,17.53,39.6,108.38,61.32,21.77,,32.35
2022-03-02 07:00:00,13.31,74.39,30.79,38.97,16.33,51.73,25.5,61.25,19.64,64.75,89.79,24.26,20.8,46.61,80.06,37.54,33.11,11.15,23.97,23.33,50.17,36.65,9.87,14.65,129.93,64.77,71.21,53.45,53.98,46.91,14.44,34.23,,67.5,16.71,11.23,19.28,27.07,31.25,22.76,14.19,19.37,47.81,72.51,17.08,39.45,111.53,60.78,21.05,,31.68
2022-03-03 07:00:00,13.53,75.81,31.05,39.87,16.22,51.73,25.3,59.66,20.01,69.27,89.71,24.17,20.83,46.76,81.07,40.12,33.95,11.52,25.6,24.77,50.26,37.26,10.22,14.92,131.67,65.73,72.7,53.94,55.12,47.18,14.23,35.02,,66.74,17.87,11.28,19.3,27.5,31.85,22.97,14.35,19.39,48.09,72.98,17.15,39.5,110.3,60.7,21.59,,31.58
2022-03-04 07:00:00,13.88,74.77,31.41,40.06,15.87,52.34,25.96,61.58,20.1,69.27,88.26,24.46,20.47,46.81,79.26,40.57,33.67,11.42,25.45,24.01,50.26,37.26,10.26,14.83,133.49,65.4,71.77,55.47,53.63,48.18,14.32,34.65,,63.91,17.87,11.42,19.38,28.16,32.0,23.11,14.82,19.04,47.76,72.89,17.08,39.5,107.22,60.32,21.97,,32.59
2022-03-07 07:00:00,13.45,72.59,30.65,38.91,16.85,51.64,25.77,59.92,19.74,74.07,88.8,26.16,21.68,46.96,83.69,41.3,34.37,11.17,26.12,24.98,50.08,36.71,10.1,14.51,130.92,64.63,70.84,54.86,55.56,49.28,14.11,34.14,,61.75,18.52,11.26,19.28,28.28,31.5,22.79,14.96,18.22,47.76,71.3,16.74,39.25,103.22,59.46,21.74,,31.77
2022-03-08 07:00:00,13.19,70.89,30.18,38.33,16.22,51.2,24.1,58.93,19.68,70.99,87.12,25.15,21.55,47.46,81.07,38.8,33.95,11.15,25.27,23.77,50.08,35.55,10.1,13.97,131.42,64.63,70.84,53.39,53.8,48.36,14.23,33.54,,62.15,17.83,11.2,19.23,28.4,30.85,22.67,14.62,18.13,45.84,69.8,16.63,38.95,105.38,58.92,21.34,,31.39
2022-03-09 07:00:00,13.23,67.76,29.38,39.42,16.62,49.45,23.48,56.81,19.64,73.72,87.12,26.49,22.59,47.81,82.08,41.45,33.67,11.01,25.48,24.39,51.19,34.94,10.1,13.86,128.69,64.43,71.3,53.94,55.3,50.42,13.86,32.89,,61.91,17.47,11.23,19.12,28.16,31.1,22.72,14.39,18.13,46.69,69.24,16.6,39.0,107.69,58.15,21.25,,30.52
2022-03-10 07:00:00,13.31,69.56,29.7,39.1,16.27,50.33,23.91,56.28,19.71,72.94,87.05,25.92,22.29,47.36,79.59,40.57,33.25,10.99,25.12,24.1,50.73,35.14,10.22,13.99,124.14,64.29,71.77,54.0,53.8,49.42,13.74,33.17,,62.71,17.72,11.26,19.12,28.16,31.55,22.79,14.45,18.22,46.97,70.36,16.56,39.55,106.92,59.7,21.19,,30.9
2022-03-11 07:00:00,13.23,68.61,30.36,38.33,15.76,49.98,23.06,56.28,19.8,73.37,85.14,26.93,23.01,46.66,75.83,41.08,32.27,11.13,24.33,23.33,50.64,34.8,10.17,14.17,117.93,64.05,71.96,53.76,50.91,47.68,13.37,33.4,,61.51,17.22,11.26,19.12,27.19,32.05,22.62,14.09,18.06,47.14,70.17,16.3,39.5,106.53,60.39,20.99,,30.76
2022-03-14 07:00:00,13.23,67.0,29.96,37.82,14.73,48.31,22.47,57.01,19.58,70.21,83.17,25.07,23.79,45.96,71.2,38.28,31.19,11.05,23.41,22.36,50.64,34.26,10.03,14.26,112.63,63.42,71.3,53.63,49.07,44.94,12.95,33.72,,61.51,16.71,11.68,19.07,26.11,32.5,22.44,13.48,18.31,47.36,69.71,16.04,39.15,111.53,59.77,20.76,,30.9
2022-03-15 07:00:00,13.27,68.7,30.54,38.46,14.68,48.31,23.6,57.87,19.61,69.7,82.71,25.27,24.05,45.56,72.54,38.65,31.66,11.09,23.59,21.89,50.54,34.12,10.12,14.24,116.77,63.28,71.4,52.9,49.15,46.95,13.57,33.3,,60.43,16.71,11.6,19.12,26.17,32.7,22.49,13.68,18.64,45.62,69.71,16.13,39.15,113.84,59.77,21.28,,30.66
2022-03-16 07:00:00,13.27,70.13,30.18,38.33,14.79,49.28,23.79,57.48,19.64,73.72,82.71,25.59,24.34,45.86,73.35,39.46,31.52,11.07,23.61,21.98,50.45,34.53,10.17,14.47,116.27,63.28,72.14,52.59,49.33,46.9,13.49,32.94,,61.51,16.71,11.63,19.23,26.47,32.9,22.69,13.75,18.57,46.41,69.42,16.43,39.05,113.07,59.85,21.22,,30.66
2022-03-17 07:00:00,13.27,70.13,31.55,38.39,14.68,49.28,23.68,57.74,20.07,72.39,82.94,24.54,23.95,46.06,71.2,39.09,31.61,11.21,23.48,21.57,50.26,35.08,10.26,14.54,114.21,62.99,71.4,52.96,48.98,47.0,13.49,33.21,,61.51,16.85,11.82,19.28,26.47,32.8,22.67,13.92,18.5,46.69,69.24,16.48,39.2,111.53,59.16,21.02,,31.15
2022-03-18 07:00:00,13.27,72.02,31.84,37.94,15.08,49.19,23.91,57.61,20.14,73.76,82.78,25.35,23.4,47.61,73.15,39.76,31.8,11.25,23.76,22.27,48.87,34.8,10.22,14.47,113.13,63.37,71.86,52.1,49.07,47.22,13.32,33.21,,60.51,16.71,11.58,19.3,26.47,33.1,22.76,13.88,18.45,47.36,69.8,16.52,39.4,113.99,58.84,20.9,,31.87
2022-03-21 07:00:00,13.33,72.88,31.77,37.88,15.3,51.29,24.76,57.21,20.17,77.81,83.78,25.31,23.53,47.71,76.57,40.12,32.36,11.54,23.94,22.48,50.73,36.37,10.28,14.51,120.0,64.96,76.8,55.72,49.15,48.18,13.41,33.3,,60.79,16.92,11.84,19.3,26.77,33.1,22.88,14.29,18.64,47.76,72.51,16.71,40.5,110.22,60.08,21.22,,32.06
2022-03-22 07:00:00,13.47,71.83,31.55,37.88,15.42,51.29,26.47,57.94,20.26,83.24,81.8,26.77,23.56,48.26,77.24,40.27,32.41,11.54,23.97,22.83,50.45,36.03,10.51,14.63,122.9,65.11,78.39,55.96,49.86,48.82,13.66,34.28,,61.51,17.0,11.79,19.53,26.8,34.05,23.09,14.15,18.92,47.76,72.98,16.82,41.1,108.3,59.54,21.25,,32.06
2022-03-23 07:00:00,13.43,71.74,31.48,38.2,15.3,51.73,26.12,60.26,20.17,88.58,84.0,27.99,24.02,48.31,75.43,39.53,33.11,11.42,23.92,22.33,50.17,36.17,10.42,14.49,121.65,65.01,78.11,55.35,49.15,47.96,13.99,34.46,,62.91,16.85,11.74,19.48,26.71,34.0,22.95,14.09,18.71,47.76,72.23,16.78,40.7,108.46,58.92,21.13,,31.72
2022-03-24 07:00:00,13.31,70.69,31.26,39.1,15.42,51.55,26.04,61.25,19.98,86.78,84.69,28.15,23.56,48.06,75.43,41.16,32.64,11.46,23.71,22.1,50.26,36.24,10.35,14.44,121.32,64.53,77.18,57.56,49.15,48.82,13.9,36.87,,63.03,16.96,11.76,19.43,26.47,33.65,22.81,14.25,18.73,46.97,70.83,16.67,40.5,110.76,58.54,20.96,,31.68
2022-03-25 07:00:00,13.23,70.03,31.52,39.61,15.25,51.29,25.46,60.79,19.77,87.76,84.69,29.49,23.92,47.91,74.35,40.42,32.45,11.4,23.71,22.27,50.17,36.37,10.24,14.33,121.16,66.89,77.92,57.74,49.15,49.37,13.74,36.54,,62.91,17.43,11.76,19.43,26.26,33.65,22.79,14.69,18.64,46.41,71.02,16.6,40.5,109.99,58.23,21.19,,31.58
2022-03-28 07:00:00,13.09,68.7,30.18,38.78,15.42,51.29,23.87,60.12,19.52,91.62,84.84,29.98,23.89,49.12,74.22,41.52,31.66,11.17,23.46,22.24,49.98,36.1,10.03,14.2,120.5,69.35,76.9,57.0,49.15,49.37,13.28,36.96,,62.95,17.43,11.44,19.2,25.53,31.85,22.58,14.09,18.43,46.35,70.08,16.39,40.25,108.3,56.83,20.9,,30.9
2022-03-29 07:00:00,13.09,68.23,30.76,38.91,15.42,53.83,25.03,64.3,19.64,89.12,85.22,29.73,24.37,52.52,75.16,43.52,32.27,11.23,23.43,22.1,50.08,36.44,10.12,14.42,119.17,70.55,76.9,56.39,49.5,50.42,13.45,37.24,,63.11,17.98,11.58,18.61,25.77,32.3,22.62,14.35,18.83,46.07,71.58,16.74,40.4,109.92,58.46,20.99,,31.44
2022-03-30 07:00:00,13.19,68.23,31.59,38.78,15.19,54.1,23.44,64.69,19.68,90.49,84.46,27.66,24.31,53.07,73.95,42.41,31.66,11.54,23.25,21.36,49.98,35.89,10.05,14.72,119.17,69.54,74.57,55.59,48.28,49.42,13.2,37.65,,63.07,17.47,11.63,19.4,25.56,32.25,22.74,13.65,18.69,46.13,70.92,17.53,40.55,108.07,59.0,21.22,,31.39
2022-03-31 07:00:00,13.37,69.56,31.55,39.35,14.9,53.92,23.71,63.96,19.92,88.93,84.61,27.14,23.98,53.57,72.74,43.07,31.8,11.56,23.05,20.6,50.08,36.03,9.94,14.85,117.68,70.21,74.66,54.86,48.45,50.42,13.12,37.79,,63.51,17.43,11.44,19.4,25.38,31.7,22.92,13.55,18.76,46.18,70.92,17.55,40.6,108.07,62.64,21.45,,32.3
2022-04-01 07:00:00,13.51,68.7,32.17,41.79,14.85,55.59,25.19,65.02,20.29,88.93,85.95,27.99,24.18,55.57,73.68,42.78,32.31,12.01,23.36,21.04,50.08,36.58,10.08,15.01,121.24,75.12,76.99,56.82,48.36,53.48,13.24,38.9,,66.03,17.65,11.82,19.63,25.92,32.2,23.27,13.88,19.27,46.58,71.3,17.86,41.05,108.38,63.26,22.26,,32.88
2022-04-04 07:00:00,13.55,69.94,32.1,41.41,14.96,55.76,24.45,65.55,20.17,86.2,86.65,26.04,23.85,54.72,75.5,43.44,34.14,11.86,23.43,20.98,50.64,36.03,10.05,14.87,124.14,74.64,80.62,56.94,49.33,53.2,13.41,38.16,,66.5,17.61,11.6,19.66,27.19,32.2,22.97,13.82,19.27,46.46,71.39,17.82,41.35,109.92,63.65,22.49,,32.88
2022-04-05 07:00:00,13.35,70.41,31.41,40.7,15.3,55.94,24.45,62.9,19.86,83.86,84.85,26.45,23.59,54.57,76.77,43.88,34.04,11.72,23.56,20.98,50.45,35.49,10.46,14.72,125.46,74.74,81.74,57.0,49.24,53.75,13.53,37.93,,66.39,17.43,11.39,19.61,26.77,31.8,22.69,13.65,19.06,46.69,71.48,17.47,41.15,108.84,62.25,22.08,,32.5
2022-04-06 07:00:00,13.43,70.6,31.55,40.57,15.3,57.17,24.8,58.86,20.01,84.56,83.9,25.19,23.69,56.57,76.37,42.85,34.6,11.82,24.15,21.15,50.36,34.8,10.59,15.03,127.28,76.47,80.44,57.0,49.15,53.89,13.57,39.18,,67.7,17.36,11.42,19.61,26.95,32.35,23.09,13.55,19.23,47.59,71.39,17.68,40.25,108.46,61.4,23.04,,32.45
2022-04-07 07:00:00,13.59,68.8,31.23,40.76,15.42,56.46,24.41,56.94,19.98,86.98,83.83,26.24,23.43,56.72,75.77,41.45,33.95,11.78,23.79,20.77,50.17,34.87,10.33,15.19,124.96,74.64,78.85,56.76,49.68,52.52,13.78,37.47,,66.5,16.64,11.04,19.45,26.62,31.9,22.81,13.28,19.16,46.69,70.17,17.42,39.75,105.38,60.78,22.95,,31.53
2022-04-08 07:00:00,13.69,70.13,30.39,39.55,15.08,55.68,23.71,56.94,19.68,84.25,83.43,25.88,22.81,54.32,74.02,40.42,32.59,11.52,23.71,19.33,49.8,34.73,10.21,14.96,122.9,72.24,79.6,55.78,49.33,52.24,13.41,37.84,,65.59,16.42,10.7,19.28,25.98,31.0,22.6,12.74,18.78,46.69,70.27,16.78,40.85,106.46,59.85,22.37,,31.1
2022-04-12 07:00:00,13.53,70.13,29.34,39.29,14.39,52.61,22.09,52.97,19.03,84.25,80.13,26.45,21.97,54.97,73.15,38.43,30.86,11.34,23.05,19.3,49.8,34.19,9.93,14.54,124.48,73.54,79.23,55.16,47.92,51.28,12.91,36.59,,65.23,15.98,10.16,19.38,25.26,30.8,22.21,12.61,17.78,46.35,68.3,16.48,40.65,106.15,59.46,22.49,,30.04
2022-04-13 07:00:00,13.61,71.83,29.67,39.61,14.68,55.5,22.47,50.46,19.34,90.14,80.76,27.58,22.16,57.63,73.95,41.08,32.27,11.42,23.1,19.48,49.33,34.53,10.16,14.69,125.97,75.22,80.62,55.78,48.01,52.93,12.99,37.51,,65.31,16.24,10.48,19.4,25.71,31.35,22.21,12.68,18.69,46.35,68.4,16.78,41.1,106.22,59.77,22.49,,30.76
2022-04-14 07:00:00,13.67,72.78,29.38,40.51,14.73,54.8,22.47,49.66,19.15,96.42,80.21,29.29,21.97,58.38,74.96,41.67,32.31,11.13,22.95,19.54,49.24,34.19,10.05,14.56,124.78,76.81,79.23,54.86,48.01,53.38,12.87,37.93,,66.67,16.24,10.51,19.45,25.38,30.8,21.88,12.54,18.24,45.56,67.65,16.69,40.85,105.3,59.08,22.78,,30.76
2022-04-15 07:00:00,13.57,74.86,28.51,40.89,14.73,58.57,22.94,46.22,19.03,96.73,80.06,28.68,21.64,57.58,77.31,42.26,33.67,10.72,22.59,19.54,49.8,33.78,10.03,14.15,124.09,77.15,78.39,53.08,48.01,53.43,12.17,40.24,,67.34,16.42,10.4,19.38,24.17,30.1,21.1,12.11,17.45,45.11,66.52,16.33,40.35,104.53,59.23,22.2,,30.42
2022-04-18 07:00:00,13.27,75.62,27.53,40.51,14.45,58.57,21.78,43.04,17.92,95.56,80.13,29.2,20.57,57.83,77.44,41.38,34.42,10.6,21.8,18.3,49.33,33.64,9.39,13.66,123.09,77.15,76.62,53.82,46.43,56.35,12.0,40.98,,67.9,16.09,10.4,19.25,22.66,29.0,20.75,11.27,17.71,43.71,65.31,16.11,39.75,106.38,59.62,21.13,,30.28
2022-04-19 07:00:00,12.8,75.72,27.53,40.64,14.5,57.6,20.27,43.77,17.65,99.38,80.13,30.46,20.38,56.07,76.5,42.41,32.73,10.56,22.13,17.83,49.43,34.19,8.76,13.21,119.62,75.12,76.43,52.59,44.76,54.25,11.17,39.58,,67.46,14.96,9.71,19.2,21.15,27.5,20.22,10.5,16.91,43.71,64.47,15.85,39.4,110.07,58.84,20.64,,29.79
2022-04-20 07:00:00,12.9,72.5,27.53,40.25,13.36,56.11,18.87,42.38,17.62,94.78,79.82,28.39,20.34,56.07,71.6,41.01,30.44,10.5,22.08,17.71,49.43,34.05,8.15,13.3,123.39,75.12,75.87,53.09,45.03,54.25,10.8,37.43,,68.7,13.95,9.04,19.25,21.27,27.55,19.92,10.46,16.59,44.1,62.5,15.42,39.65,109.22,58.54,20.3,,29.6
2022-04-21 07:00:00,12.74,69.18,27.93,40.25,12.62,58.31,17.55,40.52,17.8,96.34,79.82,29.04,19.95,56.07,70.53,41.01,28.53,10.15,22.16,17.71,48.96,32.76,8.28,13.52,122.1,74.88,74.66,53.01,44.15,54.3,11.01,37.8,,67.78,13.95,8.66,19.35,21.78,27.65,20.17,10.33,16.26,44.1,59.88,15.66,38.75,104.99,58.07,20.47,,29.46
2022-04-22 07:00:00,13.07,71.55,27.93,40.0,12.73,55.24,18.52,37.74,18.05,92.83,79.9,27.01,20.67,55.62,75.43,38.65,27.59,10.26,22.38,17.77,48.86,33.44,8.48,13.52,122.4,75.03,75.5,54.26,43.97,52.47,11.05,35.84,,68.02,14.13,8.77,19.25,21.78,28.8,20.4,10.63,16.45,46.24,60.54,15.85,38.85,106.3,58.77,21.22,,29.84
2022-04-25 07:00:00,12.34,72.5,26.0,37.75,11.31,51.38,17.24,36.35,16.79,86.36,75.42,25.15,19.69,51.77,70.19,35.96,25.67,9.6,20.83,16.54,48.3,31.39,7.9,12.66,115.15,69.78,74.66,51.84,40.9,48.82,10.3,33.36,,63.27,13.15,8.26,18.1,20.27,26.8,18.99,9.89,16.12,46.01,58.95,14.9,38.1,100.76,56.91,19.75,,28.06
2022-04-26 07:00:00,12.5,74.2,26.77,38.46,12.16,54.27,17.82,38.87,16.97,86.98,78.33,26.73,19.99,52.22,73.21,37.98,26.65,9.99,21.06,16.71,48.48,32.04,8.23,13.23,115.15,71.66,75.5,52.42,41.96,49.0,10.76,34.57,,67.5,13.44,8.45,18.59,20.85,27.4,19.2,10.43,16.33,45.28,60.82,15.33,39.0,99.22,58.77,20.99,,29.99
2022-04-27 07:00:00,12.5,74.11,26.98,38.52,12.28,53.92,17.75,38.94,17.37,88.54,78.01,26.16,20.02,51.57,74.56,39.31,27.22,10.19,21.72,17.01,48.96,32.07,8.25,13.39,118.13,70.89,75.78,51.84,42.39,48.82,10.72,34.62,,67.5,13.51,8.66,18.89,20.79,28.2,19.25,10.66,16.26,45.84,60.82,15.59,39.0,99.22,58.07,20.73,,29.46
2022-04-28 07:00:00,12.54,78.66,26.62,39.42,12.28,52.61,17.9,38.4,17.31,88.93,78.48,26.93,19.5,52.82,72.34,39.68,26.89,10.28,22.03,16.68,48.96,32.07,8.2,13.27,115.65,69.83,76.15,51.84,41.96,48.46,10.59,37.01,,65.91,13.29,8.66,19.0,20.24,27.7,19.57,10.53,15.7,45.84,60.35,15.44,38.95,99.22,57.53,21.05,,28.83
2022-04-29 07:00:00,13.23,81.4,27.02,39.48,12.39,54.45,18.29,36.75,17.04,93.96,79.43,27.34,19.5,52.57,71.2,40.12,26.98,10.32,22.13,16.65,48.86,32.69,8.33,13.43,115.15,71.85,76.43,51.92,42.13,49.28,10.88,38.55,,64.75,13.8,8.72,18.74,20.27,27.7,20.36,10.8,15.7,45.51,60.82,16.04,40.0,99.92,57.45,21.16,,29.84
2022-05-04 07:00:00,12.84,79.6,27.02,38.91,12.51,55.24,17.44,38.27,16.58,93.38,78.17,25.43,19.08,52.32,72.54,41.67,26.23,10.11,21.46,15.5,48.86,31.73,8.53,13.03,112.27,71.99,75.03,51.42,42.7,49.42,11.63,38.83,,65.31,14.16,8.93,18.48,19.34,26.75,19.43,10.46,14.95,44.94,60.35,15.07,39.85,100.22,56.14,20.64,,28.92
2022-05-05 07:00:00,12.82,81.5,27.71,38.2,12.51,56.11,17.05,37.41,17.13,92.36,77.78,25.59,19.47,52.42,73.48,41.08,26.37,10.26,21.49,14.5,48.58,31.46,8.35,13.07,118.13,71.95,75.68,51.42,41.78,50.19,11.71,38.46,,67.66,14.13,8.82,18.46,18.73,26.9,19.71,10.36,15.98,45.56,64.37,15.59,40.0,100.61,55.83,20.5,,29.26
2022-05-06 07:00:00,12.54,76.29,26.84,37.5,12.28,55.94,15.96,35.42,16.58,90.1,79.19,25.84,19.24,50.17,73.75,41.38,25.06,9.81,21.36,15.3,48.3,31.46,7.97,12.62,116.15,70.6,75.31,51.0,40.2,48.59,11.5,40.24,,66.9,13.44,8.29,18.0,17.43,25.5,19.2,9.93,15.7,44.66,64.28,15.14,39.9,98.46,54.36,19.69,,28.59
2022-05-09 07:00:00,12.38,70.98,24.99,35.57,11.53,52.08,14.88,32.98,15.44,83.82,76.52,24.05,19.11,47.06,70.46,39.46,23.33,9.38,20.42,14.24,47.73,29.28,7.44,11.81,114.06,65.69,73.17,49.58,37.39,45.22,10.72,37.9,,63.95,12.53,7.75,17.59,16.23,23.75,17.86,9.26,14.76,43.82,63.62,14.54,39.55,95.38,54.2,18.34,,27.23
2022-05-10 07:00:00,12.46,75.91,25.97,36.28,11.76,52.61,14.88,32.31,15.47,82.69,76.52,22.39,19.11,49.26,72.54,40.57,23.15,9.81,21.0,14.48,47.07,29.62,7.57,12.19,115.25,67.47,73.63,51.75,37.48,47.0,11.01,40.52,,65.87,11.99,7.86,18.36,16.86,23.9,17.9,9.22,15.56,45.0,65.4,14.32,40.2,99.3,54.66,19.2,,27.14
2022-05-11 07:00:00,12.78,80.27,26.19,36.48,11.71,51.29,15.89,32.84,16.39,82.69,76.99,23.2,20.44,51.02,73.15,41.67,23.01,9.89,20.78,14.42,48.02,29.75,7.57,12.39,111.08,67.9,73.35,50.75,36.43,48.82,10.92,43.32,,65.31,12.06,7.83,18.36,16.74,23.55,18.04,9.32,15.63,45.0,65.96,14.71,40.25,97.3,53.81,19.26,,27.91
2022-05-12 07:00:00,11.93,74.68,24.37,35.75,10.96,47.78,15.27,30.56,15.35,76.92,75.81,21.58,20.54,47.86,70.93,41.23,21.42,9.36,19.55,13.42,47.83,28.83,7.06,11.56,103.34,64.72,70.18,47.66,33.88,46.13,10.18,40.7,,65.87,11.22,7.33,17.85,15.59,21.95,16.8,8.69,14.76,43.31,64.47,13.69,39.5,96.0,51.49,17.93,,25.98
2022-05-13 07:00:00,11.12,69.46,23.07,34.97,10.56,44.45,14.26,28.44,14.67,71.53,73.85,20.08,20.34,46.86,67.17,38.35,19.92,9.05,18.35,12.5,47.07,26.82,6.58,10.86,96.19,60.24,69.91,44.81,32.78,44.49,9.48,37.9,,64.99,10.46,6.84,17.67,15.59,20.45,15.64,8.08,14.02,41.06,63.62,12.73,39.0,96.84,51.18,16.72,,24.43
2022-05-16 07:00:00,11.16,64.63,23.36,34.77,11.02,42.0,14.49,28.57,15.07,70.25,71.1,18.68,20.21,46.66,63.81,35.7,20.44,9.17,18.55,11.65,46.88,26.82,6.65,11.09,89.54,59.23,69.91,45.65,34.32,44.72,9.6,35.28,,63.03,10.68,6.5,17.75,16.5,19.05,15.08,8.02,14.48,41.74,61.56,12.86,38.5,96.92,50.95,16.72,,25.35
2022-05-17 07:00:00,11.83,66.34,24.99,35.42,12.11,44.89,15.5,30.56,16.11,75.16,72.28,19.98,20.47,49.92,67.77,38.13,21.84,9.79,19.52,12.44,47.17,28.46,7.11,11.85,95.79,63.37,72.98,47.66,36.69,47.04,10.26,37.7,,66.11,11.4,6.95,17.75,17.62,20.35,16.12,8.55,15.42,42.75,62.6,13.38,39.0,98.46,54.2,17.88,,26.46
2022-05-18 07:00:00,11.71,70.98,25.32,36.34,12.39,44.45,15.5,31.65,16.33,79.18,73.06,21.25,20.47,48.91,70.53,37.76,21.84,9.79,19.52,12.59,47.26,28.32,7.52,12.01,102.45,64.29,72.98,46.65,36.34,46.59,10.47,39.26,,64.51,11.73,7.43,17.75,17.31,21.75,16.68,8.75,15.04,42.41,62.6,13.38,39.0,96.69,54.43,17.85,,26.46
2022-05-19 07:00:00,11.57,71.83,25.13,36.02,13.02,43.93,15.07,31.62,16.02,83.86,71.81,21.7,19.76,48.56,71.06,37.62,21.46,9.91,19.37,12.33,47.07,28.32,7.39,12.06,109.59,64.05,72.7,45.15,35.55,46.59,10.59,41.14,,65.07,11.73,7.73,17.64,17.22,21.75,16.56,8.69,14.55,42.75,62.69,12.98,38.95,96.38,53.42,17.56,,26.46
2022-05-20 07:00:00,11.75,72.02,25.03,35.95,13.36,44.01,16.12,31.65,15.9,83.08,71.49,22.51,20.08,48.81,70.19,36.73,22.17,9.93,19.24,12.65,47.07,28.25,7.41,12.17,107.01,64.53,72.52,44.98,35.55,48.36,10.59,40.98,,62.51,11.73,7.89,17.77,17.19,21.6,16.52,8.92,14.67,42.36,62.5,13.01,38.9,96.38,52.73,17.64,,26.41
2022-05-23 07:00:00,11.51,67.38,24.19,36.34,13.76,44.54,16.12,30.76,15.35,83.7,71.1,22.31,20.05,48.31,69.52,37.25,22.17,9.87,18.78,12.44,47.36,27.91,7.31,11.85,103.74,62.99,71.21,44.31,35.33,47.68,10.55,39.52,,61.55,11.62,7.75,17.59,16.01,20.35,16.12,8.48,14.02,41.85,62.41,12.48,38.7,96.15,51.34,16.9,,26.41
2022-05-24 07:00:00,11.65,70.13,24.48,36.74,13.65,44.63,16.97,30.33,15.96,86.98,71.96,22.31,20.54,49.16,71.06,37.91,22.59,10.03,17.84,11.89,50.09,27.36,7.41,12.1,108.2,64.05,71.96,44.48,35.11,49.23,10.63,40.33,,61.51,11.33,7.7,17.36,16.98,21.75,16.31,8.52,14.44,42.53,62.6,12.83,38.8,96.38,53.35,17.3,,27.14
2022-05-25 07:00:00,12.14,70.69,25.32,37.46,14.22,46.29,17.55,32.44,16.51,89.12,73.06,23.85,21.12,52.57,72.81,40.2,23.71,10.46,17.61,12.48,51.4,27.91,7.72,12.64,109.69,66.94,73.54,44.15,36.34,52.65,11.09,43.13,,61.51,11.8,8.13,17.36,17.4,22.75,16.89,9.09,14.9,43.31,63.53,13.26,38.85,96.69,55.67,18.16,,28.44
2022-05-26 07:00:00,12.28,70.51,25.46,38.9,13.59,46.91,17.01,32.71,16.39,87.72,73.06,22.92,21.12,52.87,72.27,39.61,23.71,10.42,17.89,12.77,51.4,28.29,7.72,12.46,107.81,66.94,72.7,44.81,37.35,52.15,10.88,45.06,,61.11,12.6,8.07,17.46,17.8,22.4,16.98,9.32,14.76,43.14,64.28,13.18,38.85,96.15,55.21,17.9,,28.59
2022-05-27 07:00:00,12.86,69.65,25.61,38.9,13.65,47.0,17.01,32.71,16.58,83.47,73.69,23.04,22.16,55.97,73.88,40.79,23.85,10.52,18.12,13.65,51.4,29.04,7.64,12.62,109.2,70.65,73.08,45.4,37.39,55.8,11.05,48.18,,61.51,12.82,8.13,17.64,18.07,22.25,17.33,9.36,15.09,43.54,65.21,13.51,39.0,97.69,56.52,17.93,,28.78
2022-05-30 07:00:00,12.92,69.18,25.93,38.9,14.16,46.91,16.93,33.7,16.76,83.86,73.46,22.92,22.1,55.72,73.88,41.75,23.8,10.54,18.12,13.56,54.98,28.93,7.77,12.66,109.2,69.92,73.35,46.24,38.09,54.98,11.13,50.92,,61.27,12.86,8.1,17.49,18.07,22.8,17.47,9.32,15.42,43.88,65.96,13.69,39.25,101.92,56.14,18.22,,28.92
2022-05-31 07:00:00,12.76,69.27,25.61,39.23,15.19,46.12,17.2,36.02,17.13,87.21,73.77,24.17,21.58,55.02,79.06,41.16,23.57,10.64,17.73,13.42,58.75,28.7,7.62,12.51,111.58,69.78,72.7,45.82,38.62,52.43,11.21,48.67,,61.31,12.71,7.91,17.24,17.92,22.35,17.19,9.16,15.11,44.38,67.02,13.48,39.4,100.69,55.52,17.88,,29.12
2022-06-01 07:00:00,12.58,69.46,25.5,39.23,15.76,46.38,17.28,36.55,17.04,89.63,72.98,25.11,21.12,55.97,81.27,43.15,23.52,10.66,17.56,13.3,59.03,28.66,7.59,12.44,114.16,70.07,72.7,45.57,39.06,53.52,11.54,51.35,,61.15,12.75,7.94,17.08,17.86,22.25,17.05,9.16,14.95,45.28,67.7,13.33,39.65,101.0,55.67,17.79,,29.02
2022-06-02 07:00:00,12.81,68.33,25.17,39.16,15.48,47.43,16.74,37.48,17.04,91.11,72.67,24.95,20.77,55.82,79.86,42.41,24.13,10.6,16.94,12.74,58.84,27.98,7.41,12.26,113.46,71.13,73.54,45.32,38.18,56.21,11.21,49.69,,61.11,12.64,7.81,17.24,17.52,21.55,16.84,8.79,14.95,44.44,66.93,13.23,39.45,99.0,55.05,17.44,,28.92
2022-06-03 07:00:00,12.78,67.76,24.92,39.16,15.82,47.52,16.39,38.14,16.82,97.46,72.12,25.92,20.47,57.08,83.42,43.15,23.38,10.36,17.07,13.0,59.78,27.84,7.31,12.35,111.98,73.78,72.24,44.9,38.18,56.21,11.17,50.01,,61.99,12.53,7.73,17.24,17.68,21.15,16.86,8.69,14.88,43.59,66.83,13.13,39.4,97.69,54.43,17.73,,28.92
2022-06-06 07:00:00,12.78,65.67,24.81,38.84,17.36,47.43,15.5,38.07,16.7,100.0,71.57,27.38,20.44,56.57,87.25,44.11,23.52,10.32,17.02,12.65,59.78,27.74,7.31,12.28,116.15,74.5,71.12,44.9,39.41,57.03,11.42,49.36,,63.31,12.46,7.51,17.21,17.52,20.5,16.68,8.45,14.34,44.83,66.73,13.16,39.25,98.15,54.82,17.64,,28.92
2022-06-07 07:00:00,12.61,67.66,24.37,38.38,18.1,49.19,16.12,36.68,16.82,105.76,71.89,27.38,19.82,57.88,87.32,45.29,23.66,10.32,16.97,12.03,59.78,27.57,7.21,12.15,117.04,74.16,70.84,44.23,40.99,58.4,12.21,51.62,,63.87,13.26,7.3,17.03,17.04,20.2,16.75,8.52,13.83,45.56,65.96,13.08,39.0,97.53,54.66,17.56,,28.88
2022-06-08 07:00:00,12.98,68.23,24.88,38.84,17.82,48.57,16.51,37.48,17.0,108.39,72.43,27.1,20.21,57.58,86.58,44.33,25.3,10.58,16.81,12.36,61.2,28.18,7.69,12.6,118.43,74.35,71.21,44.06,41.12,58.4,12.74,52.86,,63.79,13.22,7.81,17.24,17.71,21.6,17.23,8.85,14.13,44.55,65.96,13.41,39.05,97.69,54.97,18.34,,29.36
2022-06-09 07:00:00,13.01,68.23,25.03,39.16,18.39,48.22,16.2,37.88,17.0,106.69,72.91,27.14,19.73,57.73,85.71,43.52,25.67,10.52,17.27,13.12,61.57,28.01,7.74,12.53,117.63,74.06,71.3,44.48,41.17,58.63,13.16,52.05,,62.71,13.15,7.83,17.06,17.52,22.3,17.3,9.06,14.04,43.76,65.77,13.33,39.05,98.3,54.36,18.16,,29.84
2022-06-10 07:00:00,12.73,67.28,24.52,38.38,17.3,47.17,15.5,37.74,16.64,107.54,72.98,25.27,19.76,55.07,79.73,40.57,24.41,10.56,17.17,12.74,60.25,27.94,7.57,12.39,116.15,72.7,71.77,44.06,39.5,55.07,12.41,48.45,3.15,62.99,12.6,7.65,16.88,16.83,21.9,17.56,8.92,13.88,43.71,65.77,13.11,39.0,98.22,53.81,17.82,,29.46
2022-06-13 07:00:00,12.08,64.44,23.18,36.74,16.56,43.93,14.41,35.49,15.5,103.14,71.1,23.53,20.08,52.28,79.26,37.98,22.73,10.01,16.25,11.86,57.62,27.23,7.06,11.56,108.2,67.86,70.84,41.8,36.86,51.24,12.62,46.52,3.15,61.11,11.73,7.22,16.11,15.68,20.6,16.66,8.32,12.92,42.98,63.56,12.2,38.2,96.07,51.41,16.58,,28.01
2022-06-14 07:00:00,12.18,64.44,23.43,35.82,18.22,45.07,14.26,37.01,15.5,106.52,71.1,24.5,20.34,54.04,84.63,39.16,23.15,10.15,15.48,11.03,58.84,26.61,6.68,11.49,105.52,69.55,71.4,41.72,37.83,52.93,12.62,48.67,3.15,59.92,11.77,7.27,16.83,14.72,20.9,16.54,8.15,12.38,43.31,63.56,11.37,38.3,96.0,51.18,16.64,,28.15
2022-06-15 07:00:00,11.92,63.59,23.21,34.64,17.87,45.07,13.56,36.42,15.04,106.69,70.71,24.95,19.95,54.89,83.29,38.72,21.56,9.99,15.02,10.27,58.84,26.0,6.3,11.22,105.23,71.59,71.21,40.8,35.99,53.84,12.0,48.83,3.15,60.71,11.51,7.09,17.34,13.69,20.7,16.52,7.71,12.4,43.03,63.46,11.07,38.35,95.76,49.94,16.64,,27.91
2022-06-16 07:00:00,12.18,65.39,23.43,36.74,18.39,45.94,13.83,36.75,15.16,114.06,71.41,25.51,19.89,55.8,85.97,40.12,21.98,10.17,15.84,10.0,59.78,26.68,6.4,11.22,109.89,76.53,72.24,42.47,36.91,55.57,12.74,52.05,2.53,62.47,11.77,7.11,18.28,13.38,21.0,16.68,7.65,12.52,44.49,63.56,11.17,38.3,96.46,52.65,16.72,,28.2
2022-06-17 07:00:00,11.67,64.16,22.92,35.75,18.67,45.15,12.9,35.42,14.46,111.78,69.76,25.55,20.38,55.8,90.0,40.94,21.23,10.03,15.67,9.33,59.31,26.61,6.09,10.5,116.15,75.27,70.56,42.06,36.78,55.67,13.32,53.24,2.36,62.31,11.48,6.92,18.25,12.45,20.25,15.96,7.14,11.91,42.81,63.56,10.39,38.3,96.07,51.64,16.09,,28.34
2022-06-20 07:00:00,11.57,61.69,21.4,35.42,17.3,44.19,12.01,32.98,13.87,105.85,69.76,24.17,20.41,55.8,83.76,39.9,20.39,9.68,14.59,8.68,59.22,26.31,5.99,10.14,110.19,71.59,70.37,41.72,34.45,53.84,12.41,49.53,2.2,60.71,10.68,7.14,18.25,11.6,18.85,15.27,6.65,11.7,42.75,62.59,9.71,37.8,97.69,53.42,15.63,,27.72
2022-06-21 07:00:00,11.62,60.27,21.98,35.36,15.99,45.15,11.55,33.44,14.15,98.73,67.56,22.51,20.47,54.04,80.27,37.4,20.3,9.62,14.05,8.33,57.81,26.37,6.04,10.12,110.19,71.2,70.37,42.22,34.23,54.66,11.54,46.08,2.15,61.91,10.79,6.9,18.22,11.06,19.2,15.27,6.64,11.98,43.71,62.59,9.06,37.5,98.3,57.06,15.68,,27.04
2022-06-22 07:00:00,12.0,58.76,22.12,35.42,14.62,44.8,12.32,33.51,14.49,94.84,67.56,20.97,20.6,51.25,74.69,36.58,20.39,9.62,14.53,8.88,58.18,26.27,6.45,10.57,105.23,67.62,70.37,43.31,34.67,52.93,10.76,42.91,2.3,62.31,11.11,7.06,18.71,11.83,20.5,16.1,7.08,12.24,42.75,62.4,9.69,37.5,99.46,54.66,16.38,,27.52
2022-06-23 07:00:00,12.0,59.99,22.49,35.36,15.93,46.21,13.06,34.3,15.5,101.44,67.64,21.5,20.7,51.86,78.45,39.09,21.23,9.58,14.73,8.91,58.18,26.0,6.86,10.84,109.2,70.23,69.81,43.64,35.72,55.27,11.5,45.87,2.46,61.27,11.44,7.25,18.8,12.36,21.3,16.63,7.18,12.38,42.69,60.86,10.24,37.1,98.61,54.74,16.4,,27.09
2022-06-24 07:00:00,12.02,59.04,22.63,35.42,15.99,48.05,13.06,34.43,15.19,103.82,67.96,21.42,20.44,51.86,76.57,38.35,21.28,9.38,14.73,9.36,58.09,26.24,6.7,10.68,108.7,69.65,68.97,43.9,35.81,55.96,11.21,46.14,2.63,62.15,11.62,7.22,18.98,12.43,21.2,16.42,7.08,12.15,42.19,60.86,10.36,37.3,98.69,55.36,16.23,,26.61
2022-06-27 07:00:00,12.1,58.85,23.03,36.41,16.39,48.31,13.33,35.69,15.72,101.61,69.21,19.94,20.44,52.46,76.84,38.72,21.84,9.52,15.47,10.0,59.97,26.65,6.4,10.86,112.17,69.27,73.45,43.98,36.43,59.4,11.46,46.25,2.81,62.63,11.77,7.3,19.07,13.26,21.5,16.45,7.55,12.47,42.13,61.15,10.42,36.9,102.3,55.05,16.66,,27.76
2022-06-28 07:00:00,12.38,59.7,24.41,36.08,17.02,49.36,13.41,36.42,16.39,100.51,69.29,19.83,21.81,54.4,77.91,39.02,21.98,9.89,15.2,9.86,61.2,26.78,6.8,11.13,113.17,70.52,70.0,44.31,36.69,59.4,11.5,47.11,3.0,62.75,11.91,7.57,19.13,13.1,22.55,16.98,7.71,12.89,42.92,61.44,11.12,36.8,102.3,54.82,17.3,,27.86
2022-06-29 07:00:00,12.23,61.12,25.32,36.87,16.39,48.22,13.1,37.01,16.48,100.77,69.14,20.28,20.8,54.59,78.59,40.2,21.42,9.95,15.37,10.15,62.14,26.82,6.86,11.13,113.17,70.72,70.0,43.81,35.99,59.4,11.38,46.46,3.09,61.51,12.71,7.49,19.22,13.2,22.6,17.0,7.51,12.8,42.47,60.96,11.27,36.7,101.76,55.98,17.3,,27.48
2022-06-30 07:00:00,12.13,63.49,24.3,37.85,16.27,46.03,12.28,35.62,16.05,98.65,68.98,20.69,20.8,52.28,77.58,38.35,21.09,9.79,15.07,9.47,61.1,26.55,6.63,10.91,111.18,69.27,69.44,43.31,35.37,58.94,11.26,46.35,2.88,61.75,13.55,7.22,19.22,12.56,21.5,16.45,7.18,12.68,42.08,59.8,10.82,36.75,100.0,55.9,16.72,,27.57
2022-07-01 07:00:00,12.15,59.89,25.42,37.52,15.7,46.56,12.59,35.62,16.54,94.84,69.06,20.06,21.06,53.37,75.9,37.91,21.14,9.99,15.13,9.94,61.1,26.51,6.63,10.91,108.7,68.1,69.35,43.81,35.64,58.8,11.26,46.25,2.86,61.47,12.86,7.19,19.25,13.16,22.0,16.66,7.34,12.75,41.63,59.13,11.45,36.3,100.07,57.06,16.78,,27.67
2022-07-04 07:00:00,12.25,59.7,25.42,37.46,15.59,47.08,12.67,35.82,16.33,89.93,69.29,20.2,21.06,52.59,74.93,37.47,20.95,10.01,14.86,9.94,59.97,26.89,6.91,11.09,107.7,65.68,68.97,43.14,35.42,56.78,11.17,45.71,3.06,61.31,13.0,7.27,19.25,13.5,22.35,16.82,7.41,12.75,41.68,58.74,12.23,36.35,99.69,58.15,16.84,,27.52
2022-07-05 07:00:00,12.35,58.76,26.33,37.13,14.85,46.29,12.86,36.55,16.58,83.75,69.68,18.8,21.12,51.8,71.07,36.25,20.2,10.09,14.8,10.12,57.9,26.44,6.91,11.47,102.0,63.45,68.51,43.48,35.24,54.4,10.76,42.54,3.27,60.23,12.49,7.38,19.28,13.16,23.05,17.47,7.11,12.85,41.63,58.26,12.13,36.15,96.84,56.6,17.01,,26.99
2022-07-06 07:00:00,12.23,56.2,25.82,37.39,13.08,46.47,12.79,36.62,15.87,77.9,68.66,17.52,20.8,50.64,66.1,33.97,19.5,9.72,14.49,10.09,55.08,26.32,6.63,11.22,100.0,62.0,68.41,43.48,33.53,51.37,10.59,39.63,3.17,60.95,12.13,7.14,19.1,12.7,22.5,17.4,6.94,12.59,40.95,56.91,12.13,33.75,97.76,56.6,16.61,,25.11
2022-07-07 07:00:00,12.2,56.48,26.33,37.33,12.85,48.22,13.14,39.13,16.14,83.32,68.66,17.85,20.38,50.4,64.93,34.81,19.41,9.79,14.69,10.18,55.45,26.74,6.68,11.31,103.0,62.0,68.97,43.73,34.23,53.2,10.59,40.55,3.14,62.39,12.49,7.19,19.04,12.76,22.6,17.49,7.04,12.82,42.47,58.74,12.63,34.9,99.46,58.44,16.66,,26.08
2022-07-08 07:00:00,12.13,55.82,25.39,37.33,13.42,47.87,14.03,40.19,15.9,82.98,69.14,18.82,20.25,50.7,65.96,35.18,19.83,9.66,15.17,10.71,55.45,27.07,6.73,11.29,104.9,62.97,68.79,44.15,34.54,53.2,10.76,41.35,3.16,61.95,12.86,7.27,19.28,13.63,22.5,17.37,7.51,12.66,41.63,58.74,12.6,35.0,98.3,58.44,16.49,,26.08
2022-07-11 07:00:00,11.87,56.01,25.03,36.02,12.85,47.87,14.14,40.79,15.65,80.53,68.43,18.8,19.92,50.22,65.48,35.48,19.59,9.34,14.9,10.47,55.36,26.29,6.6,11.0,102.5,62.48,68.41,43.73,34.67,52.97,10.34,38.72,2.94,61.95,12.68,7.14,19.28,13.8,22.05,16.47,7.48,12.15,40.5,58.26,12.02,35.0,98.0,58.44,15.86,,25.11
2022-07-12 07:00:00,12.13,58.19,26.4,36.41,13.42,49.01,14.76,41.05,15.78,84.68,69.14,19.27,20.18,50.64,68.31,36.22,20.95,9.58,15.07,10.65,55.26,26.74,6.8,11.29,102.0,62.39,68.41,43.98,35.46,53.57,10.72,40.82,3.14,61.35,13.04,7.3,19.47,13.97,22.6,16.7,7.78,12.47,40.44,57.97,12.23,34.95,96.53,58.68,16.0,,25.3
2022-07-13 07:00:00,12.13,57.81,26.15,36.41,12.91,50.85,14.38,40.92,16.3,82.14,69.45,19.25,20.08,50.04,66.45,36.36,21.09,9.66,15.07,10.53,55.45,26.55,7.03,11.4,101.0,61.61,68.6,43.9,35.07,52.74,10.76,41.62,3.14,61.35,12.86,7.81,19.25,13.83,23.05,16.7,7.61,12.45,40.39,57.87,12.23,34.75,96.0,58.04,16.0,,25.35
2022-07-14 07:00:00,12.15,60.27,26.22,36.74,13.19,50.77,14.84,41.12,16.58,82.14,69.29,20.48,19.99,50.22,68.17,36.47,21.7,9.66,15.0,10.59,57.81,27.64,7.08,11.49,102.5,60.64,68.69,44.15,35.2,52.97,10.84,41.68,3.08,61.87,13.44,7.78,19.16,14.37,23.3,16.63,7.75,12.57,40.73,57.87,12.3,34.75,97.46,57.96,16.17,,25.16
2022-07-15 07:00:00,12.13,59.51,25.97,36.74,13.02,49.54,15.11,39.07,16.58,81.12,69.14,20.44,20.12,49.86,67.27,36.14,21.65,9.62,15.67,10.71,57.9,27.3,7.11,11.47,101.2,59.58,68.6,44.15,34.93,52.06,10.76,41.89,3.09,61.51,13.33,7.83,19.13,14.1,23.0,16.7,7.95,12.66,40.67,57.78,12.2,34.8,95.92,57.32,16.29,,25.3
2022-07-18 07:00:00,12.08,59.61,25.75,36.74,13.48,50.24,15.19,39.73,16.51,78.75,69.14,20.61,19.92,50.34,67.27,35.92,21.7,9.58,15.27,10.44,57.71,27.19,7.16,11.45,102.6,59.09,68.6,44.4,35.33,52.06,10.84,42.59,3.08,61.59,13.33,7.7,19.34,13.97,22.55,16.8,7.88,12.73,40.5,56.82,12.38,34.0,95.53,57.4,16.23,,25.16
2022-07-19 07:00:00,12.08,58.28,25.86,36.48,13.76,50.06,14.84,39.66,16.3,82.56,68.58,20.56,19.95,50.34,70.31,36.14,21.7,9.54,14.96,10.27,57.71,27.04,7.06,11.36,102.0,58.12,68.6,44.4,36.95,50.68,11.13,43.66,3.07,62.63,13.0,7.78,19.38,13.8,22.95,16.7,7.85,12.68,40.11,56.62,12.23,34.4,95.76,58.28,16.14,,25.11
2022-07-20 07:00:00,12.28,59.7,26.4,37.39,14.1,50.42,15.19,40.13,16.6,84.68,69.53,21.36,19.99,51.49,71.07,37.62,22.26,9.72,15.1,10.59,57.81,27.56,7.18,11.52,103.0,59.29,68.88,44.4,37.61,52.1,11.17,44.36,3.09,63.83,13.37,7.91,19.47,14.23,23.05,16.8,8.15,13.29,40.78,57.49,12.5,34.1,96.53,58.44,16.23,,25.16
2022-07-21 07:00:00,12.45,58.94,26.48,37.72,14.16,49.71,15.07,38.94,16.88,85.1,72.04,21.14,19.95,51.56,71.83,37.32,22.17,9.81,15.34,10.77,58.37,27.75,7.44,11.54,105.5,62.1,69.16,44.23,37.17,52.29,11.05,43.93,3.04,65.91,13.18,7.83,19.47,14.23,23.1,17.05,7.98,13.22,40.78,56.72,12.63,34.25,96.92,58.6,16.26,,25.4
2022-07-22 07:00:00,12.3,63.02,25.75,38.05,14.28,49.36,15.03,38.4,16.51,83.15,73.46,20.26,20.02,51.62,74.38,37.47,21.98,9.7,15.0,10.65,60.44,27.41,7.31,11.52,108.5,62.48,68.88,43.64,36.69,52.52,10.88,43.5,3.04,66.31,13.22,7.67,19.44,13.97,23.0,17.16,7.91,13.1,40.78,56.53,13.18,33.25,96.61,57.64,16.23,,25.11
2022-07-25 07:00:00,12.15,64.25,25.68,38.64,13.76,48.57,14.8,36.95,16.33,81.71,71.89,19.38,19.82,51.8,72.24,36.88,21.32,9.62,14.8,10.36,60.82,27.26,7.41,11.38,108.6,61.32,68.69,43.81,36.07,51.92,10.88,42.8,2.98,65.91,12.97,7.57,19.25,13.66,22.85,17.03,7.81,12.8,41.01,56.72,12.96,33.65,96.76,58.36,15.94,,25.4
2022-07-26 07:00:00,12.15,64.92,25.79,38.7,14.04,47.7,14.8,37.34,16.3,81.04,72.28,19.84,19.56,51.43,72.24,37.17,21.28,9.62,14.63,9.77,60.91,27.83,7.46,11.34,110.0,61.03,68.88,43.73,35.86,51.37,10.76,41.03,2.93,66.98,12.93,7.54,19.32,13.53,22.95,16.93,7.81,12.61,41.57,56.53,12.91,33.05,96.23,57.64,15.97,,25.16
2022-07-27 07:00:00,12.23,64.92,25.79,38.57,14.16,50.15,15.31,39.07,16.58,81.29,72.91,20.43,19.5,51.68,72.24,36.88,21.6,9.74,14.36,9.71,61.57,28.01,7.77,11.22,109.9,60.16,68.69,43.9,36.25,51.46,10.84,41.73,2.85,66.98,12.86,7.65,19.32,13.63,23.05,16.93,7.95,12.59,42.19,56.43,12.91,33.25,96.38,57.8,15.97,,25.4
2022-07-28 07:00:00,12.35,68.14,26.48,38.31,14.33,49.63,15.62,39.73,16.94,81.29,72.28,20.67,19.47,51.49,73.35,36.88,22.4,9.95,14.46,10.0,64.96,28.54,7.92,11.52,109.9,60.06,68.97,44.48,36.43,51.83,11.21,41.78,2.91,69.1,13.15,7.86,19.34,14.13,24.45,17.26,8.12,12.71,42.36,56.62,13.31,33.5,98.0,58.12,16.38,,27.14
2022-07-29 07:00:00,12.43,69.65,27.06,39.3,14.16,50.68,15.5,39.93,16.7,75.62,72.51,19.64,19.5,50.64,74.17,36.88,22.35,9.85,14.53,9.97,66.37,28.16,7.72,11.56,106.1,59.09,69.44,43.98,36.07,52.29,11.05,40.44,2.89,71.9,13.08,7.83,19.38,14.27,24.7,17.54,8.12,12.43,42.02,57.68,13.38,32.0,96.69,58.28,16.55,,27.04
2022-08-01 07:00:00,12.63,71.45,28.29,40.34,14.1,51.91,16.12,41.05,17.62,77.06,72.28,20.01,19.6,50.95,74.45,38.72,23.1,10.07,15.4,10.65,65.9,28.91,8.0,11.94,109.4,59.38,69.63,44.81,36.69,53.66,11.17,40.87,2.89,73.1,13.33,8.05,19.44,15.24,25.2,17.86,8.43,12.73,43.31,57.78,13.41,32.35,97.76,58.84,16.78,,28.01
2022-08-02 07:00:00,12.58,71.64,27.93,39.89,14.21,51.64,15.93,40.26,17.56,75.11,72.28,20.48,19.69,51.56,74.66,38.35,23.19,10.13,15.47,10.77,64.96,29.22,8.07,12.03,110.0,60.06,70.56,44.98,35.99,53.43,11.38,42.27,2.89,75.01,13.76,8.07,19.38,15.5,24.95,17.72,8.46,12.92,44.38,60.18,13.38,33.3,98.07,58.76,16.75,,28.01
2022-08-03 07:00:00,12.61,70.89,28.51,41.26,14.27,51.2,16.35,41.32,17.86,75.36,72.2,21.29,20.02,51.43,77.28,38.94,23.1,10.13,16.05,11.5,64.96,29.25,8.12,12.12,110.0,59.87,71.02,44.98,35.9,53.2,11.34,43.66,2.89,75.85,13.8,8.15,19.34,15.74,25.45,17.65,8.46,13.08,44.72,59.61,13.18,33.0,97.69,58.76,16.72,,28.06
2022-08-04 07:00:00,12.63,72.69,28.51,41.26,14.04,51.2,16.12,42.18,17.71,76.89,71.81,20.92,19.86,52.22,75.21,38.06,23.01,10.15,15.98,11.71,64.49,29.29,8.15,12.15,107.9,60.74,73.17,45.15,36.95,53.2,11.26,43.02,2.89,73.9,13.69,8.13,19.32,15.74,25.2,17.77,8.57,13.46,46.41,60.67,13.13,33.2,99.38,58.68,16.95,,28.01
2022-08-05 07:00:00,12.56,73.92,28.29,41.26,14.16,51.55,16.51,41.85,17.8,76.12,71.89,20.92,19.76,52.04,75.55,38.28,23.15,10.07,15.74,12.06,64.49,29.06,8.18,12.15,104.5,60.74,75.4,45.15,36.56,52.7,11.59,43.56,2.89,72.94,13.55,8.1,19.19,16.57,25.25,17.77,8.57,13.46,46.13,59.51,13.06,32.7,97.3,58.12,16.92,,27.96
2022-08-08 07:00:00,12.5,74.2,28.14,40.74,14.45,51.47,16.47,41.72,17.8,77.48,71.81,21.4,19.63,52.16,76.59,38.35,23.47,10.19,15.94,12.21,64.49,28.99,8.1,12.21,104.8,60.93,76.24,44.98,37.26,53.52,11.59,44.1,2.61,72.3,13.48,8.1,19.13,16.47,25.3,18.14,8.46,13.34,46.13,59.22,13.16,32.3,96.3,57.8,17.3,,27.72
2022-08-09 07:00:00,12.61,74.2,28.04,41.33,14.39,51.12,16.35,42.24,17.68,80.61,72.51,21.45,19.63,52.28,77.28,38.65,23.62,10.26,16.28,12.09,64.49,28.8,7.9,12.33,105.2,61.32,77.64,44.98,36.95,53.52,11.63,43.23,2.61,71.98,13.76,8.13,19.01,16.57,25.25,18.11,8.64,13.36,45.45,58.64,13.11,32.65,97.22,57.64,17.44,,27.57
2022-08-10 07:00:00,12.56,75.81,27.85,41.59,14.45,50.42,17.48,41.91,17.46,79.17,72.91,20.92,19.5,52.16,76.52,38.35,23.43,10.21,16.08,12.3,64.49,29.1,7.8,12.26,105.8,61.61,77.55,44.9,36.82,53.43,11.54,43.34,2.61,72.7,13.62,8.02,18.92,16.4,24.9,17.95,8.67,13.22,45.28,59.03,13.08,32.4,96.46,58.04,17.36,,27.43
2022-08-11 07:00:00,12.5,75.34,27.78,41.66,14.62,49.71,17.86,40.79,17.5,77.06,72.28,20.52,19.5,52.16,77.97,37.98,23.1,10.32,15.81,11.94,64.21,29.29,7.8,12.08,106.8,61.03,75.78,44.81,36.73,52.33,11.42,43.13,2.61,72.7,13.87,7.91,19.16,16.3,25.2,17.81,8.43,13.32,45.84,59.13,12.91,32.9,96.3,56.92,17.07,,27.91
2022-08-12 07:00:00,12.53,76.76,28.43,43.95,14.79,51.03,18.21,41.19,17.59,77.56,72.75,20.65,19.47,52.46,78.94,38.21,23.24,10.36,16.18,12.77,64.02,29.14,7.92,12.19,107.2,61.03,75.96,44.98,36.82,52.01,11.59,43.34,2.61,72.7,13.87,7.97,19.07,16.64,25.65,17.95,8.5,13.36,45.9,58.93,12.98,33.1,95.61,57.56,17.24,,28.34
2022-08-15 07:00:00,12.61,76.19,29.74,44.08,14.73,50.77,18.37,41.72,18.08,78.83,72.36,21.09,19.5,53.92,78.66,38.72,23.24,10.72,16.22,12.68,64.02,29.14,8.2,12.33,108.5,62.97,76.24,45.32,36.95,52.61,11.59,44.96,2.61,74.29,13.91,8.5,19.16,16.54,25.65,18.09,8.57,13.53,46.01,59.22,13.21,33.2,95.69,57.24,17.5,,28.54
2022-08-16 07:00:00,12.56,75.81,29.38,43.43,14.39,50.42,19.65,44.63,17.92,79.26,71.96,21.05,19.5,53.8,78.31,39.24,23.19,10.74,16.59,12.8,64.49,29.18,8.15,12.28,109.0,63.94,77.36,45.57,37.96,52.74,11.67,45.28,,75.09,13.8,8.45,19.13,16.44,25.55,18.04,8.53,13.48,45.84,59.03,13.28,32.95,94.92,57.48,17.39,,28.3
2022-08-17 07:00:00,12.61,77.23,29.02,42.64,13.98,49.8,19.37,44.56,17.86,79.0,71.96,20.78,19.5,53.56,77.56,38.8,22.96,10.91,16.42,12.44,64.11,29.52,8.05,12.51,111.3,62.97,78.67,48.66,37.44,52.7,11.54,44.52,,75.29,13.55,8.34,19.16,16.4,25.4,18.18,8.5,13.41,45.84,59.03,13.16,33.65,95.0,58.12,17.39,,28.49
2022-08-18 07:00:00,12.71,76.0,28.73,42.9,14.04,49.54,18.99,44.23,17.65,79.85,72.12,20.87,19.43,53.56,78.45,38.72,22.77,10.93,16.32,12.42,64.02,29.52,7.95,12.46,112.0,62.48,77.46,48.83,37.22,52.47,11.42,44.58,,77.29,13.51,8.29,19.07,16.77,25.2,18.09,8.36,13.41,45.84,58.84,13.08,34.05,95.38,58.76,17.33,,28.59
2022-08-19 07:00:00,12.56,75.81,28.54,42.05,14.27,48.92,19.3,46.81,17.34,79.09,73.38,20.65,19.3,52.71,79.76,38.35,22.63,10.7,16.05,12.0,64.11,29.06,7.9,12.44,112.0,62.1,76.71,48.16,37.48,52.29,11.26,43.93,,77.89,13.0,8.26,19.01,16.8,25.1,18.04,8.22,13.27,45.51,57.87,12.93,33.95,95.38,59.32,18.02,,28.3
2022-08-22 07:00:00,12.45,81.12,27.89,42.64,13.98,49.98,19.06,46.81,17.19,78.16,73.85,20.17,19.43,52.65,79.28,37.91,22.12,10.38,15.78,12.24,63.64,28.31,7.87,12.49,111.8,64.42,76.24,46.91,37.17,52.65,11.3,44.74,,77.49,12.93,8.32,19.77,16.5,24.7,17.9,8.02,13.03,45.0,57.2,12.58,33.0,95.3,59.0,18.02,,28.06
2022-08-23 07:00:00,12.53,84.34,28.65,42.97,14.62,49.8,19.26,48.01,17.19,77.56,73.06,20.37,19.56,52.77,80.73,38.65,22.4,10.48,15.98,12.65,63.64,28.31,8.02,12.55,112.6,64.81,76.43,47.32,38.62,52.52,11.5,45.44,,75.89,13.29,8.4,19.77,16.97,25.0,17.95,8.29,13.08,45.11,57.3,12.68,32.5,95.0,60.68,17.99,,27.86
2022-08-24 07:00:00,12.56,84.34,28.51,42.25,15.02,49.89,19.53,47.61,17.31,80.36,73.61,21.05,19.5,52.89,80.94,38.43,22.59,10.56,15.88,12.56,63.64,28.35,8.0,12.6,111.9,64.71,77.27,47.16,38.44,53.75,11.63,45.71,,74.69,13.04,8.37,19.71,16.87,25.4,18.16,8.33,13.13,46.13,57.49,12.63,32.45,95.0,62.2,18.11,,27.62
2022-08-25 07:00:00,12.63,85.86,28.51,41.66,15.02,49.98,19.37,47.54,17.62,83.32,73.3,22.5,19.43,52.95,80.38,38.87,23.8,10.78,16.11,12.89,63.64,28.69,8.1,12.79,112.8,66.26,77.92,47.41,38.53,53.48,11.67,45.82,,74.89,13.44,8.53,19.71,17.04,25.65,18.3,8.57,13.46,46.13,58.74,12.93,32.95,94.92,62.36,18.42,,28.2
2022-08-26 07:00:00,12.53,85.76,28.58,42.18,14.79,49.98,18.83,46.48,17.46,81.71,73.3,22.68,20.28,53.5,79.49,38.35,23.76,10.72,15.88,12.56,63.54,28.8,8.02,12.76,112.2,69.94,77.64,47.07,38.18,54.03,11.79,44.9,,75.09,13.18,8.4,19.71,16.57,25.1,18.27,8.6,13.27,46.41,58.07,12.78,32.5,94.61,61.56,18.22,,27.86
2022-08-29 07:00:00,12.4,84.34,28.29,41.79,15.08,50.24,18.21,46.22,17.13,82.39,72.28,24.22,20.12,53.07,81.07,37.69,23.33,10.58,15.54,12.18,63.36,28.24,7.87,12.66,112.2,71.69,76.52,44.98,37.65,53.43,11.54,45.17,,75.09,13.0,8.26,19.59,16.3,24.85,17.93,8.33,12.94,46.41,57.49,12.73,31.8,93.84,60.44,17.99,,27.43
2022-08-30 07:00:00,12.4,86.14,28.87,42.64,15.08,50.33,17.67,46.02,17.43,84.76,71.57,24.09,19.82,53.01,82.04,37.03,24.92,10.72,15.57,12.06,63.36,28.31,8.0,12.79,113.7,71.01,76.62,46.07,37.08,52.47,11.46,45.33,,75.05,13.44,8.24,19.65,16.0,24.65,17.93,8.19,13.03,48.38,57.68,12.58,31.8,94.15,60.84,18.08,,27.43
2022-08-31 07:00:00,12.45,87.18,29.02,42.64,14.85,51.29,18.44,47.87,17.34,84.25,71.49,24.0,19.73,53.14,80.8,37.47,24.64,10.89,15.54,12.24,63.64,27.79,8.02,12.84,114.5,71.69,76.34,46.15,37.04,52.65,11.59,46.3,,75.05,13.26,8.34,19.62,16.04,24.8,18.02,8.33,13.08,47.25,58.74,12.58,31.85,93.53,60.44,18.34,,26.75
2022-09-05 07:00:00,12.38,85.76,28.65,42.97,14.91,52.26,18.41,47.21,17.16,85.78,71.81,24.22,19.69,52.89,80.32,37.69,24.5,10.76,16.15,13.09,63.64,27.64,8.0,12.76,115.5,70.23,75.96,45.9,36.78,52.42,11.59,46.52,,75.09,13.11,8.26,19.47,15.84,24.7,17.86,8.26,13.08,46.46,58.74,12.35,32.0,92.3,62.04,18.05,,26.61
2022-09-06 07:00:00,12.45,84.25,29.05,42.64,14.73,51.82,18.37,47.21,17.34,85.19,72.28,23.34,19.69,52.64,80.38,37.47,24.22,10.89,15.91,13.0,63.64,27.19,8.07,12.79,115.0,70.62,76.52,45.99,36.43,52.29,11.83,46.41,,75.33,13.11,8.29,19.47,15.87,24.7,17.88,8.22,13.08,46.52,58.84,12.38,31.65,92.07,62.28,18.11,,27.09
2022-09-07 07:00:00,12.28,83.3,27.42,40.67,13.98,49.63,17.09,44.43,16.79,79.85,71.49,22.55,19.73,51.54,77.28,35.88,24.13,10.64,15.54,12.65,63.64,26.51,7.9,12.44,112.0,68.49,78.11,44.98,35.11,50.91,11.59,44.63,,75.09,12.75,7.83,19.47,15.07,24.35,17.37,7.91,12.75,45.0,57.3,12.33,31.25,87.61,60.6,17.47,,26.7
2022-09-08 07:00:00,12.13,83.39,26.62,40.15,13.81,49.1,16.62,44.36,16.48,81.97,70.94,22.9,19.92,51.72,77.14,35.4,23.38,10.4,15.61,12.24,63.64,26.66,7.46,12.33,115.0,69.27,79.23,45.15,34.93,51.6,11.34,43.72,,76.57,12.64,7.49,19.44,14.73,23.9,17.3,7.71,12.57,43.88,57.39,11.88,31.45,88.46,60.6,17.24,,26.46
2022-09-09 07:00:00,12.13,85.1,26.84,40.61,14.16,49.63,17.55,45.09,16.48,83.41,70.94,23.65,19.89,51.72,78.66,36.51,23.71,10.52,16.08,12.65,63.64,26.66,7.46,12.28,116.1,69.75,78.95,44.73,35.28,51.28,11.63,45.65,,77.41,12.86,7.65,19.41,14.83,23.75,17.42,7.64,12.61,44.33,57.68,11.88,32.2,90.76,60.76,17.59,,26.56
2022-09-12 07:00:00,12.0,85.38,26.77,40.41,14.04,49.63,17.09,45.89,16.6,85.78,72.28,23.12,19.79,51.91,78.45,36.25,23.38,10.46,16.08,12.65,63.54,26.89,7.52,12.22,115.0,71.69,78.2,44.81,35.33,51.46,11.67,45.76,,77.89,12.78,7.62,19.16,14.6,23.1,17.35,7.64,12.59,44.49,59.13,11.75,32.0,90.38,60.28,17.56,,27.76
2022-09-13 07:00:00,12.02,86.24,26.69,41.0,14.04,49.54,17.13,45.56,16.88,86.62,71.33,23.16,20.08,51.91,78.8,36.18,23.43,10.56,16.01,12.36,63.26,26.89,7.57,12.2,114.0,71.78,77.83,43.31,35.2,51.83,11.71,46.25,,76.29,12.64,7.7,19.16,14.47,23.05,17.26,7.64,12.54,44.21,58.45,11.75,32.05,90.3,60.6,17.59,,27.38
2022-09-14 07:00:00,11.87,86.71,26.48,40.8,13.87,49.45,17.48,47.01,16.58,85.95,71.1,22.81,21.48,51.54,77.62,36.66,23.38,10.28,16.01,12.78,62.69,26.81,7.57,12.11,112.0,71.4,77.83,42.56,34.58,51.23,11.71,46.03,,73.5,12.53,7.57,19.1,14.67,23.05,17.03,7.53,12.4,44.04,57.78,11.65,31.7,89.38,59.24,17.47,,27.52
2022-09-15 07:00:00,11.9,92.78,25.93,41.26,13.98,49.63,17.94,47.74,16.51,84.76,71.57,23.21,22.94,51.36,77.14,36.66,23.85,10.26,15.94,12.78,62.12,26.66,7.52,11.98,112.0,71.59,79.51,42.89,34.49,51.32,11.96,46.25,,74.01,12.49,7.54,19.13,14.47,23.05,16.93,7.53,12.4,44.55,58.26,11.57,31.95,89.23,59.64,17.47,,27.86
2022-09-16 07:00:00,11.7,92.87,25.75,40.87,13.58,49.1,17.2,46.55,16.08,82.56,71.41,22.94,22.16,50.62,76.59,36.14,23.01,10.19,15.54,12.14,61.64,25.46,7.21,11.79,112.8,69.75,80.53,44.73,34.36,51.92,11.79,45.22,,74.01,12.06,7.33,19.16,14.13,22.45,16.66,7.29,12.29,45.0,57.39,11.45,31.25,89.0,60.84,17.61,,28.83
2022-09-19 07:00:00,11.54,92.21,24.81,40.08,12.89,46.56,16.0,44.96,15.65,79.6,70.86,21.36,22.68,50.99,74.52,34.67,21.42,9.99,15.3,11.3,61.26,25.27,6.93,11.36,112.5,68.3,79.23,42.64,33.35,51.37,11.17,44.26,,74.01,12.06,6.95,19.1,13.3,21.6,16.22,6.88,11.68,44.33,56.24,11.1,31.45,88.46,60.2,17.24,,28.1
2022-09-20 07:00:00,11.57,91.45,25.5,40.08,13.06,47.7,16.43,44.83,15.96,81.54,71.33,22.11,22.94,51.17,75.28,35.4,21.98,10.11,15.54,11.44,61.74,25.08,7.16,11.55,113.3,69.46,78.85,43.23,33.35,51.83,11.34,45.12,,74.89,12.17,7.17,19.16,13.83,22.15,16.22,7.19,11.87,44.55,56.72,11.22,31.95,89.3,60.68,17.3,,28.06
2022-09-21 07:00:00,11.42,91.26,25.21,40.15,13.12,48.31,16.66,44.7,15.68,80.44,70.16,21.73,22.42,50.5,75.21,35.37,21.74,10.07,15.47,11.37,61.08,23.62,7.11,11.47,112.0,67.81,78.85,43.14,33.27,52.24,11.13,45.06,,75.09,12.2,7.11,19.1,13.73,21.75,15.96,7.4,11.8,44.38,56.14,11.07,31.55,88.46,61.56,17.01,,27.62
2022-09-22 07:00:00,11.52,91.07,25.5,39.56,13.0,48.4,17.13,45.03,15.59,81.29,70.55,22.11,22.78,50.87,76.59,36.14,22.07,10.07,15.54,11.54,60.5,23.62,7.13,11.49,110.0,67.91,78.85,43.14,32.96,52.29,11.3,45.38,,74.69,12.28,7.14,19.04,14.1,21.95,15.98,7.67,11.84,43.88,55.56,11.32,31.65,88.46,61.56,16.9,,27.67
2022-09-23 07:00:00,11.42,89.74,25.21,39.3,13.17,51.2,16.82,45.82,15.35,79.17,69.92,21.8,22.55,50.56,77.62,35.92,21.84,9.91,15.34,11.44,60.6,23.51,7.01,11.36,108.6,67.23,78.76,42.47,32.65,52.24,11.09,44.96,,74.69,12.42,7.0,18.92,13.8,21.45,15.82,7.57,11.7,42.69,55.08,11.22,31.3,86.76,61.4,16.58,,27.52
2022-09-26 07:00:00,11.22,88.89,24.23,38.38,12.65,50.77,15.73,44.36,14.43,73.67,68.66,20.48,22.81,50.01,78.38,34.96,21.51,9.56,15.13,10.73,60.32,22.23,6.68,10.87,107.7,65.87,78.76,42.14,31.69,50.96,10.59,42.21,,73.9,12.1,6.63,18.56,13.03,20.5,15.38,7.88,11.63,42.19,53.83,11.35,31.0,84.69,59.24,15.91,,25.74
2022-09-27 07:00:00,11.32,88.13,24.45,38.7,12.48,50.33,15.11,44.63,14.4,70.03,69.61,20.65,23.07,49.39,76.93,34.96,21.28,9.84,15.13,10.66,60.32,22.08,6.8,10.92,107.7,65.0,78.76,41.8,31.07,50.96,10.72,42.43,,74.01,11.88,6.82,18.58,13.06,20.5,15.5,8.33,11.63,41.79,52.1,11.7,30.5,85.0,57.96,15.8,,25.74
2022-09-28 07:00:00,11.12,86.24,24.3,37.72,11.79,49.1,15.42,41.52,14.3,66.05,69.61,20.83,22.75,47.86,71.76,34.3,20.76,9.77,14.73,10.59,60.03,22.08,6.6,10.79,102.1,62.97,78.48,42.06,30.63,50.91,10.63,40.38,,73.1,11.73,6.68,18.58,13.2,20.3,15.38,8.02,11.52,42.19,49.3,11.47,28.75,84.69,57.48,16.02,,25.93
2022-09-29 07:00:00,11.12,80.27,24.3,37.72,11.73,46.91,15.19,38.67,13.87,61.48,67.96,19.84,23.89,47.24,72.45,34.92,19.55,9.77,14.63,10.45,59.74,21.74,6.55,10.71,100.0,62.0,79.04,42.47,30.15,50.91,10.39,40.33,,73.02,11.73,6.63,18.58,12.9,19.7,15.27,7.47,11.54,41.63,48.92,11.14,27.3,84.69,58.2,15.58,,26.27
2022-09-30 07:00:00,11.22,85.86,24.59,37.79,11.61,46.91,15.0,38.21,14.24,65.71,67.17,20.63,22.23,49.39,75.9,35.4,19.55,9.77,14.32,10.45,59.36,21.07,6.55,10.82,99.0,62.0,79.13,42.72,28.88,49.08,10.22,41.41,,73.9,11.77,6.66,18.61,13.23,20.6,15.04,7.78,11.68,41.18,48.82,11.07,27.5,85.3,57.88,15.58,,27.04
2022-10-03 07:00:00,10.91,85.29,22.89,36.15,10.98,43.66,13.95,35.56,13.26,62.49,67.25,19.2,21.64,47.24,73.83,35.0,18.19,9.38,13.34,9.74,59.18,19.6,6.12,10.11,94.0,57.74,76.43,42.64,28.39,45.68,9.52,39.36,,72.78,10.97,6.36,18.07,12.33,19.2,14.0,7.43,11.14,39.71,48.53,10.64,27.75,84.61,56.84,14.72,,25.21
2022-10-04 07:00:00,10.61,83.68,22.49,36.08,11.15,42.26,13.33,33.11,12.74,62.75,66.39,18.27,21.12,47.55,73.14,35.85,17.07,9.43,12.74,9.22,59.18,19.64,5.94,10.17,90.5,59.09,76.43,42.72,28.09,45.18,9.6,39.52,,75.09,11.22,6.15,17.95,11.89,18.75,14.02,7.36,11.12,40.11,48.73,10.69,28.5,86.84,56.76,14.54,,25.79
2022-10-05 07:00:00,10.51,85.48,23.07,36.8,11.61,44.37,14.26,34.9,13.5,65.03,66.78,19.09,22.59,48.1,73.83,36.84,17.86,9.43,12.97,9.57,61.74,20.65,6.09,10.38,91.4,60.26,76.43,42.89,28.97,46.96,10.01,41.68,,75.49,11.55,6.26,18.25,12.46,19.25,14.11,7.57,11.21,40.22,51.81,10.79,30.0,88.46,57.32,14.72,,26.08
2022-10-06 07:00:00,10.1,84.34,22.49,37.13,11.56,42.87,14.3,33.7,13.14,60.63,65.99,18.8,24.02,46.94,73.76,36.14,16.65,9.26,12.16,8.93,61.08,19.71,5.69,9.79,86.7,56.19,74.75,42.47,28.26,47.15,9.43,39.85,,74.21,10.97,5.88,18.13,11.63,18.0,13.56,7.05,11.21,39.43,51.62,10.44,30.05,87.84,56.04,14.28,,25.59
2022-10-07 07:00:00,9.42,80.71,21.18,36.74,11.15,42.26,13.95,31.35,12.25,56.99,65.99,18.05,24.18,45.4,70.38,35.88,15.53,8.9,11.89,8.33,60.6,18.78,5.31,9.17,81.5,52.31,73.63,41.39,27.91,47.24,8.81,39.52,,74.69,10.79,5.54,17.86,11.23,16.75,12.61,6.58,10.44,37.52,51.81,10.06,30.1,88.46,55.88,13.29,,25.11
2022-10-10 07:00:00,9.45,83.58,21.76,37.33,11.79,43.84,14.07,30.92,12.71,60.97,65.21,19.31,24.18,45.4,73.14,36.67,15.81,8.62,12.4,8.9,59.84,19.45,5.15,9.33,80.5,55.32,71.21,41.89,29.4,48.16,9.1,40.92,,73.69,10.53,5.4,17.67,11.63,17.0,11.94,6.88,9.72,36.62,51.9,10.04,30.1,84.61,56.44,13.29,,24.53
2022-10-11 07:00:00,8.84,78.61,20.67,35.75,11.15,41.21,13.1,28.77,12.16,59.1,63.64,19.16,24.05,43.56,73.21,35.65,14.73,8.26,11.82,9.0,59.36,18.33,4.79,8.68,79.8,53.67,69.91,40.8,28.97,47.97,8.48,40.33,,73.3,9.81,5.03,16.97,10.82,15.85,11.1,6.4,9.04,34.88,49.88,9.74,30.0,82.3,56.2,13.29,,22.84
2022-10-12 07:00:00,9.45,81.19,22.09,37.06,11.5,42.57,13.37,29.3,12.98,62.66,66.15,20.48,24.05,44.42,73.83,36.29,15.31,8.57,12.63,9.6,58.42,19.6,5.13,9.28,81.1,55.7,70.84,40.68,29.76,48.16,8.77,41.19,,73.3,9.91,5.37,18.04,11.53,16.95,11.47,6.72,9.58,36.0,50.56,9.86,30.0,83.61,57.32,13.85,,23.37
2022-10-13 07:00:00,10.08,81.19,23.54,38.18,11.38,43.18,13.1,30.62,13.75,63.93,65.99,20.52,24.57,44.79,74.52,36.6,15.35,8.57,13.17,9.78,58.7,19.9,5.18,9.41,78.7,55.8,70.37,40.93,29.58,47.93,8.77,40.82,,75.89,10.17,5.51,18.01,11.69,17.65,11.71,6.69,9.62,37.41,50.84,9.91,30.2,83.61,59.08,13.85,,24.72
2022-10-14 07:00:00,10.53,81.19,23.94,38.9,11.61,44.45,13.48,30.79,13.94,67.57,65.44,20.92,23.98,45.4,75.76,36.06,15.79,8.67,13.14,9.99,59.94,19.9,5.48,9.63,79.0,58.03,70.84,40.93,29.58,48.2,8.94,41.57,,75.25,10.13,5.88,18.04,11.96,17.65,11.89,6.69,9.62,38.31,49.98,10.16,29.85,83.84,59.24,13.98,,24.34
2022-10-17 07:00:00,10.58,80.24,23.72,38.64,11.73,44.45,13.25,31.25,13.84,70.37,65.13,21.58,24.05,45.28,76.93,36.14,15.93,8.41,13.0,9.92,58.89,19.23,5.59,9.46,79.0,57.06,69.91,41.47,28.88,48.16,9.23,42.91,,73.93,9.91,6.15,17.95,12.03,18.15,11.61,6.63,9.62,37.29,47.67,10.01,28.0,83.84,59.32,13.81,,24.05
2022-10-18 07:00:00,10.81,82.14,23.79,39.69,11.61,44.63,14.14,31.58,14.12,69.01,65.52,21.2,24.05,45.96,76.59,36.06,16.12,8.57,12.74,9.82,58.7,19.75,5.59,9.49,82.0,57.16,70.0,41.55,29.18,48.62,9.19,43.07,,75.81,10.39,6.02,17.95,11.89,17.7,11.71,6.82,9.62,38.08,48.63,10.04,29.2,83.92,61.24,13.81,,24.92
2022-10-19 07:00:00,10.66,81.19,23.94,39.43,12.02,44.89,14.03,30.82,14.24,69.01,67.56,21.14,24.08,46.32,75.28,36.6,15.88,8.52,12.43,9.39,58.42,19.41,5.54,9.46,80.0,57.16,69.91,41.39,29.18,49.3,9.1,43.02,,76.25,10.39,5.96,17.95,11.79,17.3,11.66,6.78,9.6,38.19,48.15,10.26,29.25,83.92,61.32,13.81,,24.34
2022-10-20 07:00:00,10.79,81.19,24.05,39.95,11.9,44.72,13.64,30.82,14.27,66.47,70.71,20.7,24.05,47.74,76.52,36.78,15.55,8.57,12.23,9.46,58.42,19.15,5.46,9.28,80.2,56.57,70.0,40.97,29.4,49.35,8.98,43.66,,76.41,10.35,5.8,17.95,11.63,17.15,11.38,6.68,9.62,38.93,48.15,10.04,29.3,83.76,62.04,13.81,,24.24
2022-10-21 07:00:00,10.31,79.76,23.65,39.23,10.98,42.13,12.71,28.67,13.29,61.9,70.71,19.33,23.92,45.34,73.97,34.78,14.49,8.41,11.42,8.83,58.8,17.91,5.1,8.71,74.8,52.7,69.91,40.72,27.65,48.02,8.52,42.48,,77.09,10.21,5.48,17.52,10.82,15.95,10.6,6.23,9.39,38.25,46.17,9.66,28.4,83.76,61.64,13.46,,23.18
2022-10-24 07:00:00,9.85,78.32,22.02,39.23,9.88,42.0,11.86,26.68,12.89,61.82,69.14,18.5,23.72,43.62,73.97,32.36,13.48,8.13,11.08,8.23,58.6,16.67,4.75,8.44,72.8,49.02,69.35,39.3,25.72,46.55,8.18,41.3,,72.3,9.81,5.29,17.34,10.09,14.85,9.86,5.79,9.41,38.25,42.95,9.48,28.25,82.3,59.24,13.33,,21.58
2022-10-25 07:00:00,10.31,78.32,22.7,39.62,10.23,43.84,11.86,26.82,13.78,63.51,69.53,19.77,25.35,44.91,73.97,32.21,12.76,8.16,11.55,8.79,58.89,15.77,5.08,8.87,75.0,50.37,69.91,39.05,24.58,46.6,8.25,42.21,,75.01,9.19,5.64,17.64,10.06,14.9,9.86,5.54,9.41,39.32,42.95,9.69,28.05,83.07,60.84,13.38,,22.21
2022-10-26 07:00:00,10.43,78.23,22.99,40.8,10.05,44.89,11.62,26.68,13.75,64.61,68.98,19.6,25.93,45.28,74.52,32.51,12.95,8.13,11.42,8.68,59.27,16.3,5.26,8.87,78.0,50.28,69.44,38.04,24.36,47.42,8.28,42.7,,74.33,9.3,5.59,17.64,9.92,15.0,9.9,5.2,9.34,39.38,41.89,9.59,27.4,82.69,60.84,13.46,,21.44
2022-10-27 07:00:00,11.14,78.04,24.59,43.64,10.57,46.47,12.24,28.54,14.7,66.9,68.98,20.26,27.3,46.51,75.9,34.7,13.82,8.46,11.76,9.28,58.51,17.27,5.61,9.46,83.0,51.63,68.88,37.96,25.54,47.52,8.61,43.56,,75.05,9.81,5.96,18.86,10.59,16.05,10.57,5.55,9.81,40.33,42.37,10.01,27.5,83.07,62.84,14.33,,22.94
2022-10-28 07:00:00,11.27,78.13,24.52,42.94,10.34,46.03,12.09,29.14,14.76,65.54,68.66,19.6,25.61,46.02,75.21,35.08,13.91,8.41,11.35,8.65,58.6,17.27,5.74,9.55,83.9,51.54,67.58,37.29,25.45,47.93,8.57,42.91,,74.33,9.81,5.88,18.83,10.62,16.15,11.29,5.66,9.74,40.28,43.24,9.91,27.85,82.92,62.44,14.15,,22.89
2022-10-31 07:00:00,11.32,78.13,25.06,42.18,10.23,46.03,11.78,27.88,15.1,65.12,67.56,19.07,24.05,46.39,76.66,34.74,13.82,8.36,10.57,8.05,58.42,17.05,5.97,9.57,85.5,49.99,65.24,36.54,25.02,47.75,8.57,42.48,,74.01,9.73,6.12,18.83,10.89,16.15,11.38,5.5,9.67,41.34,43.33,9.86,27.7,82.76,62.84,14.15,,23.76
2022-11-01 07:00:00,11.34,77.46,24.7,45.09,10.29,46.47,12.24,27.74,15.01,63.25,66.94,19.22,23.4,46.32,75.9,34.97,13.91,8.46,10.13,8.23,58.42,17.12,6.09,9.74,86.5,48.53,65.24,35.45,25.54,46.96,8.57,41.41,,73.33,9.73,6.2,18.86,11.33,16.9,11.87,5.59,10.18,42.19,43.33,10.14,27.7,81.76,64.2,14.89,,25.35
2022-11-02 07:00:00,11.01,76.89,24.45,43.36,10.46,45.59,12.36,27.84,14.73,61.56,67.56,18.16,22.13,45.4,75.9,34.59,13.63,8.39,10.37,8.76,58.42,17.27,5.89,9.68,81.0,46.5,64.5,34.95,25.72,46.73,8.44,40.38,,73.3,9.77,6.04,18.83,11.02,16.9,11.66,5.54,10.07,41.4,43.24,10.42,27.7,80.76,62.68,15.15,,24.92
2022-11-03 07:00:00,10.79,75.46,23.94,42.53,10.29,45.94,12.59,27.81,14.49,61.98,67.25,18.5,22.75,45.47,76.87,35.76,13.67,8.16,10.27,8.4,58.89,17.31,5.94,9.55,85.4,47.95,60.03,33.69,25.67,47.15,8.36,40.49,,72.7,9.7,5.94,18.52,11.02,17.25,11.96,5.4,9.93,41.06,43.33,10.21,27.55,79.0,64.04,15.15,,25.11
2022-11-04 07:00:00,10.18,70.68,24.16,42.18,9.94,43.84,11.74,26.09,15.04,60.12,66.54,18.01,21.22,44.73,76.59,36.82,12.81,7.85,9.9,7.84,58.7,16.11,5.79,9.68,84.3,44.61,55.83,31.35,25.28,43.86,8.11,37.7,,72.7,9.41,6.02,18.43,10.26,16.6,11.8,5.03,9.95,40.39,42.85,9.94,27.15,77.0,64.04,14.67,,25.11
2022-11-07 07:00:00,10.43,71.64,24.16,39.28,9.77,42.87,10.93,24.27,14.33,59.61,65.76,18.01,19.76,44.55,77.9,36.22,11.95,7.32,9.26,7.31,58.42,14.98,5.41,9.17,84.5,41.51,52.01,29.18,25.32,44.14,8.1,36.84,,73.5,8.75,5.72,18.25,9.56,15.5,10.99,4.68,9.39,40.39,42.27,9.28,26.7,77.07,65.81,14.8,,24.63
2022-11-08 07:00:00,10.76,71.35,25.32,36.65,10.0,44.54,11.24,22.58,14.64,60.12,65.76,18.34,19.5,44.98,78.94,35.23,12.52,7.39,8.88,6.8,57.94,15.25,5.74,9.3,86.0,43.21,48.38,27.17,25.85,44.79,8.65,37.53,,73.1,8.75,5.96,18.31,10.02,16.45,11.17,4.99,9.58,40.84,42.18,9.33,26.65,77.23,65.97,14.89,,24.38
2022-11-09 07:00:00,10.48,71.16,26.22,38.38,10.0,44.98,11.04,22.18,15.01,60.04,65.76,18.5,18.13,45.4,80.32,34.4,12.76,7.55,8.78,6.6,58.89,15.25,5.79,9.17,87.0,44.08,45.02,25.29,26.44,44.97,8.98,37.1,,73.69,8.83,5.88,18.31,9.96,16.25,11.27,5.22,9.44,41.63,42.9,9.26,26.85,77.38,64.77,15.15,,24.53
2022-11-10 07:00:00,10.1,70.01,25.17,35.75,8.84,42.66,10.31,20.66,13.97,55.89,64.03,17.22,16.87,44.79,78.25,33.15,11.9,7.44,8.18,6.14,56.99,14.27,5.41,8.55,81.0,41.03,41.9,23.54,24.71,44.84,8.48,36.57,,73.69,8.57,5.48,17.7,9.29,15.15,10.53,4.86,9.3,40.95,42.32,8.8,26.5,76.92,62.76,14.11,,23.95
2022-11-11 07:00:00,10.51,70.3,26.11,36.1,8.67,42.96,9.61,19.24,14.49,51.99,63.95,17.53,15.7,44.67,78.59,33.49,11.08,7.55,8.31,5.72,58.22,15.17,5.43,8.65,86.5,41.66,39.01,21.91,24.89,44.93,8.77,37.21,,75.01,8.54,5.35,18.28,9.42,15.6,10.55,4.52,9.3,42.47,42.52,8.8,27.15,77.92,62.76,14.11,,24.43
2022-11-14 07:00:00,10.26,69.25,26.04,36.3,7.63,41.73,8.95,17.91,14.67,48.44,64.74,16.34,14.62,43.44,78.52,31.76,10.32,7.44,8.24,5.4,57.09,15.25,5.23,8.22,89.1,39.38,36.3,20.4,24.25,44.65,8.52,36.89,,77.89,8.28,5.09,18.1,9.52,15.85,10.27,4.21,9.2,42.24,42.37,8.76,27.5,78.38,63.24,13.59,,24.48
2022-11-15 07:00:00,9.65,69.16,24.23,35.96,6.64,38.84,8.33,16.69,14.36,45.05,62.77,15.21,13.62,40.44,76.93,29.56,9.6,7.14,8.44,5.19,57.09,14.57,4.86,7.65,89.4,36.67,33.79,18.98,22.56,43.5,7.93,34.31,,74.49,7.74,4.74,17.82,9.29,15.1,9.58,3.92,9.3,42.19,41.79,8.55,28.5,78.3,61.64,12.68,,24.1
2022-11-16 07:00:00,10.31,71.45,25.9,37.34,7.05,41.47,8.91,17.84,15.22,48.18,64.03,16.27,12.67,42.52,80.73,31.38,10.27,7.6,9.02,5.55,57.28,15.21,5.2,8.17,90.9,39.19,31.46,17.68,23.79,44.84,8.36,36.24,,72.22,7.95,5.07,18.13,9.92,16.15,10.22,4.19,9.74,42.24,43.24,9.06,30.2,78.38,59.64,13.42,,25.64
2022-11-17 07:00:00,10.64,75.36,25.86,38.31,7.28,41.56,8.76,18.87,15.35,49.96,64.58,16.6,11.8,43.56,82.59,31.83,10.94,7.8,9.63,5.94,56.52,16.18,5.57,8.49,97.0,40.49,29.27,16.47,23.47,46.22,8.36,36.89,,73.1,8.06,5.35,18.37,10.56,17.2,10.62,4.48,9.74,43.03,46.17,9.28,32.3,78.53,60.84,13.42,,27.43
2022-11-18 07:00:00,10.69,73.55,26.08,37.13,7.45,42.35,9.34,18.8,15.16,46.49,65.36,16.29,12.61,43.87,78.87,31.98,11.66,7.65,10.2,6.35,55.76,16.6,5.84,8.49,95.2,40.83,27.26,15.34,22.97,46.27,8.36,37.1,,71.58,8.24,5.4,18.25,10.86,17.1,10.5,4.79,9.62,43.03,46.22,9.26,32.8,78.61,61.64,13.42,,26.66
2022-11-21 07:00:00,10.41,73.07,25.75,37.27,7.4,41.82,9.96,18.87,14.8,43.27,64.42,15.85,11.73,43.01,76.8,31.6,12.48,7.55,10.1,6.79,56.04,16.82,5.7,8.49,95.1,39.38,25.4,14.3,23.15,47.19,8.52,37.37,,72.94,8.36,5.56,18.13,10.76,16.7,10.29,5.12,9.62,42.19,45.21,9.31,32.0,77.38,62.36,13.42,,25.4
2022-11-22 07:00:00,10.28,71.64,26.44,37.9,8.03,42.22,9.92,19.6,14.67,43.27,64.97,15.85,12.54,43.26,75.35,32.32,12.09,7.47,10.0,6.5,57.94,16.86,5.82,8.55,91.8,38.94,23.63,13.34,23.97,47.61,8.57,37.64,,72.38,8.56,5.56,18.13,10.92,16.9,10.11,5.48,9.65,41.34,43.62,9.16,30.5,75.46,63.64,13.42,,25.25
2022-11-23 07:00:00,10.43,71.64,27.13,36.3,7.57,42.66,9.26,19.6,14.98,44.03,64.42,15.96,12.64,43.26,74.66,33.12,12.04,7.47,9.32,6.09,58.22,16.41,5.74,8.49,92.9,39.23,22.0,12.42,24.39,48.86,8.65,37.75,,72.7,8.4,5.54,18.04,10.56,17.5,10.18,5.46,9.34,41.34,42.76,9.01,29.85,77.23,63.56,13.03,,25.25
2022-11-24 07:00:00,10.61,71.64,27.56,35.96,7.57,42.7,9.26,19.2,15.1,43.19,64.26,16.07,12.32,43.26,73.0,34.78,12.48,7.55,9.7,6.51,58.13,15.77,5.84,8.49,89.0,36.52,20.46,11.58,25.16,49.0,8.77,37.53,,72.1,8.56,5.46,17.98,10.69,18.2,10.25,5.57,9.34,41.06,43.33,8.98,30.5,77.84,65.01,13.07,,26.17
2022-11-25 07:00:00,10.86,71.54,29.02,37.34,7.8,43.87,9.88,20.2,15.84,42.68,63.4,16.56,12.41,44.18,72.31,34.78,12.95,7.62,10.34,6.96,58.42,16.86,6.22,8.76,94.0,36.62,19.06,10.79,25.85,49.09,8.98,37.86,,71.9,9.02,5.72,18.13,11.43,18.9,10.64,5.93,9.48,41.12,45.26,9.21,32.5,78.46,65.81,13.42,,26.46
2022-11-28 07:00:00,11.24,73.55,28.65,38.03,8.21,43.78,10.54,21.59,16.76,45.64,65.21,17.2,12.64,45.59,77.35,34.93,13.53,7.88,11.05,7.45,58.42,18.02,6.63,9.3,97.2,38.9,19.06,10.03,26.86,50.38,9.35,38.99,,70.74,9.49,6.12,18.28,12.2,19.7,11.38,6.34,9.81,43.14,48.34,9.59,32.5,78.61,65.41,13.94,,28.3
2022-11-29 07:00:00,11.19,75.46,29.74,38.38,8.38,44.15,11.0,21.78,16.82,48.77,64.5,17.83,13.52,45.59,77.28,35.54,13.58,7.88,11.76,7.7,58.42,19.26,6.69,9.3,99.0,41.46,20.37,10.7,27.08,52.14,9.35,39.2,,70.3,9.72,6.24,18.31,12.66,19.75,11.66,6.23,10.04,44.89,51.13,9.54,34.7,79.07,66.45,13.98,,29.46
2022-11-30 07:00:00,11.17,77.18,29.81,41.01,8.55,45.32,11.12,23.18,16.73,51.57,67.56,18.01,14.3,45.77,76.04,35.84,13.63,7.93,12.43,7.94,58.42,20.58,6.69,9.41,102.0,42.72,21.76,11.41,26.99,52.46,9.64,39.79,,71.9,10.11,6.21,18.34,12.86,20.0,11.98,6.26,10.28,45.56,52.48,10.19,34.8,79.23,66.29,14.54,,29.5
2022-12-01 07:00:00,11.37,77.18,28.29,40.45,8.32,44.71,11.24,23.44,16.05,49.11,66.31,17.31,13.65,45.83,73.48,35.01,14.2,8.13,12.3,8.12,58.42,20.43,6.66,9.63,99.0,42.67,21.76,12.21,28.37,51.77,9.27,40.06,,70.06,10.5,6.55,18.43,12.16,19.5,12.68,6.21,10.18,45.0,51.52,10.06,33.0,79.38,65.97,14.54,,28.97
2022-12-02 07:00:00,11.87,77.18,29.89,39.42,9.07,45.08,12.01,24.5,17.16,52.42,66.23,18.19,13.97,47.49,76.73,35.54,14.87,8.41,13.14,8.68,58.42,21.86,7.1,10.17,103.9,45.53,22.18,13.04,28.78,53.16,9.68,41.94,,70.7,10.81,6.89,18.52,13.0,20.85,13.32,6.34,10.65,47.81,55.08,10.77,34.4,81.92,67.25,14.98,,30.47
2022-12-05 07:00:00,11.92,78.32,29.92,39.69,9.13,47.24,11.82,23.9,17.56,54.19,67.41,18.08,14.27,48.04,78.11,36.29,14.97,8.64,13.51,9.28,58.51,23.36,7.59,10.28,105.0,46.11,20.64,13.92,29.33,53.11,9.52,42.7,,71.78,10.73,6.92,18.68,13.9,22.3,13.42,6.14,10.82,47.81,56.14,11.02,34.05,82.23,68.05,15.71,,30.47
2022-12-06 07:00:00,11.27,76.41,28.36,38.1,8.32,44.9,11.0,22.25,16.58,53.35,66.78,18.63,13.32,46.63,75.55,36.67,13.96,8.36,12.57,8.65,58.42,22.19,7.62,9.57,102.0,42.96,19.2,12.96,27.63,51.35,9.02,41.94,,71.3,10.11,6.46,18.58,13.06,20.75,12.52,5.71,10.09,45.0,52.96,10.26,33.3,81.53,66.05,14.63,,28.34
2022-12-07 07:00:00,11.27,75.65,28.29,39.14,8.21,45.18,10.27,21.26,16.79,53.09,66.39,18.72,12.67,46.94,73.69,36.75,13.43,8.11,12.33,8.19,58.42,22.46,7.51,9.36,100.0,43.45,17.9,13.21,26.72,50.24,9.06,41.62,,71.5,10.19,6.43,18.61,12.86,20.3,12.21,5.32,9.79,44.16,53.44,10.29,35.6,81.53,66.05,14.02,,28.49
2022-12-08 07:00:00,11.44,76.8,28.29,40.52,8.32,45.37,10.77,22.71,17.07,54.53,67.48,18.96,13.55,47.24,73.14,36.63,14.11,8.41,12.77,8.76,58.6,22.76,7.97,9.79,96.0,44.56,16.68,13.88,27.27,51.31,9.27,41.62,,71.1,10.23,6.64,18.77,13.73,21.7,13.05,5.68,10.28,43.31,53.35,10.54,34.95,82.3,64.85,14.72,,27.76
2022-12-09 07:00:00,11.65,75.94,28.43,40.52,8.15,44.8,11.08,24.3,17.22,53.86,66.62,18.91,14.49,47.86,73.14,36.03,14.44,8.57,12.97,9.14,58.42,22.57,8.0,9.84,97.0,44.76,15.52,13.8,27.82,51.72,9.27,43.02,,71.1,10.38,6.52,18.71,13.53,22.4,13.07,5.66,10.51,43.48,52.1,10.54,33.9,85.76,64.04,14.63,,27.91
2022-12-12 07:00:00,11.37,74.5,27.64,39.14,8.15,45.37,10.69,25.99,16.85,55.04,66.86,18.94,15.5,47.24,72.45,35.95,14.2,8.26,12.57,8.51,59.36,20.99,7.8,9.57,97.0,44.47,16.59,12.96,28.46,51.68,9.23,43.02,,71.22,10.42,6.46,18.74,12.8,21.3,12.58,5.6,10.7,43.54,48.63,10.24,31.55,85.69,62.84,14.41,,26.12
2022-12-13 07:00:00,11.65,76.41,28.07,39.28,8.26,46.67,11.16,25.96,17.28,55.38,66.7,19.16,16.57,47.37,72.86,36.14,14.39,8.39,12.84,8.97,59.08,20.95,7.83,9.74,97.0,44.95,16.96,12.96,28.73,52.0,9.43,42.48,,71.1,10.54,6.71,18.86,13.63,22.55,13.32,5.78,10.75,43.99,51.04,10.44,30.8,86.15,62.44,14.8,,27.04
2022-12-14 07:00:00,11.7,76.41,28.14,39.62,8.55,46.53,11.2,26.29,17.13,57.24,67.17,19.38,17.68,46.82,74.17,35.99,14.87,8.39,12.97,8.93,58.42,21.03,7.71,9.82,96.0,45.0,17.24,12.54,28.69,52.23,9.43,41.84,,71.5,10.62,6.61,18.86,13.43,23.25,13.32,6.18,10.65,44.33,51.04,10.36,30.4,86.3,62.04,14.76,,26.99
2022-12-15 07:00:00,11.72,76.32,28.29,40.38,8.61,46.3,11.31,25.36,17.34,57.75,67.17,19.38,18.2,47.68,73.35,36.06,14.97,8.54,13.07,8.93,58.42,21.18,7.71,10.25,98.2,45.53,16.68,12.0,28.59,52.23,9.43,41.51,,71.5,10.5,6.71,18.92,13.53,23.25,13.65,6.1,10.75,44.72,48.82,10.57,30.3,86.84,62.12,15.76,,26.94
2022-12-16 07:00:00,11.62,76.41,28.22,40.8,8.55,46.39,11.62,25.96,17.22,57.67,67.41,19.07,17.81,47.8,73.42,35.54,15.16,8.82,13.78,9.53,58.89,20.65,7.71,10.17,93.5,46.35,16.96,12.12,28.37,52.18,9.48,42.48,,70.74,10.5,6.68,18.98,13.7,22.8,13.49,6.26,10.75,44.83,47.47,10.47,29.2,86.92,62.44,16.02,,25.3
2022-12-19 07:00:00,11.49,75.74,28.14,41.49,8.21,45.08,11.16,24.63,16.91,55.8,67.33,19.07,18.13,47.0,72.59,35.16,14.68,8.85,13.51,9.67,58.7,20.05,7.68,9.92,95.0,45.68,16.31,11.54,27.82,51.77,9.19,41.46,,69.9,10.5,6.71,19.04,13.7,22.4,13.53,5.83,10.51,44.55,46.42,10.44,28.25,85.53,61.64,15.54,,26.36
2022-12-20 07:00:00,11.39,75.94,27.93,40.66,7.92,44.9,10.38,22.98,17.19,54.74,67.09,19.6,18.52,47.0,72.31,33.8,13.72,8.49,12.84,9.67,58.89,19.38,7.27,9.52,94.0,45.05,15.19,10.79,26.86,51.08,8.86,40.55,,70.1,10.58,6.49,19.04,13.23,22.45,12.82,5.55,10.28,44.44,46.42,9.91,27.95,85.61,63.0,14.98,,24.87
2022-12-21 07:00:00,11.52,75.94,28.0,41.08,7.69,44.9,9.92,22.18,16.88,53.41,67.09,19.33,18.72,47.37,71.41,34.4,13.63,8.57,12.77,9.28,58.89,18.85,7.39,9.57,94.9,44.95,14.17,10.03,26.99,50.66,8.65,39.52,,70.91,11.32,6.43,19.1,12.9,23.55,12.82,5.48,10.09,44.27,46.7,9.91,27.45,85.84,63.8,15.28,,25.11
2022-12-22 07:00:00,11.57,76.41,28.29,41.56,7.8,45.08,10.31,22.41,16.94,53.41,66.7,19.24,18.2,47.37,69.83,34.93,13.91,8.59,12.77,8.86,59.18,20.17,7.71,9.74,94.4,45.05,14.45,10.7,28.05,50.38,8.86,39.52,,71.04,11.63,6.46,19.28,12.76,23.4,12.82,5.55,10.44,44.61,47.18,10.04,27.5,85.61,62.75,15.97,,25.11
2022-12-23 07:00:00,11.57,76.22,28.29,41.91,7.97,44.8,10.07,22.78,16.97,52.26,67.25,19.02,18.1,47.86,70.03,34.78,13.77,8.67,12.4,8.33,59.36,19.71,7.59,9.6,95.0,44.37,14.07,10.91,28.27,50.2,9.06,39.74,,70.91,11.47,6.37,19.32,12.23,23.5,12.77,5.52,10.28,44.49,47.96,9.89,27.55,85.76,62.09,15.89,,24.92
2022-12-26 07:00:00,11.17,74.5,28.14,41.28,7.74,42.56,9.45,21.55,15.99,48.63,66.39,18.43,17.03,46.88,70.79,33.72,12.81,8.29,11.55,7.77,59.18,18.51,7.07,9.09,91.5,41.27,13.1,10.16,27.63,49.92,8.52,37.8,,70.1,10.7,5.92,19.25,11.39,21.9,11.89,5.14,9.81,44.38,45.26,9.23,26.45,83.76,61.93,14.89,,23.71
2022-12-27 07:00:00,11.17,76.32,29.02,41.77,7.92,43.49,9.96,22.28,16.33,51.55,66.39,18.94,17.61,46.94,71.14,34.7,13.67,8.34,12.33,8.3,59.36,19.79,7.3,9.33,91.6,42.43,13.42,10.53,28.0,49.92,8.81,38.72,,69.5,10.77,6.28,19.47,12.16,22.5,12.17,5.47,9.83,44.49,45.74,9.56,26.7,83.07,62.42,15.5,,24.92
2022-12-28 07:00:00,11.12,76.32,30.39,42.25,7.8,43.68,10.07,22.05,16.67,52.26,66.86,19.05,18.13,47.06,71.07,34.44,13.63,8.26,12.3,8.4,61.74,20.32,7.8,9.44,93.0,41.66,13.38,11.25,28.82,50.84,8.81,38.61,,71.52,11.12,6.21,19.65,12.13,22.9,12.1,5.47,10.0,45.0,45.93,9.56,26.75,85.0,62.75,15.71,,25.98
2022-12-29 07:00:00,11.12,75.65,29.02,41.56,7.69,43.49,10.07,22.02,16.58,51.29,66.7,18.94,17.55,46.76,70.79,34.33,13.24,8.11,12.16,8.16,61.74,20.99,7.65,9.41,94.0,41.56,13.66,11.2,28.69,53.0,8.69,38.61,,70.06,11.28,6.09,19.74,11.76,22.35,12.01,5.44,10.0,45.39,46.03,9.51,26.8,84.0,62.75,15.41,,25.59
2022-12-30 07:00:00,11.06,76.99,28.0,41.49,7.69,43.59,10.0,21.78,16.73,52.17,66.7,18.91,18.17,47.18,70.03,34.33,13.24,8.13,12.16,8.16,61.74,19.9,7.65,9.25,93.0,41.56,13.05,11.37,29.01,55.4,8.81,38.45,,67.63,11.28,6.12,20.02,11.83,22.5,11.96,5.38,9.83,45.0,46.22,9.56,26.9,84.23,62.01,15.5,,25.4
2023-01-03 07:00:00,11.47,80.24,29.89,42.67,8.15,44.62,10.69,23.31,17.19,52.88,67.88,19.18,17.81,49.09,72.45,34.78,14.01,8.41,13.0,8.72,61.74,21.03,7.97,9.74,96.0,42.58,13.66,12.17,30.15,55.16,9.14,38.99,,68.48,11.51,6.4,20.26,12.63,23.5,12.7,5.71,10.23,46.46,47.57,10.01,28.4,85.92,63.97,16.02,,27.14
2023-01-04 07:00:00,11.44,80.24,29.6,42.04,8.26,44.62,10.73,23.31,17.5,53.32,68.35,19.82,17.65,49.09,72.45,34.78,14.25,8.34,13.11,8.93,61.74,20.92,7.89,9.71,99.3,42.14,13.05,12.54,32.25,54.85,9.1,39.31,,69.5,10.89,6.34,20.38,12.7,23.3,12.63,5.63,10.28,46.58,47.18,10.01,28.0,84.92,64.62,16.36,,27.62
2023-01-05 07:00:00,11.54,80.04,29.56,42.18,8.26,44.94,10.77,23.24,17.5,53.94,68.27,19.64,17.94,49.45,73.55,34.82,14.3,8.36,13.38,9.32,61.26,20.8,7.92,9.84,99.5,42.24,12.77,12.67,32.76,55.16,9.72,40.06,,70.59,11.01,6.37,20.47,12.9,24.2,12.79,5.64,10.54,47.25,47.86,10.11,28.1,84.61,66.17,16.4,,28.2
2023-01-06 07:00:00,11.7,79.18,30.21,42.18,8.44,44.94,10.42,22.45,17.56,51.91,67.72,18.67,18.26,49.27,72.24,35.23,13.82,8.39,13.11,8.93,61.26,20.88,8.44,9.87,95.8,41.8,12.68,12.33,32.12,54.72,9.72,39.95,,73.22,10.66,6.49,20.53,12.63,24.3,12.82,5.52,10.51,47.25,48.05,10.36,28.05,82.92,65.03,16.4,,28.25
2023-01-09 07:00:00,11.67,78.61,29.74,42.67,8.44,44.8,10.58,22.38,17.86,51.02,67.88,18.54,18.72,49.27,72.1,35.76,13.82,8.54,13.24,8.83,60.79,20.99,8.32,9.87,96.5,40.69,12.91,11.91,32.48,54.72,9.6,39.47,,72.78,10.54,6.46,20.53,12.7,24.65,12.84,5.51,10.51,48.88,48.34,10.64,27.5,84.0,65.76,16.32,,28.39
2023-01-10 07:00:00,11.85,78.32,29.96,42.6,8.38,44.9,10.85,23.41,17.53,50.05,68.98,18.54,18.26,49.33,72.17,36.25,13.82,8.54,13.38,9.07,58.89,20.95,8.44,9.84,95.4,40.88,13.0,11.91,33.72,54.6,9.68,38.72,,71.36,10.7,6.46,20.5,12.63,24.95,12.7,5.6,10.51,49.11,47.91,10.64,27.25,83.92,66.0,16.19,,28.39
2023-01-11 07:00:00,12.23,78.32,29.92,41.91,8.38,45.46,10.85,23.41,17.86,49.96,69.92,18.34,17.03,49.64,71.9,35.91,13.91,8.52,13.65,9.25,58.89,21.1,8.44,9.87,96.0,41.22,13.89,12.37,34.08,53.86,9.64,38.99,,73.34,10.81,6.49,20.56,12.9,24.7,12.79,5.65,10.49,47.87,48.92,10.67,27.55,84.69,64.7,15.97,,27.52
2023-01-12 07:00:00,12.38,78.13,30.07,41.77,8.67,45.93,10.69,23.08,17.74,49.6,68.98,17.99,16.25,49.52,72.45,36.1,14.2,8.46,13.55,9.32,58.89,20.13,8.47,9.87,93.3,40.78,13.94,12.25,33.95,53.36,9.72,38.99,,72.86,10.7,6.46,20.53,12.9,24.95,12.88,5.58,10.47,47.7,49.59,10.97,27.5,84.46,65.19,16.19,,27.72
2023-01-13 07:00:00,12.2,78.23,30.32,41.91,8.67,45.74,10.62,23.08,17.86,50.4,68.9,18.1,16.74,49.09,72.1,36.1,13.96,8.49,13.48,9.25,58.89,19.68,8.56,9.87,95.0,40.74,13.33,11.71,33.9,53.54,9.81,38.61,,75.33,10.7,6.58,20.53,12.83,25.3,12.86,5.6,10.47,48.26,50.07,11.1,27.5,82.84,65.68,16.8,,27.62
2023-01-16 07:00:00,12.63,78.23,32.42,42.87,8.49,45.04,10.77,23.44,18.42,49.96,68.58,18.05,17.39,49.58,71.07,35.54,14.59,8.62,13.68,9.67,57.94,19.79,8.56,10.01,94.9,40.59,12.72,11.45,33.67,54.29,9.81,38.13,,76.38,10.5,6.58,20.59,12.96,25.5,13.0,5.55,10.28,49.11,49.4,11.22,27.4,82.53,64.7,16.8,,27.52
2023-01-17 07:00:00,12.78,79.76,32.61,44.6,8.61,45.46,11.31,25.06,18.78,52.08,69.14,18.5,17.39,50.31,71.9,36.29,15.11,8.8,14.63,10.34,58.8,20.13,8.7,10.49,97.5,41.7,13.05,11.79,34.18,54.6,10.06,37.1,,75.78,10.62,6.83,20.59,13.63,26.55,13.42,5.84,10.75,50.29,50.07,11.52,27.6,85.07,65.92,16.97,,28.83
2023-01-18 07:00:00,12.88,80.71,32.71,43.91,9.07,45.27,11.47,25.33,18.88,52.44,68.74,18.58,17.35,51.17,71.97,36.9,15.35,8.9,14.66,10.27,58.98,20.88,8.73,10.57,99.9,43.55,13.19,11.96,34.77,54.91,10.06,37.16,,75.78,10.93,6.83,20.62,13.73,26.8,13.46,5.98,11.03,50.63,50.56,11.52,28.35,86.38,66.25,17.01,,28.3
2023-01-19 07:00:00,13.14,80.52,33.33,43.84,9.25,46.67,11.35,25.66,19.09,53.06,70.24,18.61,17.61,51.48,72.1,38.64,15.64,8.92,14.29,10.27,59.65,20.73,8.73,10.6,102.0,44.17,13.1,11.83,34.77,55.16,10.1,37.59,,75.25,11.2,6.86,20.65,14.17,26.8,13.46,5.96,11.21,52.31,50.27,11.52,28.7,88.07,66.25,16.88,,28.64
2023-01-27 07:00:00,13.31,81.38,32.32,44.19,9.82,47.7,11.47,26.16,18.63,52.26,73.14,18.63,17.52,51.54,74.66,39.24,16.17,9.03,14.53,10.56,59.36,20.77,8.76,10.65,103.7,44.47,13.0,11.45,34.86,58.32,10.1,38.99,,78.25,11.2,6.89,20.71,14.0,26.65,13.44,6.0,11.45,52.31,51.33,11.75,29.6,89.38,65.19,17.05,,29.26
2023-01-30 07:00:00,12.83,81.0,32.28,46.47,9.65,47.24,11.82,26.02,18.26,51.73,74.01,19.05,16.9,51.36,73.55,39.01,15.83,9.31,14.69,10.56,58.89,20.84,8.47,10.41,102.0,44.76,13.0,11.45,33.9,57.2,10.22,39.52,,76.99,11.32,6.71,20.59,14.03,25.85,13.28,6.21,11.17,50.57,49.59,11.6,28.85,86.92,64.7,16.66,,28.78
2023-01-31 07:00:00,13.16,81.0,32.71,44.95,9.77,47.14,11.9,26.02,18.72,53.41,74.16,19.24,16.9,51.23,73.35,40.07,16.03,9.51,14.93,10.94,58.7,21.03,8.65,10.57,101.1,45.05,13.24,11.58,33.67,55.96,10.26,40.12,,76.59,11.47,6.77,20.56,14.43,27.1,13.6,6.17,11.68,51.69,49.02,11.85,28.55,89.46,62.83,16.84,,28.68
2023-02-01 07:00:00,12.73,80.24,31.05,42.6,9.36,46.77,11.08,24.2,17.8,53.15,73.69,18.56,16.7,50.31,73.55,38.94,14.92,9.69,14.26,10.34,58.22,19.9,8.06,10.22,95.2,45.63,13.56,11.62,33.17,53.79,9.89,39.31,,75.78,12.25,6.52,20.41,13.46,25.65,13.05,6.02,11.07,50.12,46.22,11.88,27.6,87.61,62.91,15.84,,27.04
2023-02-02 07:00:00,12.63,80.24,31.3,41.49,9.36,46.72,10.73,24.33,17.92,52.35,73.69,18.76,16.44,50.25,73.83,40.07,14.63,9.36,14.39,10.24,57.09,19.98,7.97,10.25,96.7,48.34,13.24,11.5,33.12,53.05,9.93,38.93,,75.98,12.25,6.43,20.35,13.46,26.15,12.96,5.79,11.17,50.96,46.13,11.88,27.9,86.15,62.5,15.93,,27.86
2023-02-03 07:00:00,12.38,80.24,31.45,41.21,9.3,46.49,10.81,24.43,17.83,52.08,75.89,18.85,16.44,49.15,72.59,41.28,14.78,9.46,14.26,10.38,56.8,20.24,8.12,10.06,96.5,46.31,13.94,11.45,34.13,50.94,10.06,37.91,,78.13,12.52,6.43,19.34,13.2,26.05,12.54,5.83,11.21,52.31,46.32,12.23,28.0,83.92,61.93,15.8,,28.2
2023-02-06 07:00:00,12.58,80.24,32.64,40.45,9.3,47.33,10.77,24.5,18.36,51.38,76.05,18.98,16.77,49.39,73.14,42.49,14.97,9.43,14.29,10.27,56.99,20.54,8.12,10.11,96.3,45.68,14.35,11.5,35.5,51.99,10.39,39.2,,79.18,12.13,6.43,19.38,13.36,25.7,12.93,6.1,11.26,54.0,46.17,11.9,28.0,84.23,63.07,16.02,,28.49
2023-02-07 07:00:00,12.43,80.24,31.77,41.01,9.25,46.02,10.46,23.84,17.92,49.25,76.52,18.78,16.25,49.52,73.35,40.53,14.2,9.18,13.34,9.57,56.61,20.43,7.92,9.92,94.1,44.27,13.61,10.7,35.69,51.56,10.1,39.52,,77.48,11.32,6.24,19.44,12.73,25.75,12.68,5.92,11.4,51.75,45.07,11.6,27.5,84.15,62.01,15.54,,27.57
2023-02-08 07:00:00,12.45,80.71,32.28,42.18,9.3,46.07,10.73,23.8,18.36,48.72,75.58,19.02,15.89,49.82,74.04,39.39,14.15,9.33,14.09,10.2,56.61,20.28,8.12,9.95,93.5,43.11,13.33,10.33,34.04,51.44,10.14,39.52,,79.91,11.32,6.24,19.47,13.03,25.0,12.88,5.88,11.49,52.99,44.87,11.67,27.2,83.07,61.77,15.54,,27.52
2023-02-09 07:00:00,12.38,80.9,31.92,42.04,9.59,46.16,10.66,23.87,18.05,48.9,74.95,18.76,16.02,49.52,74.59,40.68,14.35,9.28,13.92,10.06,55.85,20.24,8.12,9.98,91.8,42.62,13.19,10.07,34.68,51.44,9.93,38.99,,78.53,11.32,6.24,19.47,12.93,24.45,12.63,5.91,11.33,52.31,43.62,11.57,27.1,78.38,61.12,15.58,,27.23
2023-02-10 07:00:00,12.23,80.71,31.16,41.49,9.42,46.58,10.38,23.47,17.86,48.72,75.73,18.45,14.92,49.52,73.21,39.77,14.06,9.26,13.85,10.17,58.7,20.65,8.21,9.9,91.2,40.78,12.82,10.07,35.04,51.68,9.93,38.45,,76.75,11.4,6.21,19.44,12.7,23.65,12.47,5.77,11.0,53.16,43.72,11.04,27.0,78.46,61.85,15.15,,27.23
2023-02-13 07:00:00,12.08,80.04,32.21,40.94,9.13,45.37,9.76,21.85,17.9,46.24,76.99,18.74,13.88,49.52,73.07,39.32,13.43,9.2,13.65,10.17,58.51,19.53,8.09,9.74,92.9,41.17,11.93,9.41,34.68,51.81,9.68,37.91,,77.76,10.89,6.03,19.32,12.36,24.5,12.31,5.55,10.75,52.59,42.76,10.62,26.7,79.3,61.36,14.72,,27.52
2023-02-14 07:00:00,12.05,80.71,31.48,42.87,9.01,45.93,9.8,22.18,17.62,46.95,77.38,18.76,14.36,49.58,72.86,39.09,13.58,9.0,13.92,10.49,57.94,19.98,8.0,9.65,92.9,41.17,11.14,8.86,34.77,50.94,9.81,37.8,,76.18,11.04,6.05,19.28,12.63,24.4,12.42,5.55,10.98,52.03,41.17,10.78,26.45,79.07,60.87,14.46,,27.04
2023-02-15 07:00:00,12.4,81.09,31.92,42.87,9.13,46.21,10.15,22.71,17.74,47.48,77.78,19.0,13.65,50.07,73.9,39.09,13.91,9.08,14.05,10.66,57.09,20.65,8.03,9.74,93.0,41.41,10.39,9.11,35.46,50.88,9.93,37.91,,76.59,11.28,6.15,19.38,12.76,23.35,12.68,5.71,11.12,52.31,40.93,10.88,26.45,79.0,61.93,14.89,,27.38
2023-02-16 07:00:00,12.53,81.19,32.64,43.22,9.59,46.86,10.38,23.01,18.23,47.21,77.7,18.93,14.3,50.07,74.45,39.47,14.15,9.43,14.39,11.19,56.8,20.88,8.18,9.87,92.9,41.95,10.72,9.2,35.69,51.25,10.22,38.18,,76.87,11.47,6.21,19.44,13.03,23.9,12.91,5.71,11.21,51.98,40.93,10.99,26.7,79.07,62.34,15.15,,27.43
2023-02-17 07:00:00,12.53,81.09,33.22,42.04,9.48,47.14,10.46,23.21,18.2,46.95,77.15,18.47,14.96,50.07,73.97,39.39,14.11,9.41,14.19,10.94,55.85,20.88,8.47,9.79,91.3,41.9,10.86,9.16,35.32,51.5,10.26,38.29,,75.82,11.51,6.21,19.44,13.0,24.4,12.86,5.75,11.14,52.31,41.7,11.3,26.75,78.92,61.93,14.98,,27.43
2023-02-20 07:00:00,13.04,82.14,34.24,42.32,9.88,47.89,11.08,24.63,18.69,48.45,76.76,18.64,14.92,50.8,75.21,40.45,14.83,9.59,14.8,11.44,55.85,21.25,8.76,10.22,94.5,42.92,11.6,9.78,36.05,52.43,10.47,39.2,,77.07,11.82,6.46,19.65,13.86,25.7,13.23,6.15,11.49,52.76,43.53,11.57,27.05,78.92,63.15,15.84,,28.34
2023-02-21 07:00:00,12.88,81.67,33.55,42.74,9.77,47.24,11.0,24.86,18.32,48.36,77.7,18.2,15.74,50.8,74.73,40.45,14.73,9.69,14.59,11.16,55.28,21.1,8.59,10.06,93.8,43.11,11.98,9.78,37.15,52.43,10.3,39.2,,77.19,11.67,6.37,19.62,13.66,25.35,13.14,6.26,11.59,52.99,43.53,11.46,27.15,78.84,62.91,15.41,,28.59
2023-02-22 07:00:00,12.56,80.71,32.64,42.18,9.59,46.77,10.46,24.17,17.74,46.95,76.99,17.52,15.35,50.19,73.83,40.45,13.96,9.43,14.32,10.59,54.62,20.13,8.24,9.87,91.0,41.66,11.18,9.2,34.95,51.5,9.93,38.4,,75.78,11.28,6.21,19.41,12.9,24.7,12.72,6.1,11.0,52.31,41.02,11.04,26.5,77.53,61.52,15.11,,27.14
2023-02-23 07:00:00,12.83,80.81,33.04,42.11,9.65,46.39,10.46,23.51,17.8,46.06,77.31,16.99,15.27,49.94,73.0,39.47,14.2,9.2,14.53,11.16,54.05,20.02,8.27,9.82,87.6,41.66,11.0,9.11,35.09,50.94,10.1,37.64,,75.82,11.24,6.21,19.34,13.16,25.0,12.93,5.94,11.21,52.48,40.44,11.3,26.5,75.53,61.69,15.19,,25.59
2023-02-24 07:00:00,12.43,80.33,32.35,41.56,9.36,45.74,10.19,23.18,17.34,44.82,76.2,17.38,14.92,49.58,73.48,38.94,13.72,8.92,14.05,10.73,53.0,19.53,8.24,9.57,85.9,40.78,10.63,8.82,34.5,50.26,9.93,37.64,,76.59,11.36,6.13,19.22,12.7,24.3,12.61,5.8,10.98,52.59,39.48,11.04,26.45,74.0,60.87,14.85,,25.59
2023-02-27 07:00:00,12.25,79.66,32.1,41.35,9.01,45.08,10.04,22.18,16.91,43.76,75.73,16.91,14.18,49.27,71.76,36.82,13.39,8.62,13.58,10.17,52.24,19.11,8.06,9.33,79.9,39.23,10.02,8.53,33.9,47.22,9.93,36.84,,75.09,10.89,6.02,19.16,12.2,23.6,12.49,5.55,10.86,52.2,39.38,10.81,26.25,75.76,61.28,14.72,,24.87
2023-02-28 07:00:00,12.33,79.95,31.99,41.35,9.07,45.37,10.04,22.28,16.82,44.38,75.66,16.99,14.03,49.39,71.41,36.97,13.39,8.7,13.51,10.27,52.62,19.11,8.15,9.33,82.0,38.75,9.88,8.44,34.13,47.71,10.01,37.0,,76.18,11.36,6.02,19.32,12.2,23.75,12.26,5.54,10.89,52.59,39.96,10.81,26.3,76.92,61.52,14.76,,25.79
2023-03-01 07:00:00,12.71,80.52,33.11,42.32,9.36,46.25,10.38,23.57,17.34,44.56,77.38,16.91,14.03,49.39,72.52,38.18,13.82,9.03,14.12,10.98,53.19,18.51,8.35,9.55,80.5,39.52,9.55,8.7,35.37,48.15,10.22,37.11,,78.0,11.51,6.15,19.5,12.66,25.4,12.63,5.68,11.21,52.31,39.67,11.1,26.35,78.07,62.66,15.11,,25.88
2023-03-02 07:00:00,12.66,80.24,33.66,42.04,9.3,45.83,10.27,23.21,17.07,45.18,76.36,16.91,14.3,49.09,72.45,38.03,13.67,9.18,13.92,10.94,53.1,18.7,8.41,9.41,79.0,39.04,9.65,8.78,35.37,49.82,10.51,37.49,,76.62,11.82,6.09,19.47,12.46,25.6,12.58,5.66,11.12,52.43,39.58,11.04,26.4,78.15,62.34,14.98,,25.3
2023-03-03 07:00:00,12.38,79.76,33.3,41.42,9.36,45.32,10.07,23.24,17.07,44.56,76.2,16.84,14.03,48.17,72.1,37.12,13.53,9.08,13.75,10.8,52.53,18.29,8.27,9.28,76.0,38.17,9.65,8.78,35.5,49.26,10.22,36.62,,76.17,11.28,6.02,19.44,12.33,25.0,12.4,5.58,10.93,51.13,39.43,10.86,26.35,77.84,61.93,14.72,,25.11
2023-03-06 07:00:00,12.28,79.95,33.22,41.28,9.53,44.9,10.27,23.87,17.4,44.82,75.26,16.65,14.22,47.98,71.55,37.01,13.63,9.18,13.78,10.84,52.24,19.45,8.32,9.36,74.4,38.17,10.3,9.36,35.59,48.7,10.3,36.56,,75.36,11.36,6.1,19.56,12.53,24.9,12.58,5.69,10.96,51.19,40.54,10.83,26.3,74.07,61.12,14.8,,25.25
2023-03-07 07:00:00,12.38,80.24,34.02,41.49,9.65,45.18,10.31,23.84,17.8,44.82,75.58,16.5,15.2,48.35,72.1,37.43,13.82,9.43,14.26,11.37,51.96,19.38,8.38,9.41,78.3,38.46,10.11,9.45,35.69,49.2,10.39,36.78,,76.13,11.36,6.13,19.71,12.96,25.0,12.54,5.64,10.98,51.69,40.73,10.83,26.35,74.69,61.77,15.06,,25.69
2023-03-08 07:00:00,12.63,80.71,34.82,41.56,9.65,45.83,10.46,24.37,18.05,44.82,75.5,16.5,15.9,48.78,73.07,38.79,13.91,9.48,14.32,11.47,51.39,19.45,8.56,9.52,80.4,38.17,10.3,9.91,35.59,49.64,10.55,37.11,,75.97,11.59,6.18,19.77,13.23,25.35,12.63,5.71,11.19,51.86,40.78,10.88,26.5,75.61,62.34,15.71,,26.32
2023-03-09 07:00:00,12.81,80.24,34.56,41.14,9.71,46.25,10.69,25.26,18.05,45.97,75.58,16.57,15.9,49.45,73.69,38.79,14.54,9.43,14.32,11.47,51.2,19.53,8.65,9.63,80.8,38.75,10.21,10.03,35.69,49.57,10.76,37.11,,75.97,11.71,6.34,19.83,13.23,26.5,12.86,5.74,11.45,52.31,40.83,11.15,26.5,78.3,62.34,15.76,,26.08
2023-03-10 07:00:00,12.58,80.04,34.2,40.87,9.48,46.02,10.46,25.13,17.92,46.59,75.58,16.74,15.98,48.78,73.83,38.56,14.39,9.43,14.39,11.58,51.2,19.9,8.62,9.6,83.9,38.51,9.93,9.82,34.91,49.02,10.72,37.22,,75.6,11.43,6.21,19.71,13.23,26.0,12.56,5.62,11.21,51.81,41.26,11.02,26.55,77.38,62.66,15.84,,27.04
2023-03-13 07:00:00,12.38,79.95,33.55,40.45,9.3,46.3,10.73,24.76,17.99,45.88,75.58,16.57,15.66,48.41,74.59,38.03,14.35,9.41,14.26,11.44,52.15,19.9,8.62,9.46,84.5,38.17,10.25,9.87,34.82,49.76,10.88,37.44,,76.17,11.28,6.12,19.71,13.13,25.0,12.38,5.59,11.35,51.47,43.09,10.88,26.65,77.46,62.66,16.8,,28.1
2023-03-14 07:00:00,12.15,79.38,32.68,39.97,9.01,45.55,10.58,23.97,17.8,45.71,75.03,16.11,15.08,48.29,74.31,38.18,13.72,9.2,13.72,10.98,53.1,19.38,8.56,9.3,83.6,37.39,9.97,9.87,33.95,50.07,10.63,37.16,,77.39,10.93,6.14,19.65,12.73,24.4,12.17,5.49,11.31,51.19,43.09,10.65,26.5,78.23,62.42,16.8,,27.81
2023-03-15 07:00:00,12.53,79.47,33.95,40.45,9.36,46.11,11.16,24.9,18.11,46.5,75.81,16.4,15.59,49.39,73.83,38.26,14.59,9.43,14.39,11.69,53.29,19.94,8.76,9.63,84.7,38.75,10.58,10.24,34.45,50.13,11.17,37.54,,77.19,11.36,6.31,19.8,13.6,25.35,12.58,5.7,11.52,51.41,44.3,11.25,27.0,80.69,62.83,17.14,,27.52
2023-03-16 07:00:00,12.33,78.52,33.55,39.49,9.01,45.46,10.85,24.43,17.77,46.06,74.79,16.07,15.62,48.6,72.17,38.18,14.25,9.1,14.09,11.37,52.53,19.71,8.68,9.44,83.8,38.17,10.39,10.2,33.26,49.95,10.97,37.11,,77.8,11.16,6.21,19.59,13.46,24.6,12.38,5.59,11.52,51.19,42.85,10.99,26.65,78.46,62.26,16.84,,27.96
2023-03-17 07:00:00,12.3,78.71,33.59,39.69,9.13,46.77,10.93,24.63,17.8,46.5,73.3,16.45,15.23,48.47,71.55,37.2,14.3,9.43,13.78,11.44,50.25,20.09,8.7,9.44,83.5,38.17,10.72,10.2,32.39,49.02,11.09,37.11,,78.21,11.36,6.31,19.62,13.56,25.05,12.33,5.57,11.82,50.06,41.74,11.02,26.6,83.76,60.71,17.05,,28.49
2023-03-20 07:00:00,12.13,77.94,32.9,39.69,8.61,45.83,11.08,24.27,17.19,44.82,73.06,16.26,14.61,47.61,71.07,37.73,13.77,9.08,13.51,11.09,51.2,19.34,8.44,9.36,81.5,36.91,10.35,9.87,32.39,49.64,10.63,36.4,,76.99,10.93,6.15,19.53,13.03,24.2,12.14,5.61,11.2,47.87,40.97,10.81,26.4,81.23,60.55,17.05,,28.01
2023-03-21 07:00:00,12.23,78.32,32.9,39.9,8.61,45.83,11.12,24.66,17.37,45.18,72.75,16.31,14.46,47.92,71.21,37.96,13.87,8.87,13.82,11.37,52.15,19.68,8.59,9.38,80.1,37.3,10.3,9.7,31.75,49.02,10.92,36.56,,75.76,11.24,6.24,19.56,13.36,24.6,12.19,5.68,11.2,48.66,43.72,10.91,26.4,79.84,60.63,17.62,,28.44
2023-03-22 07:00:00,12.2,77.85,33.44,40.32,8.73,45.83,11.0,25.56,17.5,44.82,73.77,16.33,14.81,48.17,71.0,37.88,13.91,9.0,13.72,11.19,52.91,19.6,8.65,9.41,80.5,36.76,10.35,9.95,31.75,48.95,10.88,36.56,,76.38,11.16,6.28,19.56,13.26,24.8,12.12,5.71,11.3,50.06,45.88,10.88,26.4,80.61,60.63,18.18,,28.68
2023-03-23 07:00:00,12.38,78.23,33.3,40.18,8.73,45.74,11.2,26.49,17.62,44.82,73.77,16.48,14.81,47.86,70.72,37.96,13.91,9.0,13.78,11.3,55.95,19.64,8.73,9.41,79.0,36.62,10.39,10.03,32.8,48.7,10.92,36.62,,76.58,11.24,6.46,19.56,13.6,25.0,12.12,5.78,11.43,51.02,46.22,10.86,26.4,81.3,61.36,18.22,,28.3
2023-03-24 07:00:00,12.4,78.32,33.04,39.76,8.78,45.37,11.24,26.09,17.5,44.82,73.77,16.36,14.88,48.23,70.66,37.65,14.2,9.2,13.78,11.23,56.42,19.98,9.05,9.6,78.0,36.76,11.09,10.33,33.26,49.02,10.97,36.84,,76.5,11.24,6.46,19.28,13.66,25.05,12.24,5.82,11.41,50.06,47.18,11.02,26.65,81.69,61.12,18.31,,28.25
2023-03-27 07:00:00,12.35,78.52,33.37,40.59,8.96,45.37,11.39,26.49,17.65,45.18,73.46,16.4,14.96,48.53,70.38,38.94,14.3,9.28,14.05,11.54,56.9,20.05,9.02,9.71,76.7,36.91,11.84,10.53,32.67,48.52,11.01,37.11,,75.76,11.24,6.55,19.28,14.03,25.5,12.26,5.79,11.35,51.19,46.61,11.1,26.65,81.92,60.79,18.4,,28.3
2023-03-28 07:00:00,12.35,78.61,33.37,40.38,9.01,45.37,11.35,26.22,17.74,45.8,73.3,16.31,14.81,48.6,71.55,38.94,14.2,9.26,13.98,11.47,57.56,20.09,8.94,9.74,77.6,37.88,11.74,10.41,32.76,48.27,11.01,37.11,,75.76,11.12,6.68,19.16,13.9,25.4,12.75,5.86,11.33,51.64,46.22,11.12,26.7,81.84,60.63,18.18,,28.25
2023-03-29 07:00:00,12.33,78.52,33.51,40.32,8.96,45.18,11.62,27.31,17.8,45.97,73.06,16.33,14.73,48.47,70.93,38.48,14.15,9.23,14.05,11.69,57.84,20.32,8.97,9.9,78.8,37.49,11.7,10.37,32.94,47.77,11.05,36.67,,75.52,11.2,6.64,19.1,14.07,25.35,12.96,5.86,11.35,51.92,46.22,11.17,26.75,81.69,61.03,18.09,,28.25
2023-03-30 07:00:00,12.43,78.61,33.51,40.18,8.84,45.32,11.47,29.2,17.8,45.44,72.83,16.33,14.77,48.53,70.66,38.79,14.11,9.54,14.05,11.47,57.84,20.28,8.97,9.87,79.2,37.39,11.93,10.37,33.76,48.21,10.92,36.73,,75.36,11.01,6.52,19.13,14.0,26.0,12.82,5.87,11.48,52.14,47.72,11.23,26.85,81.76,61.12,18.09,,28.88
2023-03-31 07:00:00,12.63,79.18,33.51,40.38,8.96,45.32,11.31,28.94,17.92,45.44,72.83,16.16,14.73,48.53,70.38,38.94,14.87,9.82,14.05,11.37,57.84,20.73,9.0,9.87,77.8,37.35,11.84,10.45,34.27,48.21,10.92,36.89,,75.24,11.2,6.61,19.13,14.37,26.2,13.12,5.84,11.51,51.41,49.59,11.25,27.5,80.84,60.63,18.22,,28.54
2023-04-03 07:00:00,12.76,79.76,33.3,40.52,9.48,45.83,11.74,29.73,18.39,46.06,72.91,16.62,15.27,49.64,70.72,39.62,15.31,9.87,14.19,11.44,57.84,22.01,9.05,10.11,76.8,37.78,11.98,11.08,34.31,47.65,10.92,37.16,,73.73,11.4,6.89,19.22,14.7,26.75,13.56,6.03,11.79,52.2,50.65,11.41,29.0,78.92,60.63,18.35,,28.59
2023-04-04 07:00:00,12.71,78.32,33.37,41.21,9.42,46.02,12.01,30.26,18.2,47.3,72.59,16.87,15.23,49.39,70.31,40.38,15.31,9.77,14.26,11.62,57.84,21.89,9.2,10.14,78.4,38.56,11.88,10.99,34.72,47.53,11.17,38.09,,72.51,11.74,7.08,19.16,15.04,26.9,13.65,6.06,11.72,51.75,49.11,11.62,28.4,78.46,60.46,18.53,,28.44
2023-04-05 07:00:00,12.78,77.56,33.0,41.7,9.59,45.88,12.17,31.45,18.42,48.01,72.43,17.04,15.27,49.45,70.31,40.22,15.55,10.05,14.53,11.79,57.37,21.78,9.08,10.17,78.4,38.51,11.98,11.2,34.82,47.96,11.13,38.25,,71.9,11.78,7.11,19.19,15.04,26.25,13.65,6.11,11.77,51.81,50.27,11.54,27.75,79.15,60.71,18.35,,28.44
2023-04-06 07:00:00,12.58,76.89,33.37,41.98,9.3,45.37,11.82,30.92,18.14,47.04,72.51,17.96,15.04,49.27,70.03,39.32,14.97,10.02,14.53,11.58,57.47,21.4,8.79,10.01,77.0,37.88,12.35,11.29,34.18,47.65,10.88,37.82,,72.06,11.74,6.98,19.07,14.6,25.65,13.7,6.22,11.98,51.3,49.3,11.3,27.25,78.61,60.55,18.09,,28.49
2023-04-07 07:00:00,12.66,76.6,33.11,43.36,9.36,45.37,11.9,31.39,18.11,46.59,71.89,17.42,14.88,49.39,69.83,39.7,15.26,9.92,14.32,11.44,57.56,21.07,8.65,10.06,77.6,37.78,12.49,11.29,34.5,47.46,10.8,37.87,,72.1,12.02,7.14,19.04,15.04,26.0,13.67,6.29,11.98,50.63,48.82,11.25,27.2,79.23,60.87,18.09,,28.2
2023-04-10 07:00:00,12.63,76.41,32.42,43.01,9.36,45.74,11.66,31.12,18.02,46.68,72.59,16.82,14.88,49.27,68.65,39.32,15.26,10.05,13.98,11.02,58.13,21.29,8.53,10.06,77.2,39.72,12.4,11.04,34.13,47.9,11.05,38.2,,71.94,12.44,7.38,19.04,14.97,25.95,13.97,6.15,11.98,50.06,47.96,11.25,26.9,78.69,60.63,18.09,,28.1
2023-04-11 07:00:00,12.61,76.6,32.21,43.08,9.59,45.97,11.78,31.98,18.17,46.77,72.28,16.84,15.0,49.27,68.93,40.07,15.59,9.97,14.05,11.16,58.22,21.4,8.68,10.14,77.9,39.43,13.24,11.29,33.81,48.77,11.09,37.54,,71.28,12.44,7.23,19.07,15.1,25.95,14.06,6.14,11.98,49.61,49.59,11.35,26.8,78.69,60.63,18.18,,28.06
2023-04-12 07:00:00,12.56,76.41,32.21,43.36,9.59,45.37,11.62,31.72,18.11,46.95,72.36,16.87,15.23,49.27,68.86,40.07,15.69,10.02,14.02,10.98,58.22,22.42,8.68,10.11,79.5,39.48,14.03,11.83,33.86,48.33,11.3,38.09,,69.65,12.29,7.51,19.07,14.7,26.1,14.2,6.12,11.98,49.67,49.69,11.46,26.55,76.69,60.55,17.88,,27.72
2023-04-13 07:00:00,12.61,76.22,32.61,43.01,9.82,45.27,11.93,30.46,18.05,49.3,72.36,17.06,15.27,48.84,69.0,41.21,15.31,10.05,13.82,10.66,58.42,22.34,8.62,10.03,79.2,39.77,13.52,11.71,34.04,47.77,11.13,37.65,,69.04,11.98,7.41,19.07,14.53,26.45,13.97,6.06,12.03,49.61,48.63,11.38,26.5,76.38,59.89,17.83,,27.43
2023-04-14 07:00:00,12.61,75.74,32.24,43.15,9.42,44.9,11.55,30.36,17.86,49.02,73.38,16.65,15.39,48.84,67.69,40.68,14.68,9.94,13.95,10.84,58.89,21.48,8.65,9.9,78.1,38.75,13.24,11.2,33.4,48.15,10.84,37.11,,68.03,11.74,7.29,19.04,14.17,25.7,13.37,5.83,12.03,49.73,48.15,11.19,26.45,75.76,59.32,17.75,,27.62
2023-04-17 07:00:00,12.63,75.84,32.64,43.08,9.48,44.15,11.39,31.78,17.92,48.12,73.14,16.6,15.39,48.84,67.07,40.83,14.78,9.84,14.09,11.02,58.98,21.93,8.35,9.87,78.1,38.6,13.8,11.62,33.03,48.46,11.05,37.0,,66.8,11.9,7.26,19.07,14.27,25.9,13.63,5.84,11.92,49.73,48.44,11.11,26.45,76.61,58.43,17.7,,27.33
2023-04-18 07:00:00,12.5,75.94,32.35,43.01,9.53,43.96,11.55,33.97,17.86,48.75,73.14,16.65,15.2,48.72,66.79,40.07,14.87,9.87,14.15,11.09,58.98,21.78,8.18,9.82,78.2,38.7,13.84,11.62,33.67,48.52,11.17,37.11,,67.54,12.33,7.08,19.01,14.53,25.9,13.49,5.87,11.82,49.5,48.92,11.11,26.4,76.15,59.49,17.53,,27.52
2023-04-19 07:00:00,12.33,75.65,32.21,45.99,9.36,43.17,11.28,35.09,17.62,48.75,72.2,16.65,15.55,48.66,65.96,39.85,14.44,9.72,14.05,10.8,58.98,21.37,8.0,9.79,78.7,39.23,13.56,11.45,33.31,48.4,10.92,36.89,,69.41,11.98,6.98,18.95,14.23,25.5,13.42,5.8,11.59,49.78,48.53,11.0,26.3,77.0,58.67,17.05,,27.33
2023-04-20 07:00:00,12.25,75.84,32.35,47.99,9.25,43.96,11.24,35.29,17.65,48.39,72.67,16.55,15.39,48.72,66.24,40.0,14.54,9.79,14.05,10.8,59.36,21.37,8.09,9.82,78.0,39.14,13.42,11.2,33.35,47.96,10.88,36.89,,69.45,11.9,6.98,18.98,14.1,25.7,13.35,5.84,11.61,49.67,48.82,10.98,26.3,76.53,58.59,16.75,,27.33
2023-04-21 07:00:00,12.25,75.55,32.06,51.17,9.07,43.82,11.08,36.42,17.56,46.95,77.7,16.36,15.0,48.66,65.83,40.0,14.49,9.59,13.98,10.56,59.84,21.33,7.97,9.76,76.4,38.07,12.68,10.87,33.63,47.77,10.59,36.4,,69.45,12.72,6.83,18.92,14.47,25.6,13.28,5.83,11.69,49.22,48.44,10.84,26.35,75.0,57.78,16.84,,26.94
2023-04-24 07:00:00,12.23,75.55,31.7,51.17,9.07,43.4,11.08,38.94,17.74,46.32,81.86,16.09,14.88,48.53,64.24,39.62,14.68,9.56,13.95,10.31,59.84,21.22,7.83,9.87,73.3,37.2,13.1,11.04,33.63,47.46,10.76,35.74,,69.69,13.07,6.77,18.92,14.37,25.55,13.65,5.87,11.85,49.44,48.63,10.92,26.3,74.92,57.45,16.88,,27.19
2023-04-25 07:00:00,12.2,75.17,31.59,50.0,9.13,42.65,11.0,38.4,17.5,46.5,80.92,16.07,14.65,48.1,63.48,39.92,14.49,9.36,14.22,10.56,59.84,21.29,7.65,9.87,71.3,36.52,12.82,10.83,33.31,46.84,10.59,35.47,,69.65,13.57,6.71,18.77,14.1,25.05,13.42,5.86,11.79,49.67,48.34,10.76,26.25,73.76,56.96,16.71,,26.75
2023-04-26 07:00:00,12.2,75.17,31.99,53.45,9.3,42.89,10.97,38.74,17.43,46.41,82.96,15.77,14.73,48.04,64.45,40.07,14.73,9.64,14.86,11.09,60.32,21.25,8.18,9.92,71.4,37.2,13.0,10.95,33.76,46.91,10.59,34.98,,69.65,13.38,6.8,18.49,14.27,25.4,13.88,5.88,11.92,50.29,46.22,11.0,25.95,73.23,57.86,16.75,,26.56
2023-04-27 07:00:00,12.2,74.98,31.84,54.35,9.25,41.95,11.0,39.27,17.4,46.59,82.96,16.33,14.88,48.04,63.62,40.75,14.83,9.69,14.66,10.8,60.32,21.59,8.3,9.95,72.3,37.44,13.14,11.5,34.27,46.97,10.63,35.14,,70.88,13.18,6.8,18.61,14.13,25.15,13.83,6.04,11.95,50.63,45.74,10.9,25.25,73.15,56.63,16.8,,26.08
2023-04-28 07:00:00,12.23,75.17,31.55,53.52,9.3,42.0,11.2,39.07,17.71,46.5,83.12,16.31,14.73,47.55,64.03,39.77,14.92,9.59,14.63,10.94,60.7,22.38,8.18,9.98,73.1,37.97,13.33,11.83,34.27,47.77,10.84,36.29,,70.06,13.22,6.89,19.44,14.4,25.3,13.65,6.21,12.34,50.91,47.67,11.03,26.05,74.61,57.04,17.23,,26.75
2023-05-04 07:00:00,12.48,74.6,31.74,56.98,9.19,42.33,11.28,37.54,17.34,46.04,88.85,15.92,14.61,48.17,63.48,38.33,15.07,9.59,14.39,10.94,61.08,22.87,7.97,9.84,70.6,36.72,12.63,11.45,34.27,47.22,10.76,36.45,,67.86,12.41,6.8,19.13,14.53,25.15,13.44,6.3,12.23,49.78,47.67,10.87,25.65,73.46,55.9,16.92,,26.32
2023-05-05 07:00:00,12.45,74.41,31.52,56.36,9.19,42.93,11.08,39.46,17.1,46.41,91.13,15.87,14.69,48.1,63.41,37.8,14.87,9.72,14.49,10.98,61.26,22.68,8.0,9.79,73.0,36.62,12.63,11.29,34.59,47.28,10.8,36.13,,67.41,12.87,6.74,19.13,14.33,24.95,13.28,6.21,12.11,50.51,47.18,10.84,25.35,73.84,56.06,16.84,,26.22
2023-05-08 07:00:00,12.61,74.6,32.42,56.43,9.48,43.03,11.31,39.07,17.13,46.68,90.35,15.99,14.77,48.17,64.24,38.18,15.55,9.79,14.59,11.02,61.55,22.49,7.97,9.87,74.1,36.67,12.07,11.33,34.59,47.09,11.01,36.45,,67.82,12.91,6.89,19.19,14.9,25.65,13.6,6.46,12.05,52.31,47.57,10.95,25.45,74.07,57.37,16.84,,26.51
2023-05-09 07:00:00,12.58,74.22,32.71,55.94,9.48,43.03,11.35,38.34,17.19,46.68,89.48,16.02,14.88,48.41,64.93,38.33,15.5,9.72,14.73,11.26,61.55,22.16,8.18,9.9,73.6,36.76,12.12,11.25,34.77,46.91,11.05,36.29,,67.25,12.72,6.89,19.19,14.87,25.75,13.56,6.37,12.21,51.92,47.47,10.9,25.3,73.38,57.61,16.84,,26.46
2023-05-10 07:00:00,12.58,74.12,32.64,56.98,9.48,42.98,11.7,38.4,17.34,46.22,88.35,15.99,15.23,48.47,64.31,38.11,16.17,9.77,14.66,11.26,61.36,22.38,8.21,10.01,73.6,37.78,12.4,11.5,34.54,46.66,11.09,36.24,,67.29,12.76,7.14,19.1,15.04,26.35,13.56,6.55,12.31,51.75,47.52,11.11,25.3,74.46,57.45,16.92,,26.85
2023-05-11 07:00:00,12.58,74.03,32.64,57.26,9.53,42.75,11.74,41.05,17.4,47.13,89.16,16.21,15.08,48.53,63.62,37.43,16.03,9.79,14.69,11.37,61.55,22.49,8.09,10.01,73.8,37.49,12.86,11.66,34.54,46.53,11.01,36.29,,67.01,12.8,7.08,18.98,14.97,26.4,13.46,6.52,12.23,51.19,47.33,11.06,25.25,74.38,57.04,17.14,,27.09
2023-05-12 07:00:00,12.63,74.03,32.64,56.84,9.53,43.03,11.7,42.78,17.43,46.77,87.78,16.16,15.08,49.39,63.82,37.12,16.12,9.89,15.1,11.51,61.46,22.76,8.12,10.09,74.4,37.78,12.77,11.66,34.36,46.53,11.09,36.07,,66.76,12.76,7.14,18.86,15.54,26.8,13.56,6.53,12.21,52.2,49.3,11.03,25.85,74.76,56.72,17.1,,27.19
2023-05-15 07:00:00,12.63,73.93,32.57,57.33,9.59,42.56,11.74,41.85,17.25,46.5,88.92,16.07,15.12,49.7,63.62,37.77,15.5,9.89,14.93,11.23,61.64,22.38,8.09,10.19,74.1,37.68,12.58,11.54,34.59,46.66,11.01,36.62,,66.84,12.68,7.08,18.74,15.3,27.0,13.83,6.42,12.39,51.58,49.78,11.22,27.2,74.84,56.23,17.14,,27.43
2023-05-16 07:00:00,12.63,73.93,32.64,60.09,9.65,42.37,11.62,41.98,17.16,46.22,89.24,15.87,15.04,50.01,63.76,37.88,15.35,9.94,14.86,11.16,61.64,22.12,8.12,10.17,73.3,37.25,12.72,11.37,34.82,46.22,11.17,36.84,,66.4,12.6,7.14,18.46,15.3,27.4,13.79,6.43,12.36,52.09,50.27,11.25,26.45,75.0,56.8,16.97,,27.43
2023-05-17 07:00:00,12.58,74.03,32.5,58.78,9.42,42.14,11.43,42.38,16.88,45.86,89.08,16.02,14.69,50.01,63.41,37.73,15.21,9.99,14.73,10.94,61.55,21.4,8.06,9.98,73.1,36.96,12.4,11.2,34.31,46.28,11.01,36.4,,66.19,12.76,7.2,18.28,15.0,27.0,13.53,6.86,12.05,52.2,51.42,11.19,26.6,75.61,56.23,16.62,,26.94
2023-05-18 07:00:00,12.63,74.98,32.39,58.78,9.42,41.9,11.43,42.38,17.04,45.5,89.97,15.92,14.81,50.87,64.17,38.64,15.21,9.89,14.83,10.91,61.55,22.01,8.18,10.06,73.2,36.91,12.4,11.04,34.27,45.6,11.09,36.4,,66.11,12.56,7.14,18.28,15.24,27.2,13.67,6.74,12.13,53.44,52.96,11.54,26.6,76.46,56.39,16.66,,27.14
2023-05-19 07:00:00,12.61,74.41,32.21,55.68,9.59,41.44,11.66,41.91,17.19,45.32,89.24,15.6,14.85,50.8,65.48,38.11,15.59,9.89,14.73,10.98,61.46,22.12,8.18,10.09,72.4,37.1,12.3,11.16,34.4,44.98,11.17,36.84,,65.46,12.52,7.26,18.22,15.3,27.85,13.72,6.66,12.16,52.99,52.1,11.52,26.25,75.92,55.9,16.71,,27.04
2023-05-22 07:00:00,12.66,74.31,32.21,56.34,9.65,40.97,12.48,41.98,17.16,45.5,89.64,15.19,15.27,50.62,65.34,37.58,15.83,9.92,14.8,11.4,61.26,22.23,8.3,10.19,72.0,37.35,12.44,11.2,34.54,44.73,11.26,38.03,,65.46,12.64,7.38,18.34,15.3,28.15,14.11,6.85,12.34,52.37,52.1,11.62,26.05,76.3,55.58,17.05,,26.94
2023-05-23 07:00:00,12.81,73.26,31.81,55.98,9.65,41.72,12.59,43.7,17.13,46.41,89.97,15.46,15.31,50.31,64.31,37.5,15.74,9.94,14.66,11.26,61.17,21.93,8.21,10.14,70.4,37.05,12.3,11.37,34.31,44.8,11.3,39.29,,64.77,12.76,7.35,18.25,15.27,27.95,14.04,6.77,12.29,52.2,51.71,11.46,26.3,75.92,54.6,16.92,,26.75
2023-05-24 07:00:00,12.71,73.55,31.55,54.8,9.53,41.58,12.9,42.91,17.04,45.86,89.89,15.19,15.2,49.88,63.82,37.96,15.45,9.94,14.39,11.02,60.98,21.97,8.12,10.06,71.8,36.76,12.35,11.41,34.13,44.36,11.17,38.66,,64.56,12.6,7.29,18.19,15.17,27.4,13.79,6.79,12.18,52.09,52.48,11.3,26.3,75.69,54.03,16.8,,26.7
2023-05-25 07:00:00,12.68,73.93,31.74,57.82,9.59,41.25,12.98,42.38,16.94,45.77,92.48,15.14,15.08,51.05,65.34,37.65,16.07,9.94,14.32,10.94,60.88,22.08,8.15,9.98,72.0,36.81,12.3,11.33,34.18,44.18,11.13,38.28,,64.36,12.52,7.23,18.19,15.04,27.0,13.79,6.73,12.13,52.43,52.96,11.25,26.3,75.38,54.68,16.62,,26.75
2023-05-26 07:00:00,12.63,73.93,31.48,57.23,9.94,40.74,13.41,42.38,17.07,45.41,90.78,15.29,15.23,50.99,64.65,37.5,16.51,9.94,14.26,10.84,60.88,22.38,8.27,9.98,72.0,37.01,12.07,11.2,34.45,44.67,11.26,38.6,,63.34,12.29,7.11,18.28,15.07,27.2,13.83,6.97,12.26,51.75,52.96,11.33,26.0,75.46,54.68,16.58,,26.75
2023-05-29 07:00:00,12.71,74.31,31.84,57.75,9.94,41.11,13.6,42.18,17.19,46.5,88.35,15.22,15.78,50.99,64.72,37.65,17.47,10.1,14.49,11.09,60.79,22.49,8.41,10.14,71.6,37.49,12.16,11.45,34.68,44.3,11.26,38.6,,63.26,12.52,7.2,18.37,15.64,27.7,13.97,7.12,12.6,52.37,53.44,11.46,26.35,76.53,54.68,16.75,,26.75
2023-05-30 07:00:00,12.73,74.5,31.77,58.26,10.05,40.97,13.6,43.37,17.22,48.57,90.94,15.53,15.94,51.54,64.1,37.88,17.66,10.1,14.42,11.19,60.7,22.61,8.47,10.14,72.8,38.17,12.44,12.12,34.68,44.11,11.3,38.41,,63.54,12.8,7.23,18.37,15.6,27.7,13.97,7.05,12.49,53.16,52.87,11.46,26.2,75.76,54.19,16.84,,26.75
2023-05-31 07:00:00,12.83,74.5,31.92,58.85,9.82,40.69,13.64,42.38,17.19,48.39,89.24,15.48,15.82,51.6,64.03,37.88,17.47,9.89,14.32,10.87,60.79,22.31,8.47,10.06,72.0,37.97,12.58,12.21,34.31,43.99,11.3,38.6,,64.36,12.87,7.23,18.46,15.47,27.7,13.86,7.25,12.96,52.88,51.52,11.52,26.0,75.0,53.86,16.71,,26.17
2023-06-01 07:00:00,12.95,74.22,31.84,57.89,9.82,40.83,13.56,42.38,17.16,49.3,91.59,15.34,16.25,51.23,63.48,38.56,18.04,10.0,14.46,10.73,60.79,22.08,8.59,10.17,71.8,38.07,12.96,12.46,34.27,43.62,11.3,38.47,,64.44,12.87,7.23,18.58,15.67,28.0,14.02,7.15,13.56,52.82,51.04,11.6,26.0,75.0,53.86,16.8,,25.93
2023-06-02 07:00:00,13.2,74.5,32.42,56.05,9.94,41.25,14.1,42.11,17.59,50.83,90.78,15.65,16.52,51.42,63.48,38.86,18.14,10.24,14.59,10.94,60.88,22.08,8.76,10.65,72.3,39.52,12.91,12.5,35.0,45.29,11.3,38.53,,64.36,12.72,7.41,19.04,16.1,28.3,14.9,6.98,13.63,53.38,51.42,12.4,26.0,74.46,53.7,17.18,,26.17
2023-06-05 07:00:00,13.17,74.31,32.42,55.16,10.17,41.62,13.79,42.91,17.65,53.36,89.4,16.07,16.09,52.15,64.86,39.32,17.61,10.24,14.63,11.19,61.26,22.42,8.94,10.71,74.1,39.91,12.58,12.29,35.78,45.73,11.54,39.22,,64.93,12.95,7.6,19.16,16.1,28.05,14.76,7.01,13.53,55.13,51.71,12.48,26.05,74.46,54.19,17.1,,26.17
2023-06-06 07:00:00,13.2,74.41,32.5,57.82,10.17,42.04,13.95,44.03,17.62,53.99,90.94,15.92,16.33,52.34,65.62,39.32,17.99,10.32,14.69,11.37,61.55,22.38,8.97,11.06,73.6,40.49,12.68,12.5,35.59,45.17,11.42,39.6,,65.17,12.99,7.69,19.19,16.8,28.3,15.13,7.15,13.38,55.69,52.96,12.7,26.6,75.15,54.11,17.18,,26.41
2023-06-07 07:00:00,13.23,76.03,32.17,57.97,10.17,41.76,14.1,43.44,17.74,54.53,90.94,16.11,16.72,52.15,65.2,38.56,17.8,10.21,15.27,11.83,61.55,22.87,8.76,11.01,75.5,40.49,13.56,13.34,35.59,45.04,11.38,39.6,,65.09,13.07,7.57,19.22,16.77,28.35,15.08,7.28,13.61,54.56,53.25,12.7,26.4,74.3,53.94,17.23,,26.32
2023-06-08 07:00:00,13.08,75.74,31.7,60.92,10.0,41.25,13.6,43.37,17.53,53.27,95.64,15.97,16.21,51.3,64.58,37.8,17.27,10.05,15.4,11.54,61.55,22.83,8.56,10.82,74.4,39.38,13.24,13.63,35.04,44.8,11.42,38.91,,65.09,12.76,7.51,19.1,16.24,27.6,14.69,7.15,13.27,56.25,53.35,12.3,26.2,74.76,53.38,16.88,,25.98
2023-06-09 07:00:00,13.04,76.41,31.52,65.12,10.05,40.97,13.64,44.03,17.4,56.97,102.29,16.16,16.13,51.91,64.65,38.86,17.32,9.94,15.47,11.69,61.55,22.87,8.85,10.95,76.5,40.11,13.61,14.13,34.77,45.05,11.38,38.85,,64.97,13.3,7.48,19.07,16.87,28.1,14.99,7.12,13.45,56.53,53.44,12.59,26.15,73.84,53.62,16.88,,25.79
2023-06-12 07:00:00,12.98,78.32,31.66,66.3,9.94,41.62,13.41,46.22,17.43,58.23,102.86,16.21,16.64,52.09,64.79,39.01,17.42,9.89,15.5,11.65,61.64,22.94,8.88,11.01,78.4,41.66,13.61,14.8,34.72,45.36,11.5,38.97,,66.61,13.18,7.51,19.19,16.94,28.2,15.13,7.09,13.27,56.81,53.35,12.64,26.7,74.15,55.33,16.97,,25.79
2023-06-13 07:00:00,13.08,77.75,32.17,67.85,10.0,42.09,13.6,45.03,17.37,56.61,101.96,16.16,16.75,51.79,64.86,38.56,17.66,10.0,15.81,12.14,61.64,23.02,8.73,10.98,78.8,41.66,14.54,14.8,34.82,45.86,11.46,39.41,,66.53,13.11,7.54,19.16,16.94,28.2,15.18,7.19,13.09,57.66,54.6,12.59,27.05,74.23,55.09,16.88,,26.17
2023-06-14 07:00:00,13.11,77.18,31.92,64.9,9.94,41.72,13.21,43.57,17.62,55.52,100.51,16.02,16.44,51.66,65.27,38.18,17.18,10.02,15.61,11.86,61.46,23.17,8.68,10.95,78.0,40.74,14.17,14.17,34.82,45.55,11.38,39.1,,66.61,13.14,7.72,19.16,16.97,27.8,15.08,7.09,13.09,57.71,54.89,12.54,26.9,74.69,54.68,17.1,,26.22
2023-06-15 07:00:00,13.14,76.41,31.81,66.23,10.11,41.53,13.48,43.83,17.8,56.43,101.88,15.82,16.17,51.6,66.65,38.11,17.32,10.02,15.64,11.69,61.36,23.02,8.56,10.92,77.1,40.4,14.21,14.46,35.04,45.86,11.21,38.78,,65.38,13.14,7.66,19.16,17.17,27.8,15.11,6.98,13.09,58.22,54.41,12.46,26.75,74.69,54.03,17.05,,25.93
2023-06-16 07:00:00,13.2,77.56,31.7,65.93,10.0,41.2,13.52,43.5,17.5,55.43,100.51,15.82,16.21,51.85,65.89,38.26,17.08,10.0,15.84,11.65,61.26,23.06,8.62,10.92,76.6,40.06,13.89,14.09,34.04,45.55,11.17,39.16,,63.74,12.83,7.75,19.13,17.44,29.0,15.06,6.9,13.13,59.06,53.93,12.43,26.75,73.46,53.86,16.92,,25.59
2023-06-19 07:00:00,13.11,77.37,31.41,63.94,9.94,40.88,13.41,42.51,17.56,55.25,100.51,15.87,15.98,51.97,65.69,37.96,17.18,9.86,15.78,11.47,61.17,22.83,8.59,10.84,74.5,40.2,13.05,13.5,34.04,45.23,11.21,39.72,,64.47,13.07,7.88,19.13,17.64,28.75,14.85,6.86,13.2,57.21,52.96,12.43,26.05,73.53,53.62,16.84,,25.64
2023-06-20 07:00:00,13.11,78.32,31.55,64.97,10.11,41.16,14.34,43.04,17.92,56.79,102.94,15.99,16.17,52.46,66.58,38.56,18.04,10.05,15.98,11.72,60.88,22.98,8.68,10.9,75.2,41.17,13.52,14.38,34.04,45.23,11.26,39.85,,63.86,13.37,7.81,19.16,17.85,29.25,14.88,6.99,13.16,56.19,53.06,12.54,26.0,73.15,53.38,16.88,,25.74
2023-06-21 07:00:00,13.14,78.42,31.48,65.12,10.17,41.3,14.57,44.83,17.9,57.51,99.7,16.11,16.25,52.64,66.1,39.16,18.71,10.02,16.62,12.11,60.7,22.98,8.79,11.01,76.1,41.37,13.52,14.46,34.31,45.55,11.3,39.72,,63.74,13.45,7.81,19.32,18.06,29.4,15.04,7.12,13.27,56.25,52.58,12.54,26.2,72.3,54.03,17.01,,25.88
2023-06-22 07:00:00,13.11,77.66,31.88,64.16,10.34,41.3,14.76,44.83,18.08,59.59,99.37,16.67,16.44,52.46,65.96,39.16,18.57,10.05,16.79,12.29,60.6,23.54,8.88,11.03,76.3,41.7,13.66,14.51,34.45,46.61,11.38,39.66,,63.65,13.54,7.81,19.41,18.13,30.0,15.08,7.22,13.27,56.48,53.64,12.76,26.2,72.46,54.52,16.97,,26.08
2023-06-23 07:00:00,13.26,76.99,32.13,65.71,10.11,42.18,14.61,46.35,17.96,58.96,100.26,16.67,16.44,52.22,65.69,39.85,18.23,10.02,17.16,12.25,60.32,23.77,8.97,11.2,77.3,41.56,13.52,14.34,34.31,47.42,11.34,39.47,,64.35,13.45,7.88,19.84,18.06,30.3,15.22,7.19,13.34,56.19,53.93,12.89,26.0,72.84,56.31,17.49,,25.93
2023-06-26 07:00:00,13.47,77.66,32.13,68.96,10.11,42.33,14.72,45.56,17.96,58.59,104.56,17.04,16.44,52.64,66.24,39.7,18.81,10.1,17.02,12.32,59.84,23.62,8.94,11.2,77.7,42.96,13.89,14.42,34.36,47.8,11.3,39.22,,64.15,13.28,7.84,19.84,17.92,29.6,15.41,7.13,13.31,56.25,53.44,12.89,26.1,72.92,57.53,17.53,,25.79
2023-06-27 07:00:00,13.44,77.37,32.13,68.07,10.11,42.37,14.65,45.56,18.02,59.14,108.04,17.04,16.17,53.56,66.45,40.0,18.81,10.05,17.43,12.29,59.94,23.66,8.91,11.15,77.7,42.82,13.98,14.21,34.91,47.24,11.26,39.41,,63.49,13.28,7.81,19.88,18.47,29.6,15.24,7.09,13.27,56.25,53.83,12.8,26.2,73.23,57.45,17.4,,26.51
2023-06-28 07:00:00,13.5,76.41,32.9,67.78,10.11,42.23,14.26,45.89,18.42,59.04,106.83,17.28,16.21,53.38,65.83,39.85,18.52,10.08,17.97,12.22,59.74,23.62,8.94,11.48,77.0,42.53,14.54,14.21,34.86,46.8,11.42,40.92,,63.61,13.32,7.9,19.95,18.44,29.9,15.41,7.18,13.31,56.87,53.35,12.83,26.1,73.0,57.53,17.53,,26.36
2023-06-29 07:00:00,13.26,75.65,32.28,65.64,10.05,41.44,14.14,45.42,18.36,56.88,104.15,16.91,16.36,53.07,65.27,39.09,18.28,9.86,17.43,11.92,59.65,23.09,8.85,11.26,75.4,41.37,13.98,13.8,34.31,46.92,11.21,40.04,,63.32,13.24,7.75,19.84,17.68,29.55,15.11,7.06,13.06,57.32,52.96,12.76,25.9,72.38,58.59,17.23,,26.08
2023-06-30 07:00:00,13.35,75.65,31.45,68.14,10.0,41.25,14.1,45.62,18.11,57.6,104.15,16.87,16.56,52.77,64.17,39.24,18.62,10.0,17.67,11.96,59.46,23.13,8.85,11.2,75.2,41.95,13.84,14.05,34.18,46.92,11.09,40.92,,63.16,12.98,7.69,19.77,17.92,29.8,14.97,7.05,12.98,56.25,52.96,12.7,25.5,72.54,57.86,17.18,,25.88
2023-07-03 07:00:00,13.35,77.27,32.28,68.14,10.05,41.62,14.34,46.35,17.96,57.6,108.45,17.3,16.05,53.01,64.86,39.77,19.34,9.92,17.7,11.92,59.46,22.83,8.94,11.2,75.4,41.66,13.56,13.96,34.45,46.3,11.01,40.92,,63.2,13.24,7.97,19.77,17.85,29.7,14.8,7.06,13.09,56.25,53.83,12.7,25.55,72.61,57.61,17.18,,26.08
2023-07-04 07:00:00,13.32,77.18,31.92,67.56,10.23,42.14,14.57,46.35,18.08,58.5,105.37,17.16,15.82,53.38,65.62,40.45,19.48,9.97,17.74,12.07,59.46,22.83,9.02,11.28,75.6,41.9,13.84,14.21,36.46,46.3,11.09,41.04,,63.16,13.28,8.15,19.81,18.4,29.85,14.8,7.16,13.09,56.25,54.41,12.7,25.65,72.38,57.53,17.18,,26.27
2023-07-05 07:00:00,13.29,76.51,32.17,67.48,10.17,41.9,14.38,46.15,18.14,60.13,107.48,17.28,15.74,53.38,65.07,40.68,19.29,9.92,18.21,12.14,59.46,23.09,9.08,11.31,75.8,42.0,13.7,14.51,36.88,46.11,11.17,41.17,,63.24,13.5,8.09,19.95,18.2,29.9,14.78,7.19,13.06,57.38,54.02,12.86,25.5,72.54,56.88,17.27,,26.56
2023-07-06 07:00:00,13.14,76.22,31.88,68.07,10.05,42.09,13.79,46.02,18.02,60.94,106.1,17.01,15.55,53.24,65.69,40.45,19.86,9.78,18.24,11.92,59.36,22.68,9.05,11.2,76.0,41.85,13.42,14.13,36.88,45.42,10.97,40.85,,63.08,13.37,8.03,20.9,18.27,29.1,14.6,7.44,13.13,56.64,52.48,12.67,25.2,72.54,57.45,16.92,,26.03
2023-07-07 07:00:00,13.14,76.51,32.13,69.32,10.11,42.33,14.07,49.0,18.17,61.21,109.34,17.23,15.78,53.74,66.24,42.19,20.39,9.86,18.55,12.51,59.46,22.68,9.4,11.34,75.2,44.08,13.52,14.46,36.88,44.92,10.84,40.92,,62.09,13.37,8.3,20.94,18.37,29.6,14.6,7.37,13.02,59.06,52.0,12.8,25.05,72.15,57.78,17.18,,26.08
2023-07-10 07:00:00,13.29,76.89,34.06,69.32,10.46,42.65,14.22,49.66,18.23,61.21,109.42,17.67,15.86,53.74,67.27,42.11,20.39,9.86,18.71,12.69,59.46,22.76,9.52,11.51,77.9,46.26,13.89,15.47,38.25,46.11,10.92,41.23,,61.8,13.54,8.3,21.01,19.1,29.85,14.8,7.45,13.13,57.77,51.81,13.12,25.45,72.46,58.75,17.36,,26.03
2023-07-11 07:00:00,13.32,77.37,33.77,68.66,10.4,42.56,14.34,51.18,18.6,60.13,108.61,17.72,15.86,53.52,67.07,42.87,20.63,10.0,18.44,12.69,59.46,22.83,9.46,11.76,79.2,47.27,13.7,15.38,37.74,46.61,10.97,41.36,,61.68,13.54,8.37,21.12,19.48,30.0,14.78,7.54,13.2,57.94,51.9,13.12,25.4,72.46,59.32,17.23,,26.36
2023-07-12 07:00:00,13.23,77.08,33.88,68.66,10.52,43.82,14.41,51.65,18.42,61.12,107.4,17.93,15.86,53.74,66.58,43.17,20.73,9.97,18.24,12.69,59.18,22.94,9.17,11.64,79.5,47.61,13.61,15.97,37.97,46.17,10.97,40.79,,62.09,14.48,8.46,20.98,19.41,29.8,14.64,7.43,13.09,58.5,53.06,12.99,25.7,72.23,59.89,17.01,,27.14
2023-07-13 07:00:00,13.32,77.37,34.02,69.99,10.63,43.96,14.61,51.45,18.42,64.28,107.07,18.01,15.78,54.1,68.52,43.25,20.78,10.0,18.27,12.72,59.56,23.81,9.35,11.7,81.8,47.81,13.94,16.05,37.88,48.8,11.05,41.42,,63.12,14.57,8.49,21.16,19.72,30.0,14.78,7.45,13.16,59.01,54.22,13.05,25.75,73.0,59.57,17.27,,27.19
2023-07-14 07:00:00,13.32,77.27,33.91,70.06,10.52,43.78,15.23,52.97,18.36,64.64,105.37,17.91,15.82,55.88,68.31,43.1,20.73,10.16,18.58,12.91,59.46,23.66,9.14,11.89,81.8,47.9,14.12,15.8,37.42,49.11,11.01,41.42,,63.24,14.48,8.43,21.2,19.79,29.0,14.78,7.52,13.09,59.06,54.31,13.09,25.7,75.3,59.73,17.23,,27.04
2023-07-17 07:00:00,13.32,76.41,33.51,70.06,10.57,44.24,15.11,51.65,18.23,64.46,102.94,17.79,16.36,56.38,68.31,43.02,21.11,10.16,18.44,12.83,59.36,24.41,9.35,11.86,80.7,47.13,14.31,16.3,37.47,50.24,11.05,40.98,,63.12,14.27,8.43,21.27,20.0,28.0,14.76,7.62,13.16,58.95,56.82,13.18,26.45,74.84,58.92,17.7,,27.67
2023-07-18 07:00:00,13.32,76.22,33.88,70.06,10.52,44.01,14.92,51.98,18.32,63.92,105.21,17.98,16.17,56.16,68.86,43.63,20.97,10.16,18.38,12.54,59.36,24.45,9.43,11.86,80.5,46.55,14.03,16.09,37.1,49.86,11.17,40.98,,62.95,14.27,8.7,21.42,19.83,28.45,14.94,7.53,13.67,58.67,56.62,13.28,26.35,74.07,59.0,18.14,,27.33
2023-07-19 07:00:00,13.32,76.51,33.55,74.93,10.34,43.87,14.96,51.45,18.36,64.1,112.5,17.81,15.94,56.02,68.24,43.25,20.82,10.41,18.51,12.62,60.32,24.18,9.52,11.73,80.8,46.98,13.7,15.72,36.69,49.18,11.01,40.79,,62.83,14.4,8.67,21.42,19.79,28.25,14.94,7.33,13.49,59.91,56.33,13.28,26.05,74.38,59.16,17.88,,26.99
2023-07-20 07:00:00,13.32,76.7,33.55,75.74,10.46,43.78,15.11,52.31,18.2,65.82,113.15,17.81,15.43,57.31,68.1,43.25,20.63,10.5,19.05,12.76,60.79,24.11,9.49,11.76,79.5,47.57,13.8,16.26,36.33,49.36,11.01,40.54,,63.0,14.65,8.83,21.42,19.45,27.85,14.76,7.37,13.56,59.06,55.56,13.25,26.0,75.23,59.16,18.18,,27.09
2023-07-21 07:00:00,13.38,76.03,33.91,74.34,10.52,44.43,15.65,52.44,18.23,65.91,105.29,18.15,15.66,57.81,68.59,43.48,21.11,10.62,19.19,13.23,61.26,24.67,9.49,11.89,83.0,50.86,14.12,17.39,37.06,50.05,10.97,41.04,,62.95,14.7,8.86,21.42,19.97,28.75,14.94,7.45,13.52,59.06,56.82,13.28,26.05,75.38,59.89,18.53,,27.43
2023-07-24 07:00:00,13.35,75.65,33.95,75.22,10.69,44.2,15.69,48.8,18.32,65.28,101.07,18.15,15.66,57.81,67.96,44.46,21.3,10.65,19.09,13.3,61.26,25.72,9.55,11.95,84.0,52.8,15.1,17.85,36.88,49.61,11.01,40.67,,63.74,14.65,9.15,21.49,19.93,28.7,15.01,7.59,13.45,58.84,56.91,13.57,26.0,74.46,59.98,18.92,,27.43
2023-07-25 07:00:00,13.5,74.5,34.2,75.96,10.63,43.87,15.46,49.0,18.36,65.28,100.59,18.37,15.82,58.02,68.17,44.16,20.92,10.62,19.09,13.3,60.98,25.65,9.64,11.99,83.4,51.92,15.1,17.85,36.88,50.36,10.97,40.98,,64.97,14.44,9.15,21.56,20.0,28.5,15.5,7.61,13.7,60.9,56.43,13.54,25.75,74.69,60.71,18.92,,28.01
2023-07-26 07:00:00,13.5,74.89,34.35,75.22,10.57,43.63,15.58,48.2,18.29,65.0,101.32,18.42,15.7,59.02,67.76,43.02,20.73,10.62,19.19,13.6,60.79,26.29,9.55,11.95,84.6,50.96,16.03,18.02,37.06,51.18,11.21,42.61,,66.45,14.52,9.15,21.64,20.14,28.3,15.48,7.85,13.56,62.03,56.82,13.44,25.5,74.23,61.12,18.92,,27.91
2023-07-27 07:00:00,13.41,74.98,33.88,73.01,10.63,43.54,15.96,45.56,18.02,64.37,96.53,18.25,15.66,59.73,67.76,43.48,20.82,10.62,19.19,13.63,60.79,26.66,9.64,11.86,84.2,52.91,16.64,18.39,36.51,50.62,11.01,42.11,,65.87,14.48,9.08,21.67,20.45,28.1,15.31,8.16,13.38,61.56,55.37,13.34,25.55,74.53,61.69,18.83,,27.52
2023-07-28 07:00:00,13.44,74.5,33.88,72.28,10.75,43.63,15.85,48.73,18.11,65.55,94.83,18.73,15.94,60.23,68.65,43.63,21.11,10.65,19.12,14.03,60.79,27.6,9.52,11.92,86.1,53.3,17.1,18.27,36.65,51.68,11.21,42.67,,64.56,14.48,9.15,21.71,20.66,28.65,15.64,8.16,13.49,61.76,56.72,13.41,25.75,75.23,63.07,19.13,,27.81
2023-07-31 07:00:00,13.89,77.37,34.24,72.28,11.33,45.04,16.04,47.61,18.42,65.0,99.7,19.17,16.4,61.09,70.1,44.38,21.45,10.72,19.05,14.0,61.74,28.16,9.55,12.02,87.3,52.52,17.57,18.14,37.97,51.93,11.34,42.05,,64.47,13.62,9.15,21.31,20.59,28.95,15.87,8.64,13.52,60.83,60.67,13.44,27.55,78.46,63.56,19.18,,28.64
2023-08-01 07:00:00,13.83,75.46,34.96,71.39,11.21,44.2,16.04,44.3,18.66,67.17,96.45,19.0,16.72,60.3,69.48,43.17,21.11,10.84,18.58,13.52,61.46,26.96,9.64,12.02,86.7,50.56,16.59,17.43,37.52,50.68,11.13,41.11,,65.13,13.45,9.11,21.89,20.0,28.95,15.73,8.32,13.56,60.56,60.47,13.34,29.45,77.84,61.93,19.0,,28.1
2023-08-02 07:00:00,13.98,74.41,35.62,70.65,11.73,44.76,16.82,41.91,19.06,66.9,97.02,19.0,17.88,59.59,69.28,42.79,21.02,10.75,18.58,13.67,61.46,26.89,9.78,12.05,85.2,50.56,17.1,17.89,37.47,50.99,11.34,40.73,,65.34,13.67,9.19,22.11,20.14,29.1,15.68,8.4,13.63,60.76,59.61,13.38,29.15,77.53,62.01,19.05,,27.91
2023-08-03 07:00:00,14.2,73.93,35.22,66.01,11.61,44.24,16.43,42.38,18.97,66.9,97.51,18.73,17.53,59.73,68.72,42.79,20.92,10.62,18.14,13.6,61.17,26.47,9.9,12.02,86.1,51.54,17.29,17.89,36.69,50.86,11.17,40.73,,66.41,13.54,9.19,22.11,19.79,28.6,15.5,8.48,13.31,60.17,57.87,13.34,29.1,77.69,61.09,18.79,,27.43
2023-08-04 07:00:00,14.77,73.74,35.11,64.83,11.79,44.06,16.7,42.78,19.03,67.26,97.02,19.07,18.55,59.45,69.21,43.85,21.02,10.59,18.48,13.74,61.17,27.04,10.08,12.11,86.3,51.84,18.45,18.77,36.88,50.55,11.26,40.16,,66.0,13.54,9.66,21.2,20.28,28.95,15.55,9.04,13.67,59.83,60.67,13.57,31.1,77.69,61.42,19.22,,27.72
2023-08-07 07:00:00,14.38,73.26,35.43,66.01,11.85,44.9,16.93,42.38,20.01,66.72,96.37,18.93,18.66,60.3,69.62,43.78,21.78,10.72,18.61,13.81,61.74,27.04,10.78,12.34,88.2,52.62,18.83,18.81,37.06,51.43,11.34,40.73,,66.2,13.8,9.77,22.11,20.63,30.05,15.89,9.63,13.92,60.3,60.57,13.83,31.95,78.38,63.02,19.61,,28.59
2023-08-08 07:00:00,14.16,73.26,35.29,68.44,11.79,44.48,16.51,44.23,20.01,67.35,95.56,19.2,18.78,60.09,69.83,44.23,21.69,10.72,18.38,13.6,62.02,26.47,11.1,12.24,89.2,52.42,18.97,18.39,37.42,50.93,11.67,40.73,,66.45,14.1,9.62,22.15,20.21,29.8,15.73,9.71,13.7,60.23,60.47,13.7,33.5,79.23,62.68,19.22,,29.94
2023-08-09 07:00:00,14.04,72.69,34.96,67.41,11.85,44.34,16.27,43.7,19.95,66.81,94.91,18.93,18.86,59.3,69.69,43.55,21.26,10.68,18.78,13.89,62.22,26.66,11.04,12.21,88.0,51.44,18.55,17.98,37.24,50.24,11.5,40.29,,66.2,14.31,9.55,21.93,19.86,31.2,15.73,9.83,13.6,59.9,58.36,13.54,32.9,78.15,61.51,19.09,,29.84
2023-08-10 07:00:00,13.86,70.68,33.73,65.86,12.02,43.96,15.96,45.16,19.43,66.99,94.02,18.95,18.9,58.66,70.38,42.57,20.58,10.62,18.48,13.67,61.84,26.21,10.86,12.05,83.0,50.86,19.2,17.98,37.33,49.43,11.42,39.47,,66.04,14.05,9.4,21.93,19.52,30.55,15.5,9.43,13.34,58.77,58.36,13.34,33.95,77.46,61.51,19.0,,29.02
2023-08-11 07:00:00,13.86,70.78,33.88,64.6,12.02,43.68,16.24,44.63,19.71,66.18,94.02,19.37,18.9,58.52,70.03,41.74,20.25,10.53,18.71,14.43,61.26,27.38,10.86,12.05,84.5,52.13,19.48,18.35,37.2,49.68,11.3,39.66,,65.59,13.75,9.4,22.22,19.55,31.85,15.57,10.07,13.45,60.03,58.64,13.28,36.3,77.76,61.84,19.05,,29.7
2023-08-14 07:00:00,13.95,70.2,34.53,65.56,12.02,43.87,17.36,44.56,19.83,66.27,94.02,19.9,19.48,58.95,69.41,42.11,20.68,10.59,19.02,14.61,60.98,27.41,11.01,12.08,82.2,53.01,19.81,19.06,37.1,49.68,11.38,39.85,,64.97,13.75,9.4,21.74,20.24,31.9,15.64,10.74,13.45,59.1,58.93,13.38,36.65,77.07,61.76,19.0,,29.26
2023-08-15 07:00:00,13.83,69.92,34.09,66.67,11.9,44.15,17.2,44.3,19.89,68.98,97.18,20.14,19.25,59.95,69.28,42.34,20.58,10.53,18.88,14.98,60.12,27.04,11.04,12.08,82.4,52.81,19.34,18.73,36.92,49.43,11.5,39.72,,64.68,13.97,9.4,21.56,19.93,31.5,15.75,10.38,13.7,59.04,59.42,13.31,35.35,78.38,61.26,19.05,,30.23
2023-08-16 07:00:00,13.86,69.63,34.46,65.49,11.67,43.87,17.32,44.36,19.86,68.34,95.08,20.14,19.56,60.73,69.14,42.19,20.49,10.59,18.88,14.83,60.32,26.7,11.07,12.11,81.8,52.62,19.25,19.06,36.83,50.18,11.5,39.6,,64.68,13.75,9.37,21.56,20.04,32.9,16.33,10.42,13.78,59.24,60.57,13.34,37.8,77.53,61.51,19.39,,30.42
2023-08-17 07:00:00,13.74,68.77,34.17,62.98,11.67,43.49,17.05,43.37,20.01,68.25,93.21,19.9,19.25,61.37,69.0,41.74,20.44,10.59,18.98,14.54,59.84,26.66,11.13,12.02,82.1,52.72,19.25,19.1,36.37,50.18,11.59,39.35,,64.02,13.71,9.33,21.49,20.8,32.35,16.06,10.26,13.6,59.37,58.74,13.38,35.95,76.92,61.93,19.18,,29.55
2023-08-18 07:00:00,13.26,64.95,32.06,63.2,10.86,41.34,15.89,40.39,18.85,63.65,93.21,18.95,17.92,61.02,67.34,39.47,19.05,10.01,17.9,13.52,59.56,24.9,10.66,11.54,79.0,49.1,17.94,17.81,34.18,49.11,10.8,37.97,,63.16,12.77,8.71,20.06,19.66,31.3,15.04,9.55,13.06,59.44,54.7,12.63,33.45,75.3,61.68,17.83,,28.1
2023-08-21 07:00:00,13.32,66.29,33.08,63.06,11.09,41.72,15.5,39.2,19.64,63.2,93.21,19.39,17.92,61.3,68.38,40.98,18.52,10.01,17.7,13.41,59.56,25.5,11.33,11.57,78.4,47.92,17.24,17.14,34.31,49.43,10.76,38.28,,62.79,12.6,8.82,19.44,20.04,31.8,15.15,9.43,13.34,59.63,53.93,12.83,32.9,73.84,61.34,18.01,,28.49
2023-08-22 07:00:00,13.35,65.43,33.22,62.69,11.13,42.47,15.81,38.74,19.37,64.1,92.4,19.07,18.35,61.73,69.21,40.83,18.28,10.13,17.67,13.38,59.84,25.57,11.56,11.6,77.7,48.9,17.24,17.31,34.5,49.11,10.59,38.34,,61.68,12.25,8.79,20.61,21.32,32.15,15.31,10.07,13.38,58.7,53.44,12.83,32.25,74.84,61.17,17.83,,28.3
2023-08-23 07:00:00,13.23,64.67,33.15,61.21,11.01,42.56,15.46,39.07,19.21,65.36,92.24,18.47,18.35,61.73,70.31,40.83,18.42,9.94,17.33,13.3,60.12,25.16,11.56,11.48,77.5,48.61,17.43,17.56,34.22,48.49,10.22,38.34,,61.72,12.55,8.71,20.61,21.11,30.9,15.36,10.15,13.34,57.31,52.48,12.76,32.5,74.23,61.84,17.53,,27.76
2023-08-24 07:00:00,13.35,64.0,33.22,61.88,11.13,42.47,15.96,39.4,19.49,67.8,92.32,18.68,18.39,64.98,70.66,41.96,19.0,10.01,17.77,13.63,60.32,25.91,11.78,11.64,80.0,49.2,18.45,18.48,34.59,48.8,10.43,38.6,,63.12,13.41,8.79,20.8,22.22,31.55,15.64,10.3,13.56,57.78,53.35,12.76,32.1,75.0,62.85,17.75,,28.06
2023-08-25 07:00:00,13.29,63.52,32.79,65.12,11.19,42.0,16.04,41.32,19.12,72.05,93.78,18.42,18.7,65.41,69.97,41.81,18.86,10.04,17.53,13.52,60.5,25.95,11.82,11.54,79.7,49.39,18.08,18.48,34.36,48.99,10.34,38.6,,64.23,13.5,8.68,20.61,22.36,31.1,15.57,10.38,13.6,57.24,52.1,12.67,31.75,74.61,63.02,17.49,,27.72
2023-08-28 07:00:00,13.35,66.29,32.93,64.53,11.43,42.0,16.47,41.32,19.12,75.66,94.26,19.02,19.87,67.87,71.21,41.96,19.38,10.07,18.14,13.96,61.36,26.66,11.9,11.6,80.7,50.56,18.64,18.81,34.91,49.74,10.51,39.54,,64.27,13.58,8.79,20.68,22.54,31.65,15.73,10.3,13.7,57.78,52.67,12.8,32.35,75.38,65.55,17.57,,28.73
2023-08-29 07:00:00,13.35,68.1,33.22,66.38,11.61,41.9,16.62,41.38,19.18,74.94,93.37,18.86,19.48,67.58,71.42,42.72,19.82,10.01,18.24,13.89,61.46,26.66,11.94,11.64,80.0,51.74,18.97,20.07,34.82,50.3,10.43,39.41,,65.01,13.88,8.9,20.72,22.47,31.75,15.68,10.66,13.7,58.7,52.58,12.8,31.7,75.0,65.13,18.05,,28.25
2023-08-30 07:00:00,13.59,68.58,33.51,65.78,11.67,42.14,17.24,40.85,19.71,75.57,94.35,18.97,19.72,69.74,70.99,44.38,19.86,10.1,18.38,14.32,61.46,26.92,11.97,11.73,79.6,52.62,18.69,20.23,35.14,50.49,10.51,39.54,,65.71,13.8,8.9,20.54,23.27,32.5,15.73,11.06,14.1,59.17,52.58,12.92,31.0,74.53,65.46,18.01,,28.68
2023-08-31 07:00:00,13.68,68.96,34.06,64.97,11.79,42.28,17.36,41.78,19.92,79.0,95.64,19.39,20.26,69.82,70.49,47.41,20.97,10.41,18.65,14.54,63.54,27.79,12.09,11.8,81.5,52.62,19.06,20.74,35.27,50.36,10.59,39.41,,64.97,13.88,9.04,20.54,23.2,32.65,15.96,10.93,14.14,59.17,52.67,13.15,31.05,75.38,65.46,18.14,,29.26
2023-09-05 07:00:00,13.77,68.1,34.46,64.6,12.09,42.51,17.75,43.24,20.04,82.16,95.56,19.6,19.91,69.89,71.21,48.09,21.11,10.56,18.78,14.5,61.74,27.26,12.12,12.21,81.5,53.11,19.95,20.82,35.82,50.36,10.76,40.04,,65.3,14.1,9.19,20.1,23.16,32.7,16.19,10.69,14.17,59.83,53.25,13.31,31.15,77.3,67.4,18.18,,29.12
2023-09-06 07:00:00,13.89,68.01,34.31,69.1,12.45,42.7,18.06,44.36,20.04,81.98,98.88,19.86,19.91,71.48,72.57,48.39,21.11,10.62,19.59,15.49,61.74,27.38,12.16,12.27,82.7,53.79,20.32,21.36,35.96,50.74,10.76,40.23,,65.38,14.18,9.19,20.32,23.61,33.05,16.29,10.97,14.25,59.9,53.83,13.34,30.8,78.23,67.31,18.87,,29.26
2023-09-07 07:00:00,13.86,67.82,34.35,69.62,12.45,42.79,17.82,43.97,20.04,80.35,100.1,19.86,19.91,70.68,73.57,48.31,21.5,10.68,19.36,15.63,61.64,27.38,12.16,12.31,82.0,53.79,20.13,21.4,36.01,52.68,10.68,39.91,,66.0,14.01,9.26,20.06,23.37,33.0,16.54,10.97,14.17,59.44,53.06,13.38,30.4,77.69,66.89,18.83,,29.26
2023-09-08 07:00:00,13.77,69.35,34.09,70.73,12.87,42.7,18.06,44.23,19.83,83.42,98.72,21.23,19.87,70.47,73.07,48.99,21.78,10.72,19.42,16.0,61.74,27.19,12.12,12.18,81.8,54.28,20.51,21.4,36.05,52.55,10.63,40.16,,66.04,14.27,9.22,20.1,23.44,32.5,16.36,10.93,13.99,59.44,52.0,13.31,29.55,78.0,67.31,18.87,,28.59
2023-09-11 07:00:00,13.53,67.82,33.73,68.66,12.51,42.56,17.86,42.71,19.58,82.07,97.02,21.23,19.48,70.32,72.49,47.78,20.87,10.56,18.92,15.49,62.4,26.14,12.2,11.95,79.6,53.3,19.11,20.65,36.46,52.3,10.51,39.91,,68.88,13.8,8.93,19.74,23.27,31.6,15.98,10.6,13.67,58.77,50.56,13.05,29.55,76.15,66.89,18.96,,27.72
2023-09-12 07:00:00,13.77,68.58,34.09,67.7,12.87,42.84,18.44,43.83,19.83,83.24,99.94,21.1,19.79,71.41,73.42,48.84,21.78,10.75,19.42,15.89,62.22,26.44,12.27,12.27,81.0,54.57,19.53,21.99,36.6,52.3,10.68,39.79,,69.45,14.1,9.11,19.99,24.86,32.35,16.33,10.97,13.85,59.7,51.52,13.18,30.15,78.38,67.57,19.3,,28.49
2023-09-13 07:00:00,13.65,67.82,34.09,67.48,13.35,42.61,18.6,44.23,19.98,81.98,97.67,20.6,19.79,70.76,75.5,49.6,21.4,10.78,19.19,16.0,61.74,26.51,12.27,12.15,80.1,56.24,18.6,21.95,36.88,52.12,10.72,39.79,,68.59,14.01,8.97,19.84,24.86,31.95,16.19,11.18,13.88,59.17,50.17,13.57,29.6,76.15,66.56,19.43,,28.01
2023-09-14 07:00:00,13.59,67.15,33.91,65.05,12.93,42.28,17.98,43.17,20.38,81.98,96.05,20.6,19.79,69.24,75.78,48.54,21.11,10.81,18.78,15.49,61.64,25.99,12.05,12.21,78.6,56.04,17.43,21.24,36.6,50.8,10.55,39.47,,70.07,13.71,8.93,19.22,24.76,31.8,16.15,11.1,13.7,59.17,47.18,14.02,27.75,76.15,66.81,19.39,,27.91
2023-09-15 07:00:00,13.71,65.91,33.95,63.65,13.29,42.0,18.06,44.7,20.1,81.98,95.64,20.54,19.79,70.4,78.36,48.39,21.69,11.12,18.65,15.56,61.64,25.99,11.86,12.37,79.7,54.67,17.62,21.86,36.74,50.93,10.55,39.54,,68.34,13.84,8.86,19.74,24.66,32.5,16.15,10.93,13.85,59.63,48.63,13.93,26.8,76.69,66.89,19.52,,27.43
2023-09-18 07:00:00,13.59,64.95,33.19,64.31,13.11,41.9,17.59,46.88,19.68,80.53,95.97,20.18,18.51,69.96,77.93,47.78,21.26,10.87,18.65,15.85,61.64,25.91,11.6,12.21,78.5,53.79,16.92,21.49,36.23,50.99,10.47,39.22,,66.45,13.92,8.79,19.59,24.79,32.6,15.78,11.18,13.67,58.97,47.14,13.54,26.5,76.0,66.39,19.18,,26.75
2023-09-19 07:00:00,13.5,64.95,32.79,64.24,13.17,41.2,16.89,46.68,19.71,83.78,96.29,20.52,17.92,71.04,78.64,48.62,21.4,10.93,19.02,16.72,61.55,25.54,11.48,12.11,79.0,54.28,16.12,21.57,36.51,50.8,10.55,39.85,,64.97,13.97,8.75,19.59,25.14,33.3,15.68,11.26,13.74,58.51,47.52,13.38,25.85,76.46,66.39,18.96,,26.66
2023-09-20 07:00:00,13.59,66.86,33.15,66.38,13.11,41.72,17.48,47.68,19.68,86.58,96.13,20.73,18.31,71.12,77.93,49.98,22.17,11.02,19.19,16.83,61.55,26.66,11.6,12.24,79.7,54.57,17.24,22.57,36.97,51.74,10.59,40.35,,66.2,14.18,8.86,19.37,25.32,33.25,15.89,11.43,14.07,58.44,48.82,13.57,26.75,76.46,65.88,18.96,,27.14
2023-09-21 07:00:00,13.56,67.44,32.79,67.04,12.87,41.48,17.36,46.75,19.46,84.87,96.21,20.33,17.92,69.89,76.14,50.68,22.26,10.84,19.19,16.83,61.46,26.14,11.3,12.08,78.8,53.01,16.96,21.95,37.06,51.68,10.51,41.11,,65.79,13.92,8.75,19.37,24.13,32.35,15.87,11.92,13.74,57.78,48.34,13.34,26.1,76.38,65.63,18.74,,27.19
2023-09-22 07:00:00,13.5,66.39,33.4,65.27,12.57,40.78,16.35,45.29,19.43,88.48,95.56,19.65,18.02,69.82,77.94,49.9,20.97,10.84,18.44,15.67,61.26,24.78,10.84,11.92,75.4,50.96,16.22,20.48,36.45,50.68,10.18,39.85,,64.64,13.2,8.57,18.64,22.64,32.9,15.73,11.1,13.38,59.3,46.22,13.12,25.0,75.07,65.21,18.4,,26.46
2023-09-25 07:00:00,13.32,64.95,32.71,62.76,12.75,39.47,15.23,42.18,18.29,82.34,94.02,18.86,16.77,68.08,76.74,46.86,19.53,10.75,17.57,14.58,61.17,23.66,10.24,11.54,70.3,49.88,15.1,19.06,34.92,49.93,9.77,38.78,,62.5,12.34,7.99,19.0,21.08,31.65,15.18,10.36,12.98,59.3,45.26,12.31,23.25,75.38,65.29,17.66,,25.69
2023-09-26 07:00:00,13.26,62.95,32.17,62.91,12.39,39.29,14.41,41.98,18.6,81.71,94.18,18.89,16.08,67.51,76.14,47.33,18.18,10.75,17.7,13.81,61.17,23.66,9.94,11.64,73.0,50.37,14.12,18.35,34.55,49.11,9.64,38.85,,61.93,12.25,7.84,19.15,21.46,31.35,14.99,9.66,12.77,57.78,43.33,12.44,22.5,75.38,64.03,17.7,,24.92
2023-09-27 07:00:00,13.32,63.23,32.21,64.16,12.99,39.66,14.96,41.72,19.03,82.7,94.99,19.31,16.68,68.08,76.23,49.9,19.05,10.75,17.9,14.54,61.17,24.33,9.98,11.8,76.0,50.86,14.45,19.61,34.03,49.49,9.72,39.47,,60.94,12.51,8.06,19.19,22.92,31.8,15.08,10.07,12.84,58.31,43.43,12.63,22.6,76.69,64.45,18.18,,25.21
2023-09-28 07:00:00,13.17,64.19,32.17,64.38,13.47,39.66,14.57,42.64,18.94,84.78,94.35,19.42,16.04,67.87,78.46,51.3,18.81,10.68,17.97,14.76,61.17,24.6,10.24,11.8,76.5,51.84,14.68,19.77,35.15,49.11,9.52,39.85,,59.54,12.51,7.95,18.27,22.43,30.75,15.57,9.86,13.02,58.44,42.85,12.5,22.5,76.38,62.94,18.35,,24.58
2023-09-29 07:00:00,13.23,66.39,32.17,63.42,13.11,39.43,14.96,42.2,18.45,84.42,94.83,19.36,16.5,67.0,77.77,51.69,18.71,10.72,17.77,14.54,60.98,24.52,10.43,11.8,76.3,51.44,14.54,20.02,34.92,49.3,9.6,39.66,,59.62,12.55,8.06,18.27,22.09,30.65,15.57,9.54,12.88,58.11,43.82,12.5,23.42,76.38,62.43,18.79,,25.21
2023-10-02 07:00:00,13.26,66.29,31.88,63.94,12.99,39.52,15.34,42.2,18.39,84.6,96.21,19.84,16.27,67.29,76.57,50.91,19.58,10.56,17.7,14.61,60.98,24.41,10.28,11.86,77.4,50.76,14.35,20.32,34.92,49.36,9.72,39.85,,60.03,12.72,8.02,18.27,22.29,30.85,15.34,9.74,12.62,57.44,44.06,12.57,23.45,75.76,63.61,18.87,,25.93
2023-10-03 07:00:00,13.08,65.43,30.14,61.8,12.39,39.14,14.3,40.7,17.86,82.16,94.59,19.94,15.4,66.57,74.0,48.73,18.23,10.56,16.76,13.6,60.88,23.71,9.9,11.51,74.0,47.92,13.38,18.9,33.52,48.49,9.27,38.91,,57.81,12.04,7.66,18.2,20.97,29.2,15.04,9.08,12.05,57.31,42.42,12.15,22.25,75.3,62.26,18.18,,25.4
2023-10-04 07:00:00,13.08,65.91,30.83,62.47,12.45,39.33,14.45,41.85,17.74,85.32,94.51,20.62,15.58,66.78,73.57,49.98,18.71,10.56,17.06,13.89,60.79,23.95,10.17,11.57,73.5,48.12,13.61,19.56,33.75,48.55,9.31,39.41,,57.57,12.08,7.73,17.87,22.05,30.2,14.92,9.29,11.97,57.31,42.95,12.21,23.05,74.46,62.6,18.18,,26.08
2023-10-05 07:00:00,13.08,65.81,30.18,63.87,11.97,39.19,13.95,43.61,17.25,83.96,94.59,20.26,15.3,66.14,72.2,50.13,19.0,10.47,16.82,13.34,60.7,23.46,10.24,11.51,72.8,45.97,12.86,18.9,32.03,48.68,9.02,38.91,,57.16,11.7,7.62,17.91,21.98,29.9,14.71,9.13,11.94,56.12,42.9,11.96,22.8,73.46,61.17,18.01,,25.88
2023-10-06 07:00:00,13.2,66.39,30.61,65.34,11.97,39.19,13.87,45.47,17.62,85.77,95.24,19.97,15.67,66.93,72.2,50.68,19.38,10.56,16.86,13.63,60.32,24.37,10.35,11.57,72.7,47.24,12.96,19.31,32.59,48.8,9.27,39.03,,57.24,11.91,7.77,17.91,22.88,30.95,14.83,9.74,12.12,56.71,44.34,12.08,22.98,74.61,62.43,18.14,,26.51
2023-10-09 07:00:00,13.62,65.81,30.43,65.34,12.39,39.47,14.22,45.64,17.9,87.58,99.05,20.73,15.9,69.02,74.25,51.54,19.58,10.53,17.23,14.07,60.7,24.37,10.62,11.67,73.5,46.9,13.38,19.73,33.24,50.05,9.27,38.85,,56.58,12.08,7.81,17.94,23.06,31.2,14.85,10.03,12.15,56.18,45.26,12.25,22.6,74.69,62.01,18.53,,26.12
2023-10-10 07:00:00,13.8,65.81,30.5,66.52,12.45,39.8,14.34,45.12,17.99,86.04,98.64,20.31,16.18,69.53,74.08,51.62,19.24,10.75,17.57,14.03,60.32,24.28,10.66,11.76,73.2,47.78,13.24,19.4,33.52,49.74,9.48,39.29,,56.58,12.34,7.88,17.98,22.71,31.25,15.04,9.82,12.08,57.18,46.22,12.54,22.45,74.84,62.6,18.7,,26.08
2023-10-11 07:00:00,13.74,65.24,30.47,68.96,12.81,39.85,14.57,47.94,18.11,87.58,98.32,20.62,16.22,70.03,73.74,51.69,19.86,10.87,17.7,14.32,60.32,24.12,10.69,11.8,73.8,48.22,13.47,19.61,34.36,50.24,9.52,39.29,,55.92,12.34,7.92,18.09,23.61,31.75,15.08,9.99,12.08,57.44,45.64,12.67,22.72,75.07,62.6,18.87,,26.08
2023-10-12 07:00:00,13.74,64.57,30.57,67.85,12.57,39.89,14.41,47.5,18.17,88.39,97.83,20.44,16.04,69.6,73.74,51.07,20.01,10.81,17.43,14.32,60.32,24.74,10.69,11.7,73.1,47.34,13.84,20.36,34.17,50.05,9.48,39.47,,56.66,12.34,7.88,18.09,23.34,31.6,15.04,9.99,12.41,57.11,45.79,12.7,23.25,75.15,63.53,18.92,,26.27
2023-10-13 07:00:00,13.71,63.71,30.83,67.92,12.75,39.57,14.26,48.47,17.99,89.65,97.26,20.78,16.04,69.38,73.57,51.54,20.54,10.87,17.4,14.29,60.22,26.43,10.69,11.76,72.7,48.41,13.94,21.78,34.17,49.93,9.43,39.41,,57.65,12.3,7.84,18.13,23.3,31.5,14.9,10.03,12.44,57.51,45.16,12.5,23.05,79.84,63.78,19.0,,26.41
2023-10-16 07:00:00,13.68,62.76,30.21,65.71,12.93,38.96,13.74,48.29,17.68,87.48,97.02,21.15,15.86,69.89,74.51,50.99,20.58,10.75,16.89,13.67,60.22,26.18,10.66,11.6,71.6,47.53,13.56,20.9,34.27,49.99,9.39,39.03,,58.31,12.3,7.7,18.13,22.29,30.2,14.71,10.19,12.12,57.18,43.86,12.18,22.5,78.84,63.27,19.48,,25.79
2023-10-17 07:00:00,13.59,61.32,29.96,65.71,12.51,38.86,12.79,45.2,17.56,81.44,96.13,20.05,15.81,67.22,73.05,49.98,19.38,10.84,16.76,13.09,59.84,24.45,10.54,11.54,71.0,45.28,12.82,20.02,33.52,49.49,9.31,38.66,,57.48,12.0,7.7,18.09,21.84,30.0,14.69,9.54,11.9,57.04,42.85,12.05,22.0,79.15,62.94,19.65,,26.08
2023-10-18 07:00:00,13.35,59.98,29.02,63.42,12.45,38.21,11.92,43.7,17.4,82.25,93.54,18.89,15.58,67.15,71.17,50.52,19.19,10.84,16.22,12.36,59.84,24.12,10.54,11.32,68.3,43.72,12.12,19.23,32.59,48.18,9.31,37.9,,56.17,11.57,7.55,18.05,21.91,29.7,14.46,9.45,11.72,57.04,41.7,11.92,21.9,80.69,62.18,19.48,,25.59
2023-10-19 07:00:00,13.2,60.18,29.16,62.54,12.15,37.6,12.04,43.44,17.56,81.08,93.21,18.73,15.72,66.42,70.22,50.6,19.19,10.81,16.01,12.36,60.32,24.08,10.58,11.25,66.4,42.06,12.3,18.81,32.59,47.49,9.14,37.4,,56.17,11.61,7.48,17.98,20.9,29.0,14.18,9.37,11.65,56.12,40.93,11.79,21.6,80.84,60.08,18.57,,25.5
2023-10-20 07:00:00,13.26,61.7,29.38,62.69,12.45,38.35,12.87,45.03,18.05,82.07,93.94,19.05,16.27,67.07,71.34,49.9,19.67,10.96,16.45,12.94,61.26,24.95,10.96,11.44,69.0,43.72,12.86,19.61,32.96,47.68,9.27,37.9,,57.57,11.82,7.59,17.87,21.74,30.1,14.39,9.78,11.9,56.31,42.85,11.86,21.68,80.92,60.83,18.7,,25.69
2023-10-23 07:00:00,13.2,60.75,29.23,61.88,12.21,37.88,12.36,43.7,17.99,79.0,89.16,18.5,16.31,65.7,69.11,48.26,18.95,10.81,16.22,12.87,61.26,24.9,11.07,11.35,66.0,42.06,12.44,19.48,32.92,46.98,9.14,37.15,,55.76,11.74,7.48,18.13,21.25,29.7,14.3,9.7,11.87,56.12,42.85,11.66,21.7,79.61,59.07,18.22,,25.11
2023-10-24 07:00:00,13.26,60.56,29.96,62.84,12.09,38.12,12.71,46.7,18.11,81.17,89.48,18.26,16.82,66.42,69.62,47.87,19.62,10.84,16.22,12.87,60.79,25.28,11.11,11.41,66.9,42.06,12.72,19.9,33.06,47.3,9.27,37.4,,56.83,11.91,7.7,18.86,21.56,30.0,14.5,9.86,12.12,57.11,42.95,11.96,21.72,79.69,59.15,18.22,,25.69
2023-10-25 07:00:00,13.26,59.79,29.56,63.94,11.67,38.21,12.51,48.56,17.8,80.62,88.02,17.68,16.64,65.63,68.94,48.11,19.67,10.81,16.25,12.94,60.32,24.99,11.18,11.35,66.0,42.54,12.91,20.32,32.92,46.98,9.27,37.03,,56.91,12.17,7.66,18.93,21.39,29.55,14.44,9.95,12.08,56.98,43.24,11.83,22.35,79.07,58.06,18.18,,25.54
2023-10-26 07:00:00,12.77,56.93,29.41,60.48,10.89,36.53,11.64,45.29,17.4,76.74,83.4,16.58,15.81,62.67,64.74,46.0,18.33,10.5,15.4,12.07,60.32,24.62,10.77,10.97,61.4,41.08,12.02,18.9,30.63,46.79,8.94,35.14,,54.44,12.17,7.3,18.64,19.93,28.1,13.79,9.29,11.54,56.12,40.25,11.21,20.8,76.76,56.38,17.49,,23.76
2023-10-27 07:00:00,13.04,56.36,30.47,61.14,11.19,36.95,11.96,48.38,17.31,76.74,82.19,16.74,16.36,62.81,66.54,48.73,18.52,10.65,15.78,12.83,60.12,24.45,11.52,11.13,57.8,41.08,12.4,19.61,30.73,46.54,9.1,34.52,,51.89,12.04,7.48,18.68,20.45,28.7,13.67,9.37,11.68,56.45,37.75,11.7,20.8,76.76,57.22,17.49,,22.12
2023-10-30 07:00:00,12.89,56.83,29.74,59.96,10.71,36.62,11.25,46.0,16.97,73.58,82.27,16.01,15.9,61.37,65.68,47.17,17.27,10.62,15.54,12.51,60.7,23.62,10.88,10.84,58.0,39.61,12.4,18.81,30.59,46.1,8.98,34.26,,50.0,11.82,7.37,18.53,19.1,27.0,13.0,8.96,11.54,57.04,37.75,11.37,20.75,75.38,56.88,17.23,,22.31
2023-10-31 07:00:00,12.95,55.97,29.16,57.89,10.47,36.39,11.01,44.67,17.0,71.32,81.05,14.9,15.49,59.93,65.68,46.0,16.22,10.62,15.54,12.36,60.32,23.62,11.03,10.9,58.2,36.87,12.02,17.52,29.7,45.53,8.77,33.01,,46.63,11.14,7.33,18.86,17.88,27.0,12.82,8.34,11.4,57.64,37.56,11.57,20.25,76.15,57.22,17.31,,21.44
2023-11-01 07:00:00,13.08,55.4,29.02,59.37,10.83,36.48,11.52,44.41,16.82,72.5,83.08,15.14,15.76,61.66,65.94,48.18,16.6,10.65,16.18,12.87,60.32,23.62,11.37,10.97,59.5,34.33,12.21,17.56,30.08,45.53,8.86,32.7,,47.2,11.57,7.52,18.93,18.86,27.65,13.05,8.67,11.4,58.31,37.03,11.63,20.2,80.3,59.24,17.14,,21.92
2023-11-02 07:00:00,13.5,56.16,30.21,63.06,11.25,37.98,12.32,47.5,17.34,77.46,83.48,16.19,16.18,64.26,67.91,49.51,17.75,10.87,17.06,13.74,60.32,24.78,11.6,11.29,62.7,36.19,13.05,18.77,31.1,46.66,9.19,34.26,,50.5,12.08,7.92,18.97,20.07,29.0,13.58,9.25,11.83,59.1,38.47,11.99,20.72,80.69,59.66,17.57,,22.45
2023-11-03 07:00:00,13.35,55.88,30.1,64.9,11.19,37.79,12.83,50.76,17.19,77.46,83.97,16.58,16.36,62.81,67.82,50.68,17.75,11.33,16.96,14.14,59.84,24.12,11.48,11.09,63.9,38.09,13.56,18.85,30.82,46.66,9.19,33.26,,52.55,11.95,7.77,17.76,20.07,28.5,14.34,9.21,11.58,59.04,39.0,12.02,20.8,81.92,58.9,17.14,,23.56
2023-11-06 07:00:00,13.44,56.74,30.32,65.56,11.19,38.07,12.95,51.82,17.53,79.81,84.94,16.69,16.54,63.9,67.74,51.46,17.75,11.27,17.4,14.54,59.84,24.57,11.6,11.44,64.0,37.21,13.8,19.06,30.96,48.44,9.31,34.77,,54.44,12.25,7.99,18.49,20.14,29.45,14.34,9.33,11.97,59.44,39.48,12.21,21.05,82.53,59.74,18.01,,23.18
2023-11-07 07:00:00,13.38,55.59,30.32,67.11,11.19,37.79,12.75,53.94,17.53,79.45,84.94,16.45,16.27,63.75,67.57,51.54,17.71,11.12,17.43,14.36,59.94,24.2,11.67,11.35,62.0,37.36,13.52,18.6,30.87,47.99,9.23,34.64,,53.54,12.17,7.88,17.84,19.69,29.0,14.16,9.13,11.94,58.64,38.52,12.08,21.02,81.53,59.57,17.92,,22.36
2023-11-08 07:00:00,13.8,56.93,31.12,69.32,11.55,38.35,13.62,55.62,17.96,83.96,85.92,17.24,16.73,66.86,68.6,52.86,18.9,11.61,18.21,15.34,60.03,25.65,11.86,11.7,63.8,38.73,14.45,19.9,31.85,48.69,9.52,35.77,,53.54,12.34,8.24,18.24,21.04,30.0,14.71,9.74,12.44,59.44,39.48,12.54,21.5,86.92,60.08,18.48,,22.89
2023-11-09 07:00:00,13.65,58.27,31.08,69.32,11.49,38.35,13.54,54.74,18.11,83.78,85.43,17.24,16.68,66.78,68.6,53.56,18.9,11.58,18.04,15.12,59.84,26.35,11.82,11.7,62.8,39.42,15.19,21.28,31.61,48.37,9.56,35.77,,52.55,12.38,8.17,17.91,21.43,29.65,14.57,9.86,12.33,58.37,41.31,12.47,22.7,83.38,59.49,18.16,,23.47
2023-11-10 07:00:00,13.56,57.69,30.61,70.28,11.25,37.98,13.42,55.62,18.05,83.96,84.54,16.95,16.31,66.06,67.48,53.72,18.57,11.64,17.9,15.01,59.84,25.9,11.52,11.48,61.7,38.53,14.91,21.45,31.05,48.06,9.68,36.02,,51.32,12.25,8.1,17.4,21.39,29.5,14.37,10.15,12.26,57.11,40.73,12.28,22.48,83.84,58.56,17.76,,23.13
2023-11-13 07:00:00,13.59,57.12,30.54,71.54,11.43,37.93,13.42,55.0,18.05,84.24,84.54,16.84,16.36,65.99,67.74,53.49,18.66,11.61,18.38,15.63,60.12,26.27,11.52,11.54,62.0,39.12,14.68,22.07,31.05,48.12,9.85,35.96,,50.41,12.0,8.02,16.81,21.84,29.25,14.3,10.11,12.44,56.78,39.82,12.41,22.4,83.07,57.8,17.44,,22.7
2023-11-14 07:00:00,13.74,57.31,31.19,70.5,11.55,38.16,13.54,55.97,18.29,84.42,85.02,17.08,17.46,66.86,67.82,55.36,18.9,11.58,18.24,15.78,60.12,26.39,11.82,11.76,62.6,40.59,15.01,22.07,31.19,49.38,9.81,36.34,,50.99,12.0,8.31,16.92,22.05,30.0,14.57,10.07,12.55,57.11,39.48,12.67,22.48,82.92,57.97,17.8,,23.18
2023-11-15 07:00:00,14.07,59.22,32.03,71.02,11.61,38.26,13.46,54.56,18.54,84.87,85.51,17.21,17.65,66.71,68.68,55.44,19.05,11.67,18.24,15.63,59.84,26.39,11.82,11.83,65.8,40.98,15.15,22.11,31.66,49.51,9.72,36.59,,51.98,11.95,8.39,17.18,22.19,30.0,14.6,10.03,12.77,58.24,39.92,12.7,22.7,83.61,59.49,18.12,,23.28
2023-11-16 07:00:00,14.1,59.6,31.74,70.06,11.67,38.63,13.78,55.62,18.57,86.49,85.51,17.79,17.56,67.15,68.6,55.44,19.24,11.7,18.38,15.7,59.94,26.43,11.78,11.8,66.0,40.59,15.61,22.91,32.08,49.32,9.81,36.34,,52.8,12.08,8.42,17.14,22.43,30.2,14.67,10.36,12.62,58.44,39.63,12.67,22.55,83.46,59.15,18.07,,23.03
2023-11-17 07:00:00,13.74,58.65,31.12,70.8,11.19,38.21,13.54,54.74,18.23,84.24,84.38,17.32,17.1,65.7,67.48,54.58,19.0,11.42,17.9,15.6,60.22,26.02,11.56,11.6,64.1,40.49,15.01,23.54,31.19,49.89,9.64,36.4,,52.39,11.91,8.13,16.92,21.88,29.35,14.41,10.36,12.26,56.85,37.51,12.38,21.1,81.15,58.9,17.53,,22.02
2023-11-20 07:00:00,13.62,58.65,31.3,71.12,11.25,38.16,13.42,55.18,18.14,84.24,83.97,17.26,16.91,65.48,67.14,54.27,19.54,11.55,18.0,15.78,60.32,26.1,11.56,11.48,63.6,39.66,15.1,23.83,31.19,49.95,9.64,36.27,,51.81,11.74,8.13,16.92,22.5,29.2,14.34,10.6,12.41,57.18,37.51,12.28,21.35,81.3,58.31,17.71,,21.78
2023-11-21 07:00:00,13.68,57.5,31.88,74.28,11.55,38.16,13.86,58.09,18.05,85.68,85.27,17.53,17.05,66.35,67.74,54.58,19.59,11.55,18.27,15.92,59.84,26.43,11.75,11.54,64.6,40.0,15.15,23.7,31.47,51.28,9.68,36.21,,51.89,11.82,8.17,16.92,22.61,29.3,14.25,10.6,12.3,57.51,37.65,12.31,21.3,82.0,58.48,17.85,,21.83
2023-11-22 07:00:00,13.74,57.22,31.63,73.17,11.55,38.21,14.1,58.27,18.17,86.85,84.7,17.61,17.56,67.15,67.74,54.89,19.68,11.49,18.38,16.0,59.94,26.68,11.63,11.51,64.9,38.93,16.17,23.91,31.71,51.34,9.64,36.08,,52.22,11.87,8.2,16.89,22.85,29.1,14.32,10.69,12.33,57.58,37.56,12.41,21.0,83.23,58.39,17.85,,22.02
2023-11-23 07:00:00,13.44,56.26,31.19,68.11,11.31,37.88,13.31,54.21,17.92,83.87,83.48,17.05,16.91,65.56,66.02,54.34,18.85,11.15,17.46,14.9,60.22,25.85,11.3,11.41,63.3,36.48,15.84,22.24,31.38,51.09,9.48,36.08,,49.67,11.57,7.95,16.81,21.46,28.2,14.06,9.95,12.26,56.78,37.56,12.15,20.65,80.76,57.8,17.39,,21.83
2023-11-24 07:00:00,13.35,56.16,31.66,70.4,11.43,37.65,13.39,55.18,18.17,86.22,83.24,17.21,17.19,65.85,66.45,53.72,19.1,11.3,17.84,15.23,59.84,25.94,11.41,11.38,61.8,37.7,16.4,22.95,31.1,50.84,9.43,35.83,,51.81,11.48,7.95,16.89,22.22,28.3,13.9,10.11,12.26,57.11,37.65,12.15,20.68,81.76,57.47,17.44,,21.83
2023-11-27 07:00:00,13.23,56.64,31.19,69.14,11.25,37.22,13.07,52.97,18.05,85.05,83.89,17.13,16.82,65.48,65.85,52.24,18.85,11.18,17.77,15.01,60.03,25.85,11.14,11.22,60.9,37.17,16.17,22.24,31.29,50.27,9.35,35.71,,52.88,11.27,7.81,16.85,21.53,27.4,13.56,9.78,12.01,56.98,38.33,11.92,20.92,81.53,57.3,17.44,,21.83
2023-11-28 07:00:00,13.26,56.64,31.76,68.35,11.19,37.94,13.35,54.65,17.99,85.14,82.67,16.95,16.68,65.77,66.02,52.63,19.15,11.15,18.04,15.49,60.12,25.85,11.3,11.38,61.3,37.17,16.26,22.57,31.38,50.02,9.35,35.9,,53.37,11.4,7.88,16.85,21.81,28.15,13.86,9.91,12.08,56.98,39.24,12.08,21.2,81.92,57.64,17.58,,22.02
2023-11-29 07:00:00,13.35,56.35,32.13,69.14,11.43,38.03,13.54,54.65,18.05,86.49,84.13,17.11,16.64,66.21,66.71,54.58,19.39,11.15,18.24,15.81,60.32,26.06,11.45,11.38,62.9,37.95,16.87,22.83,33.34,50.52,9.35,36.15,,54.44,11.35,7.88,16.85,21.95,27.8,13.83,10.07,12.15,56.51,39.67,12.15,21.28,82.15,57.55,17.48,,22.4
2023-11-30 07:00:00,13.29,56.35,31.76,68.66,11.31,37.36,13.42,54.74,18.05,85.32,84.05,17.29,16.73,66.35,65.59,54.73,19.54,11.12,17.94,15.6,56.9,25.77,11.52,11.35,60.5,37.65,16.5,22.74,32.68,50.9,9.31,35.83,,53.46,11.31,7.84,16.52,21.74,27.5,13.65,10.23,12.26,56.25,39.77,12.08,20.88,78.46,56.71,17.35,,21.34
2023-12-01 07:00:00,13.29,56.35,32.21,68.98,11.43,38.03,13.39,55.18,18.05,85.86,83.81,17.42,16.82,66.71,66.62,54.73,19.68,11.24,18.17,15.81,59.84,26.06,11.52,11.35,61.5,37.9,16.5,22.57,32.78,50.78,9.35,35.96,,53.46,11.91,7.88,16.59,22.22,27.5,13.76,10.03,12.33,56.45,39.38,12.25,21.05,81.07,57.55,17.53,,22.02
2023-12-04 07:00:00,13.5,57.32,32.54,72.86,11.61,38.32,13.98,57.83,18.22,88.03,84.21,17.84,17.19,67.58,67.74,55.04,20.12,11.42,18.58,16.18,59.27,26.93,11.52,11.51,62.2,39.07,16.92,23.7,33.06,50.9,9.56,36.4,,53.21,12.08,8.06,16.63,23.34,28.2,13.97,10.48,12.41,57.11,39.77,12.38,21.48,81.38,57.89,17.71,,22.21
2023-12-05 07:00:00,13.41,61.29,32.42,71.91,11.61,38.13,13.98,56.86,18.18,87.85,84.21,17.63,17.05,68.45,67.74,54.73,20.12,11.39,18.41,16.21,58.89,26.51,11.56,11.51,61.4,39.12,16.96,23.37,33.1,50.58,9.48,37.22,,52.63,11.95,7.95,16.59,23.13,27.8,13.9,10.28,12.3,56.71,39.0,12.38,21.4,80.84,57.3,17.39,,22.07
2023-12-06 07:00:00,13.5,63.9,32.7,72.54,11.67,38.37,14.34,58.0,18.29,88.48,83.97,17.84,17.37,68.59,68.42,54.97,20.32,11.49,18.65,16.5,58.7,26.47,11.86,11.54,62.1,40.05,17.06,24.08,33.43,50.65,9.56,36.9,,53.62,12.0,7.99,16.59,23.34,28.1,14.06,10.56,12.59,57.04,38.95,12.41,21.4,81.38,57.64,17.62,,22.12
2023-12-07 07:00:00,13.56,62.74,33.19,72.07,11.37,37.94,13.94,58.0,18.46,87.76,82.76,17.63,17.51,68.08,66.79,54.89,19.73,11.55,18.65,16.32,59.27,26.18,12.05,11.64,63.5,39.95,16.31,23.95,32.73,49.64,9.52,36.4,,53.95,11.7,8.02,16.59,22.82,28.55,14.27,10.44,12.66,56.58,38.23,12.47,21.4,81.3,57.55,17.85,,22.02
2023-12-08 07:00:00,13.56,62.94,34.26,72.78,11.43,37.89,13.78,56.77,18.46,88.3,82.76,17.68,17.56,68.01,66.54,54.89,19.59,11.58,18.71,16.07,60.03,26.23,12.31,11.6,66.2,41.66,16.4,24.0,33.2,49.7,9.64,37.15,,53.95,11.57,7.99,16.59,22.64,28.2,14.32,10.65,12.59,56.45,38.18,12.5,21.48,80.15,58.06,17.8,,22.55
2023-12-11 07:00:00,13.56,63.03,33.85,72.22,11.43,38.37,13.78,56.33,18.43,88.3,81.46,17.71,17.46,68.59,67.14,54.97,19.88,11.58,18.58,15.78,59.84,25.94,12.2,11.57,67.5,41.57,16.4,23.24,33.2,50.58,9.6,36.84,,53.87,11.74,8.1,16.56,22.71,27.85,14.27,10.52,12.51,55.92,39.48,12.41,22.02,80.15,58.9,17.62,,22.84
2023-12-12 07:00:00,13.62,62.35,34.26,72.3,11.49,38.41,13.82,56.59,18.53,87.58,82.11,17.89,17.46,69.89,67.05,55.04,19.88,11.61,18.88,15.81,59.56,25.94,12.09,11.64,66.2,41.57,16.5,22.62,33.01,50.78,9.6,37.03,,53.46,11.7,8.06,16.56,22.64,28.0,14.37,10.65,12.51,55.92,39.53,12.41,22.12,80.38,58.39,17.66,,22.84
2023-12-13 07:00:00,13.5,61.87,34.01,71.59,11.25,38.8,13.62,55.09,18.36,86.58,81.38,17.63,17.46,68.73,65.94,53.72,19.49,11.64,18.48,15.34,59.46,25.77,11.9,11.51,65.8,40.78,15.84,22.03,32.31,50.84,9.43,36.21,,52.63,11.44,7.92,16.52,22.22,27.45,14.11,10.4,12.26,55.58,39.24,12.31,21.95,80.76,57.38,17.44,,22.21
2023-12-14 07:00:00,13.62,61.68,34.01,71.2,11.07,38.46,13.35,54.83,18.36,85.77,81.22,17.42,17.0,69.46,65.94,53.17,19.39,11.67,18.27,15.27,59.65,25.32,11.78,11.51,65.0,40.69,15.19,21.82,31.98,50.33,9.35,35.83,,51.81,11.4,7.84,16.52,22.22,27.1,14.14,10.28,12.19,56.05,38.81,12.21,21.9,81.0,57.55,17.26,,22.07
2023-12-15 07:00:00,13.77,60.03,33.93,70.48,11.13,37.84,13.23,54.74,18.32,84.24,81.3,17.19,16.77,69.46,65.17,53.02,19.44,11.73,18.11,15.16,58.89,25.07,11.82,11.51,63.0,39.86,15.75,21.99,31.94,50.08,9.27,35.58,,51.65,11.31,7.84,16.52,22.09,27.1,14.16,10.32,12.23,54.59,38.42,12.15,21.85,79.23,57.3,16.98,,21.78
2023-12-18 07:00:00,13.8,58.77,33.52,69.77,10.95,37.41,12.91,56.15,17.88,84.69,81.05,17.21,16.45,67.87,64.74,53.41,19.0,11.36,17.97,15.09,59.56,25.03,11.63,11.48,62.9,38.73,15.29,21.99,31.57,50.27,9.19,35.65,,50.58,11.31,7.77,16.52,22.02,26.3,13.9,10.6,12.19,54.12,38.42,11.99,21.6,80.76,56.38,16.71,,21.83
2023-12-19 07:00:00,13.95,59.06,33.69,69.85,11.07,37.55,13.07,56.33,18.18,86.08,80.97,17.21,16.82,68.3,64.31,53.41,19.15,11.7,18.38,15.63,59.74,24.86,11.52,11.57,62.2,39.76,15.66,22.16,31.61,50.21,9.27,35.33,,51.15,11.31,7.77,16.52,22.33,26.6,14.16,10.56,12.26,53.92,38.04,12.05,21.6,80.23,56.38,16.62,,21.92
2023-12-20 07:00:00,14.04,59.35,33.77,73.09,11.19,37.7,13.19,56.33,18.22,85.43,80.89,17.16,16.96,68.37,64.48,53.41,19.29,11.61,18.38,15.63,59.74,24.62,11.6,11.57,63.9,41.47,15.61,22.07,32.03,50.78,9.35,35.33,,50.99,11.52,7.77,16.52,22.43,26.95,14.04,10.81,12.19,53.86,38.47,12.08,21.62,80.23,57.3,16.58,,22.21
2023-12-21 07:00:00,14.07,59.84,34.18,73.96,11.13,37.7,13.23,56.42,18.22,84.87,80.16,17.19,16.82,68.66,64.05,53.02,19.44,11.58,18.38,15.81,59.84,24.82,11.56,11.57,63.7,41.71,15.47,22.07,31.66,53.05,9.35,35.46,,50.99,11.35,7.73,16.52,22.36,26.6,14.18,10.85,12.19,53.72,38.71,12.12,21.6,81.0,57.05,16.53,,22.16
2023-12-22 07:00:00,14.04,59.84,34.71,79.11,11.01,37.27,13.11,57.56,18.15,84.41,80.65,17.08,16.82,68.3,64.05,53.25,19.78,11.7,18.27,15.7,59.84,24.82,11.75,11.67,63.0,41.42,15.47,22.41,31.47,52.99,9.31,35.02,,50.58,11.4,7.77,16.52,22.47,27.2,14.16,10.81,12.19,53.72,38.81,12.12,21.58,81.69,56.88,16.48,,22.16
2023-12-25 07:00:00,14.14,59.93,35.32,83.38,11.19,37.65,13.31,58.09,18.46,85.62,80.97,17.26,16.77,69.31,65.59,56.92,19.73,11.83,18.55,15.96,59.84,25.03,11.75,11.73,66.4,41.71,15.75,23.03,32.26,53.43,9.35,35.21,,50.99,11.48,7.81,16.56,22.61,27.5,14.32,10.81,12.3,54.32,39.67,12.31,21.7,82.92,57.13,16.8,,22.6
2023-12-26 07:00:00,14.07,60.32,35.16,83.69,11.19,37.84,13.42,61.36,18.39,87.58,81.7,17.37,16.77,70.18,65.51,55.75,19.83,11.86,18.78,16.07,60.22,25.36,11.78,11.76,66.2,41.76,15.75,23.24,32.08,54.13,9.31,35.02,,51.56,11.48,7.77,16.59,22.74,27.5,14.25,10.85,12.26,54.99,40.35,12.38,21.78,83.07,57.22,16.8,,22.5
2023-12-27 07:00:00,14.1,60.61,35.16,83.85,11.19,37.89,13.31,61.54,18.43,87.76,81.86,17.53,16.77,69.96,65.42,55.98,19.78,11.92,18.75,16.32,59.84,25.32,11.82,11.73,67.0,41.91,15.66,23.12,32.08,53.94,9.23,35.4,,51.07,11.35,7.81,16.56,22.78,27.4,14.27,10.89,12.51,54.92,40.35,12.41,21.8,83.0,57.22,16.8,,22.45
2023-12-28 07:00:00,14.38,60.71,34.91,84.01,11.13,37.94,13.35,60.56,18.6,87.67,82.03,17.4,16.87,69.74,65.17,56.14,19.83,11.95,18.88,16.5,59.84,25.32,11.9,11.83,67.0,42.1,15.57,23.16,32.12,53.62,9.31,35.4,,51.15,11.44,7.84,17.29,22.92,27.6,14.57,10.89,12.48,54.99,42.08,12.7,22.22,83.07,58.06,17.08,,22.7
2023-12-29 07:00:00,14.47,60.9,35.48,82.51,11.19,37.84,13.66,60.74,18.6,88.04,84.3,17.47,16.87,69.38,64.74,54.97,20.71,12.54,18.88,16.58,59.84,25.94,11.86,11.89,67.0,41.86,15.89,23.29,32.12,54.38,9.31,35.65,,51.81,11.31,7.84,17.47,22.78,27.95,14.71,10.85,12.55,53.33,41.6,12.67,22.3,83.07,57.3,17.44,,22.5
2024-01-02 07:00:00,14.8,59.93,35.16,86.23,11.19,37.94,13.62,59.77,18.67,87.48,89.16,17.84,16.96,69.24,64.82,55.9,20.47,12.29,18.55,16.1,59.84,25.48,12.09,12.02,68.4,41.52,15.61,22.57,32.17,54.38,9.31,36.08,,52.22,11.4,7.95,17.51,22.57,27.75,14.85,10.69,12.48,55.45,41.41,12.8,22.0,82.3,57.89,17.12,,22.31
2024-01-03 07:00:00,15.13,59.55,35.81,84.64,11.25,38.13,13.86,62.68,18.94,87.67,89.64,17.82,17.28,69.53,65.17,56.14,21.1,12.35,18.78,16.47,59.84,25.44,12.24,12.21,68.9,42.25,15.66,22.99,32.5,54.38,9.43,36.15,,52.22,11.4,8.17,17.03,22.88,28.5,15.08,10.73,12.59,56.12,41.79,12.99,22.08,82.84,58.49,17.35,,22.45
2024-01-04 07:00:00,15.32,58.87,35.69,82.59,11.31,38.41,13.7,61.8,19.63,89.54,87.94,17.79,17.37,70.18,65.77,55.9,20.9,12.6,18.75,16.32,59.84,25.56,12.42,12.82,68.1,42.25,15.7,22.99,32.68,53.49,9.48,36.21,,52.56,11.44,8.31,17.21,23.34,28.6,15.31,10.73,12.91,57.04,41.84,13.18,22.08,82.92,58.49,17.58,,22.6
2024-01-05 07:00:00,15.41,58.58,36.38,81.95,11.37,38.32,13.54,61.8,19.9,89.07,87.46,17.76,17.37,70.32,66.19,55.44,21.3,12.66,18.78,16.25,59.84,25.61,12.5,13.07,67.9,42.89,15.7,23.08,32.78,52.74,9.35,36.02,,52.14,11.4,8.39,17.25,23.72,29.3,15.36,10.81,12.98,57.24,41.5,13.38,22.05,82.76,58.32,17.44,,22.55
2024-01-08 07:00:00,15.34,58.38,37.94,83.85,11.31,38.32,14.45,61.71,20.28,87.76,87.38,17.63,17.33,70.25,65.85,55.9,21.0,12.69,18.82,16.25,59.84,25.77,12.46,13.2,66.6,42.25,16.12,23.54,32.87,53.3,9.43,35.65,,52.31,11.44,8.5,17.03,23.68,29.2,15.78,10.89,12.95,57.64,41.74,13.51,22.18,82.0,57.81,17.48,,22.89
2024-01-09 07:00:00,15.13,57.71,37.65,82.98,11.07,38.32,14.69,61.62,20.59,87.58,88.35,17.79,17.14,69.74,65.08,55.9,20.9,12.69,18.71,15.92,59.84,25.4,12.39,13.29,66.1,41.76,15.89,23.91,32.26,54.06,9.48,35.21,,51.88,11.91,8.5,17.14,23.61,29.2,15.96,11.1,12.8,58.31,41.41,13.54,21.95,81.92,57.72,17.39,,22.55
2024-01-10 07:00:00,15.28,57.32,38.75,82.43,11.07,38.8,14.41,59.77,21.27,86.27,86.97,17.61,17.56,68.37,64.74,55.82,21.1,12.78,18.48,15.78,59.84,24.82,12.42,13.33,66.2,41.32,15.75,23.41,32.45,54.95,9.43,35.02,,51.21,11.74,8.71,17.1,23.4,29.45,15.92,10.85,13.34,59.44,41.12,13.6,21.8,81.3,57.22,17.8,,22.5
2024-01-11 07:00:00,15.28,58.48,38.02,84.33,11.13,40.23,14.89,60.92,21.27,86.27,87.46,17.61,18.29,68.59,65.17,55.75,20.71,12.84,18.58,16.07,59.65,24.99,12.46,13.17,66.1,41.52,15.7,23.24,33.01,54.5,9.64,35.02,,51.72,11.78,8.79,17.25,23.54,29.5,15.8,10.73,13.34,59.3,40.44,13.67,21.82,81.38,57.56,17.85,,22.65
2024-01-12 07:00:00,15.62,58.0,37.61,84.09,11.07,40.04,14.34,59.68,21.62,85.43,86.73,17.19,18.15,68.37,64.39,54.81,19.93,12.91,18.34,15.78,59.45,24.7,12.5,13.61,64.8,40.98,15.19,23.08,32.54,53.75,9.48,34.58,,51.46,11.57,8.93,17.14,23.51,29.9,16.03,10.48,13.38,58.9,39.77,13.6,21.5,81.0,56.96,17.85,,22.31
2024-01-15 07:00:00,15.32,57.61,38.1,84.72,11.07,39.28,14.1,58.27,21.55,85.34,86.48,17.16,17.69,68.88,64.91,53.95,20.07,12.97,18.31,15.7,59.55,24.66,12.5,13.68,65.6,41.96,15.19,22.57,32.26,53.43,9.43,34.64,,50.87,11.82,8.82,17.03,22.92,29.8,15.87,10.6,13.2,59.77,40.06,13.7,21.52,80.92,56.79,17.58,,22.16
2024-01-16 07:00:00,15.38,57.51,38.35,85.44,11.07,39.28,14.57,60.04,21.55,87.2,86.4,17.32,17.92,69.1,64.82,53.64,20.47,12.97,18.78,16.65,59.74,24.45,12.58,13.71,67.1,43.33,15.52,23.12,32.36,54.63,9.52,34.89,,50.87,11.82,8.86,16.77,23.27,29.9,15.8,10.77,13.42,59.77,41.07,13.89,21.58,81.07,57.13,17.66,,22.31
2024-01-17 07:00:00,15.38,58.0,38.3,86.23,11.07,39.42,14.53,60.04,21.38,85.62,84.3,17.45,17.74,69.1,64.48,54.34,20.71,12.88,18.68,16.43,59.84,24.9,12.73,13.71,66.3,43.91,15.1,23.08,32.17,56.02,9.43,35.21,,50.87,11.91,8.71,16.85,23.37,29.7,15.75,10.73,13.24,60.37,40.35,13.83,21.6,80.46,56.88,17.53,,22.5
2024-01-18 07:00:00,15.5,58.38,38.84,86.15,11.19,39.42,14.49,60.56,21.62,85.99,85.43,17.45,17.83,69.02,64.57,54.11,20.61,12.84,18.68,16.4,59.84,25.85,13.1,13.84,66.4,44.84,15.19,23.37,32.12,56.28,9.43,34.96,,50.96,11.78,8.75,16.85,23.48,29.8,15.92,10.81,13.31,60.5,41.6,13.83,21.68,80.23,57.13,17.71,,22.74
2024-01-19 07:00:00,15.71,59.26,40.76,85.44,11.25,39.52,14.45,60.92,22.37,85.62,85.59,17.34,18.24,69.53,65.77,54.03,20.81,12.94,18.78,16.36,60.03,25.94,13.1,14.06,67.8,45.04,15.29,23.08,32.45,55.77,9.56,35.14,,51.72,11.61,8.82,16.89,23.4,30.3,16.17,10.69,13.42,61.49,41.46,14.03,21.65,80.76,57.64,17.89,,23.03
2024-01-22 07:00:00,15.92,59.26,40.72,89.63,11.31,39.47,14.65,59.95,22.41,85.34,86.0,17.24,18.34,69.6,65.42,53.72,20.56,13.09,19.12,16.76,59.84,25.77,12.99,14.09,67.7,45.14,16.12,23.41,32.36,55.45,9.56,35.21,,51.3,11.65,8.82,16.99,23.58,30.25,16.17,10.56,13.45,61.1,41.41,14.03,21.65,81.23,57.89,17.98,,23.08
2024-01-23 07:00:00,15.77,60.03,40.39,88.6,11.31,39.09,14.53,60.04,22.1,83.57,87.13,17.16,18.06,69.02,65.25,54.66,20.42,12.97,19.15,16.61,59.84,25.65,12.99,14.0,67.5,44.4,15.84,23.24,32.45,56.78,9.48,35.71,,50.79,11.61,8.79,16.89,23.48,30.5,16.4,10.65,13.42,60.76,40.78,13.93,21.55,80.76,57.39,17.89,,22.94
2024-01-24 07:00:00,15.62,60.03,39.98,86.07,11.37,38.99,14.38,59.15,21.96,83.29,87.46,17.13,18.02,68.59,64.99,54.73,20.42,13.06,19.09,16.61,59.84,25.52,13.03,13.96,66.2,43.43,15.57,23.08,32.26,56.53,9.43,35.65,,50.79,11.65,8.86,16.89,23.61,30.75,16.31,10.56,13.2,60.5,40.93,13.86,21.58,80.53,57.05,17.85,,23.13
2024-01-25 07:00:00,15.62,59.64,39.57,82.59,11.31,38.99,14.38,59.86,21.99,82.07,87.54,16.98,18.11,68.66,64.65,54.58,20.42,13.0,19.09,16.8,59.65,25.77,13.14,13.96,66.8,44.21,15.47,23.16,32.12,56.59,9.48,35.33,,49.53,11.7,8.9,16.89,23.58,30.5,16.19,10.48,13.09,60.43,40.54,13.7,21.4,80.69,56.71,17.85,,22.98
2024-01-26 07:00:00,15.92,59.84,40.02,83.06,11.43,39.13,14.41,59.77,22.03,82.91,86.4,17.16,17.92,69.24,64.48,54.66,20.95,13.15,19.15,17.12,59.84,25.73,13.14,14.03,65.8,43.91,15.47,23.83,32.12,56.59,9.43,35.27,,48.26,11.7,8.97,16.89,23.68,30.3,16.38,10.6,13.2,61.1,40.44,13.83,21.4,81.3,56.79,17.94,,22.94
2024-01-29 07:00:00,15.71,60.13,39.82,82.03,11.49,39.47,14.49,60.83,22.17,83.85,86.4,17.61,17.65,69.24,65.68,54.58,21.98,13.22,18.92,16.61,59.65,25.73,13.25,14.12,65.6,43.62,15.29,23.58,32.31,57.73,9.43,35.46,,48.77,11.61,8.93,16.81,23.58,30.35,16.31,10.97,13.09,60.56,40.25,13.83,21.32,81.38,56.79,17.94,,22.5
2024-01-30 07:00:00,15.71,63.23,39.61,82.11,11.49,39.28,14.69,61.01,22.1,84.31,86.65,17.58,17.79,69.02,65.51,54.19,22.42,13.49,18.92,16.83,59.45,25.61,13.37,14.09,66.1,44.4,15.33,23.79,32.36,57.79,9.52,35.4,,48.18,11.65,8.93,16.81,23.72,30.7,16.29,11.1,13.2,60.43,40.44,13.9,21.35,81.23,56.71,17.89,,22.6
2024-01-31 07:00:00,15.59,63.23,39.0,81.64,11.25,38.8,14.34,59.59,21.68,84.31,85.92,17.19,17.23,69.1,64.65,53.1,21.88,13.46,18.75,16.65,59.07,25.52,13.29,13.87,64.4,44.01,15.57,23.41,32.22,57.86,9.39,35.14,,47.42,11.48,8.42,16.74,23.89,29.9,15.98,10.85,12.88,58.77,39.96,13.8,21.25,80.46,56.79,17.62,,21.68
2024-02-01 07:00:00,15.74,63.9,38.63,84.72,11.19,39.52,14.41,59.33,21.99,84.5,85.92,17.37,17.1,72.13,64.74,53.8,23.4,13.46,18.82,16.65,59.36,25.19,13.48,13.96,65.1,45.19,15.57,23.62,32.22,57.98,9.39,34.77,,48.43,11.52,8.42,16.63,24.06,29.8,15.8,11.22,12.88,59.63,39.67,13.73,21.18,81.15,57.22,17.39,,21.87
2024-02-02 07:00:00,15.89,62.45,38.35,84.09,11.19,39.28,14.69,59.06,21.75,84.59,86.0,17.32,16.96,73.64,64.48,53.64,24.03,13.8,18.85,16.65,59.26,25.19,13.4,13.87,65.4,46.36,15.84,24.66,32.22,58.11,9.35,34.52,,48.01,11.4,8.31,16.63,24.17,29.9,15.8,11.22,12.62,59.97,39.67,13.46,21.05,80.61,57.13,17.08,,21.54
2024-02-05 07:00:00,16.83,61.48,39.78,85.44,11.13,39.32,14.65,57.21,23.26,84.69,85.92,17.47,17.28,74.73,64.48,53.64,24.47,13.99,18.92,16.8,59.55,25.48,13.7,14.63,64.9,46.36,15.84,24.83,32.17,57.54,9.31,34.83,,48.01,11.4,8.53,16.81,24.27,30.6,16.42,11.26,13.09,59.77,39.72,14.1,21.1,81.0,57.64,17.44,,21.05
2024-02-06 07:00:00,16.86,61.77,39.9,84.17,11.19,39.37,14.57,58.71,23.61,89.16,85.92,17.47,17.19,75.16,64.91,53.8,24.62,14.2,18.95,16.8,59.74,25.69,13.63,14.7,64.8,45.97,16.08,25.04,32.31,57.54,9.39,35.27,,48.26,11.4,8.39,16.81,24.31,30.8,16.49,11.1,13.06,59.44,39.48,14.23,21.15,80.38,57.3,17.53,,20.96
2024-02-07 07:00:00,16.95,61.97,40.02,83.85,11.19,39.47,14.57,58.45,24.36,89.72,86.97,17.79,17.19,75.74,64.91,54.19,24.76,14.54,19.02,16.9,59.84,25.77,13.67,14.98,64.9,45.58,16.12,25.12,32.36,57.67,9.39,35.46,,48.68,11.4,8.46,16.96,24.38,31.1,17.26,11.02,13.34,59.77,40.25,14.43,21.2,81.0,57.3,17.8,,21.15
2024-02-15 07:00:00,16.46,61.68,40.02,82.27,11.31,39.56,15.21,59.15,24.02,88.98,86.89,17.84,17.46,75.09,64.91,54.19,24.37,14.6,19.39,17.01,60.03,25.98,13.7,15.4,64.9,44.84,16.31,24.83,32.87,57.48,9.43,36.59,,49.19,11.48,8.64,16.99,24.38,31.25,17.77,11.18,13.6,59.7,40.4,14.69,21.28,80.38,57.3,17.98,,21.25
2024-02-16 07:00:00,16.71,61.58,39.69,82.67,11.37,40.71,15.13,58.53,24.19,89.07,86.32,17.89,17.33,75.88,65.68,54.42,26.03,14.39,19.32,16.98,60.13,25.94,13.52,15.3,66.2,45.28,16.5,24.83,32.87,57.22,9.52,36.84,,48.85,11.52,8.64,16.99,24.31,30.8,17.81,11.26,13.63,59.5,41.12,14.69,21.98,81.0,59.34,18.03,,21.73
2024-02-19 07:00:00,16.77,62.26,40.31,82.03,12.03,41.38,15.37,58.53,24.29,90.1,87.62,18.34,17.28,75.81,67.99,55.12,26.18,14.42,19.73,16.94,60.71,25.85,13.33,15.27,68.9,45.77,16.36,24.54,33.75,56.09,9.93,37.15,,48.77,11.74,8.71,16.85,24.45,30.7,18.0,11.14,13.56,59.9,43.86,14.63,23.5,80.92,60.95,17.98,,23.23
2024-02-20 07:00:00,16.68,61.77,40.39,82.27,11.85,40.95,15.17,60.74,24.16,92.05,89.48,18.24,17.14,75.3,67.39,56.14,27.55,14.58,19.73,16.76,60.71,26.18,13.37,15.21,68.8,45.77,16.36,24.66,33.61,56.09,9.85,36.9,,49.36,11.65,8.6,16.81,24.52,30.7,18.0,11.1,13.52,60.63,44.44,14.76,24.25,80.23,60.61,17.8,,24.63
2024-02-21 07:00:00,16.77,63.71,40.68,83.14,11.79,40.67,15.17,60.65,24.4,94.85,89.16,18.37,17.28,76.46,66.62,55.9,27.5,14.51,19.46,16.5,60.71,27.09,13.37,15.3,68.0,45.09,16.17,24.66,33.29,55.71,9.77,37.78,,48.94,11.57,8.64,16.77,24.27,31.5,18.04,11.02,14.07,60.56,43.33,14.83,23.62,79.38,60.44,17.94,,25.11
2024-02-22 07:00:00,16.74,63.03,40.68,87.02,11.85,40.38,15.21,60.83,24.5,94.39,88.67,18.16,17.19,75.52,66.79,55.59,27.3,14.14,19.29,16.4,60.8,26.76,13.33,15.27,68.1,44.31,15.94,24.33,33.38,56.66,9.72,37.4,,48.85,11.82,8.79,16.81,24.06,31.05,18.65,10.97,14.1,59.44,43.14,14.96,23.8,79.69,60.69,17.89,,25.5
2024-02-23 07:00:00,16.53,61.29,42.52,91.37,11.61,40.19,14.53,58.09,24.16,93.27,87.94,17.63,16.87,75.02,65.51,54.42,26.91,13.9,19.19,16.1,61.1,26.23,12.88,15.24,66.7,43.03,15.84,23.41,32.68,55.52,9.52,36.71,,48.01,11.48,8.6,16.81,23.72,30.65,18.55,10.56,13.78,59.04,41.7,14.63,22.6,79.84,60.18,17.71,,24.58
2024-02-26 07:00:00,16.65,61.29,43.82,94.14,11.55,40.28,14.53,57.92,24.46,99.8,88.1,17.97,16.68,77.98,65.34,57.77,28.13,14.02,19.46,16.32,61.0,26.23,12.95,15.3,66.7,43.38,15.66,23.62,32.78,55.96,9.56,36.46,,47.67,11.48,8.53,16.74,24.38,30.5,19.06,10.69,13.81,59.44,41.74,14.59,22.3,80.38,60.18,17.48,,25.11
2024-02-27 07:00:00,16.71,61.29,43.33,92.63,11.85,40.67,14.85,59.42,24.81,104.08,88.35,18.13,16.73,77.9,66.54,57.77,28.23,14.02,20.5,16.61,61.19,26.93,12.95,15.46,67.6,43.77,15.89,24.12,33.2,56.84,9.72,37.09,,47.42,11.52,8.64,16.74,24.93,30.75,19.41,10.85,13.81,60.5,42.56,14.59,22.58,79.61,61.03,17.58,,25.5
2024-02-28 07:00:00,16.95,61.39,44.07,89.79,12.15,40.67,14.81,59.33,24.67,103.06,87.7,18.31,16.82,78.34,66.88,58.48,28.23,14.33,20.67,16.65,61.19,26.76,13.03,15.56,68.3,44.31,15.84,24.0,33.71,57.04,9.77,38.41,,48.6,11.48,8.64,16.77,25.07,31.4,19.52,10.77,14.43,64.68,42.76,14.69,22.8,79.53,61.2,18.07,,26.85
2024-02-29 07:00:00,16.95,61.29,43.33,92.55,11.97,41.1,14.65,58.89,24.4,104.46,88.35,18.24,16.64,78.7,66.37,59.26,27.94,14.39,20.94,16.54,61.0,28.62,12.88,15.4,70.4,45.19,15.94,24.25,33.38,57.16,9.64,38.41,,49.27,11.4,8.57,16.74,25.7,31.55,19.52,10.77,14.32,64.62,41.79,14.56,22.5,79.3,61.03,18.07,,25.59
2024-03-01 07:00:00,16.83,61.58,43.74,90.97,12.03,41.0,15.01,60.92,24.43,106.32,88.27,18.42,16.77,80.0,66.54,62.76,28.48,14.39,20.84,16.76,61.19,28.87,12.84,15.3,70.5,45.58,16.12,24.25,33.43,60.51,9.72,39.1,,49.36,11.48,8.64,16.77,25.94,31.95,19.36,10.85,14.32,64.62,42.32,14.56,22.62,79.46,60.61,17.85,,25.74
2024-03-04 07:00:00,16.83,63.32,43.74,90.18,11.97,41.38,15.05,63.57,24.7,104.55,88.59,18.47,16.82,80.43,66.71,62.69,29.11,14.39,20.81,17.05,61.29,29.7,12.95,15.43,70.8,46.36,16.31,24.54,33.47,60.45,9.81,39.03,,49.1,11.52,8.6,16.7,25.8,31.75,19.36,11.02,14.14,63.75,42.32,14.63,22.62,79.69,61.03,17.8,,26.08
2024-03-05 07:00:00,16.92,63.42,44.48,91.76,11.97,41.48,15.44,64.36,25.01,105.76,88.27,18.52,16.82,79.92,67.74,62.37,29.01,14.51,21.04,17.09,61.29,29.74,13.29,15.68,75.7,48.9,16.03,24.25,33.47,61.21,9.81,39.72,,49.61,11.48,8.6,16.7,25.98,31.9,19.52,11.06,13.99,63.42,42.03,14.69,22.65,80.3,61.88,17.94,,25.79
2024-03-06 07:00:00,16.71,64.1,44.48,90.26,11.79,41.48,15.05,62.33,24.77,105.39,88.27,18.29,16.59,78.77,68.68,61.44,28.23,14.48,20.81,16.69,61.29,29.7,13.44,15.68,76.9,47.63,15.66,23.7,33.75,60.07,9.85,39.16,,51.63,11.4,8.57,16.63,25.77,31.55,19.78,10.77,13.85,63.49,41.5,14.56,22.65,79.92,60.86,17.62,,24.96
2024-03-07 07:00:00,16.65,66.81,43.58,92.24,11.91,43.01,15.09,62.33,24.57,112.76,91.59,18.58,16.68,80.36,68.94,62.37,28.43,14.3,20.94,16.61,61.29,30.15,13.33,15.56,80.8,47.92,15.75,23.95,34.92,61.02,9.81,39.54,,51.04,11.4,8.64,16.63,26.18,31.3,19.71,10.77,13.88,63.62,41.6,14.53,22.8,79.92,61.03,17.66,,25.11
2024-03-08 07:00:00,16.37,67.1,41.78,89.39,11.67,42.58,14.81,60.92,23.68,111.36,89.56,18.63,16.27,79.42,68.17,61.05,28.33,14.2,20.47,16.29,61.29,30.11,12.88,15.05,78.5,46.7,15.38,23.41,34.27,61.02,9.68,39.6,,50.54,11.22,8.5,16.59,25.56,30.65,18.97,10.6,13.42,63.15,40.97,14.33,22.4,79.76,59.34,17.26,,24.53
2024-03-11 07:00:00,16.19,64.97,41.29,89.07,11.55,41.53,14.49,61.1,23.44,110.05,89.16,18.86,16.5,79.42,66.71,60.5,28.87,14.27,20.2,15.96,61.29,30.11,12.46,14.63,77.5,45.38,14.96,22.91,33.47,62.6,9.6,38.91,,49.95,10.97,8.28,16.48,25.25,30.2,18.69,10.52,13.34,62.49,40.97,14.16,22.18,79.23,59.59,16.85,,23.66
2024-03-12 07:00:00,16.19,65.74,42.52,91.76,11.37,41.58,14.61,62.51,23.68,110.89,90.13,18.63,16.68,80.79,66.79,61.13,30.87,14.17,20.4,15.89,61.29,30.23,12.69,14.73,78.7,45.72,15.05,22.95,33.85,62.6,9.52,38.91,,49.78,10.67,8.2,16.48,25.21,30.25,19.06,10.52,13.34,62.69,41.12,14.16,22.08,78.84,59.34,16.85,,24.34
2024-03-13 07:00:00,16.74,67.0,43.01,91.84,11.61,42.15,14.97,66.83,24.12,118.64,91.43,19.31,16.68,84.47,67.74,62.84,31.55,14.27,20.81,16.43,61.1,31.06,12.8,15.21,80.9,47.48,15.43,23.54,34.55,64.18,9.6,39.91,,50.2,10.5,8.39,16.52,26.36,30.85,19.43,10.77,13.7,63.75,41.36,14.66,22.5,78.61,60.01,17.3,,25.01
2024-03-14 07:00:00,16.5,65.74,42.27,90.34,11.67,41.82,14.97,67.98,23.64,119.57,90.78,19.1,16.5,84.47,69.45,62.84,32.04,14.17,20.5,16.18,61.0,30.98,12.61,14.95,78.9,46.21,15.33,23.49,34.78,63.8,9.6,40.35,,49.44,10.58,8.31,16.52,26.29,30.45,19.16,10.77,13.52,63.09,41.31,14.43,22.98,78.46,59.76,17.08,,25.01
2024-03-15 07:00:00,16.56,65.36,42.68,89.94,11.67,41.29,15.01,67.89,23.85,118.45,89.97,19.1,16.41,83.75,70.57,62.37,33.8,14.2,20.34,16.07,61.29,30.73,12.46,15.17,78.5,46.31,15.38,23.49,35.06,63.29,9.48,40.16,,48.85,10.8,8.28,16.52,26.25,30.5,19.16,10.93,13.56,62.42,40.83,14.96,22.2,79.0,59.07,16.94,,24.87
2024-03-18 07:00:00,16.28,62.55,42.52,86.3,11.31,40.23,15.37,63.21,22.85,110.24,95.32,18.24,16.91,81.59,68.77,60.74,31.8,13.77,20.0,15.74,61.0,30.73,12.09,14.79,77.9,44.89,15.57,24.33,33.99,61.89,9.35,38.72,,47.76,10.62,8.1,16.41,25.45,30.25,18.55,11.67,13.2,61.76,40.54,14.79,23.05,78.3,58.3,16.53,,26.61
2024-03-19 07:00:00,16.25,62.35,42.19,87.02,11.43,40.23,15.54,62.07,22.85,110.99,95.64,18.26,17.1,80.86,68.34,60.04,31.8,13.8,20.13,16.14,61.0,30.23,12.16,14.79,77.4,44.5,15.38,24.0,34.87,61.38,9.31,38.78,,47.93,10.84,8.13,16.41,25.11,30.4,18.65,11.63,13.13,61.43,41.31,14.69,23.5,77.69,58.21,16.48,,25.83
2024-03-20 07:00:00,16.65,62.94,43.33,87.49,11.55,40.47,15.5,63.48,23.57,114.53,94.51,18.45,17.0,82.67,69.45,60.82,32.04,13.96,20.27,16.25,61.0,30.19,12.8,15.4,77.3,46.95,15.43,24.04,34.87,62.46,9.43,38.97,,47.93,10.67,8.24,16.48,25.84,31.15,19.57,12.29,13.42,61.89,40.93,15.69,23.25,77.84,58.38,16.94,,25.45
2024-03-21 07:00:00,16.95,63.61,43.33,88.04,11.55,41.0,15.7,63.39,23.95,114.72,94.59,18.63,16.73,83.9,69.45,61.13,32.48,14.76,20.44,16.5,61.0,30.73,12.69,15.78,78.0,47.43,15.94,25.71,35.8,62.78,9.43,39.47,,48.18,10.67,8.31,16.48,26.15,31.5,20.87,12.33,13.52,63.22,41.31,16.16,23.25,78.92,58.73,17.03,,26.03
2024-03-22 07:00:00,17.04,63.61,44.31,87.89,11.61,40.71,15.66,63.21,24.5,115.28,94.18,18.63,16.91,82.96,69.02,61.28,32.48,14.7,20.64,16.9,60.8,30.64,12.65,15.97,78.5,48.02,15.94,26.34,35.38,62.66,9.52,40.23,,48.26,10.67,8.39,16.34,26.25,31.65,20.77,12.25,13.52,64.02,41.22,16.09,23.3,78.61,58.21,17.08,,25.79
2024-03-25 07:00:00,16.65,63.03,43.33,86.23,11.55,41.0,15.54,64.01,23.81,111.92,94.26,18.47,16.96,82.31,68.94,60.89,31.16,14.54,20.4,16.72,60.52,30.48,12.46,15.75,75.5,47.24,16.5,26.3,34.82,61.06,9.43,39.85,,48.01,10.54,8.31,16.15,26.04,30.85,20.73,12.08,13.7,63.55,40.97,15.92,23.42,77.46,57.78,17.17,,25.16
2024-03-26 07:00:00,16.92,63.03,43.33,85.83,11.67,41.1,15.58,64.71,24.16,112.57,94.67,18.89,17.14,83.03,69.2,61.52,33.12,14.94,20.64,17.09,60.42,31.88,12.69,16.1,74.0,47.58,16.64,26.76,35.38,61.96,9.48,40.23,,47.93,10.5,8.35,16.3,26.39,31.0,21.26,12.66,13.81,63.95,41.17,16.19,23.52,78.38,58.13,17.8,,25.5
2024-03-27 07:00:00,16.95,63.13,42.92,88.92,11.67,41.48,15.78,64.89,24.36,112.57,94.26,18.81,17.1,83.17,68.85,62.37,32.63,14.91,20.67,17.52,60.42,31.72,12.61,16.13,75.4,49.59,16.87,26.84,35.38,62.02,9.48,40.1,,48.43,10.75,8.35,16.23,26.74,30.9,21.08,12.7,13.85,63.62,40.93,16.09,23.52,79.23,58.13,17.8,,25.06
2024-03-28 07:00:00,17.16,63.23,43.01,89.39,11.67,41.48,15.62,64.18,24.53,115.56,94.26,19.02,17.0,84.55,68.85,62.37,32.28,14.98,20.64,17.49,60.42,31.31,12.73,16.26,76.0,49.88,16.45,26.84,34.96,62.15,9.48,40.1,,48.18,10.71,8.42,16.23,27.19,32.0,22.21,12.5,13.78,63.55,41.7,16.12,23.8,79.38,58.13,17.85,,24.77
2024-03-29 07:00:00,17.25,62.84,42.6,87.02,11.61,40.95,15.45,64.45,24.4,115.09,94.35,18.79,16.91,84.11,68.77,62.14,32.38,14.88,20.44,17.2,60.32,31.22,13.22,16.19,74.2,49.98,16.08,26.63,34.73,62.91,9.43,40.04,,47.76,10.62,8.28,16.15,26.74,31.6,22.0,12.91,13.78,63.02,41.26,16.36,23.82,79.23,58.04,17.94,,24.96
2024-04-01 07:00:00,17.22,62.26,42.6,88.76,11.61,40.62,15.5,63.21,24.02,112.2,94.35,18.66,16.73,84.33,69.11,61.98,32.19,14.82,20.34,17.16,60.23,31.39,13.03,15.88,73.4,50.27,16.26,27.47,34.87,62.91,9.39,39.72,,47.84,10.67,8.31,16.15,26.95,31.4,21.95,13.11,13.52,63.22,41.31,16.16,23.92,79.0,57.53,17.85,,24.82
2024-04-02 07:00:00,17.19,63.32,42.43,91.53,11.85,40.62,15.54,63.48,24.02,114.34,94.02,18.79,16.73,84.47,70.74,62.53,34.43,14.76,20.54,17.56,60.13,31.43,13.06,15.81,74.5,50.47,16.22,27.55,35.29,62.97,9.56,40.23,,47.5,10.67,8.28,16.12,27.02,30.2,22.05,13.24,13.6,62.76,41.55,16.02,23.9,79.23,57.78,17.76,,24.68
2024-04-03 07:00:00,16.95,62.35,41.7,90.58,11.91,40.52,15.41,62.42,23.37,114.16,93.62,19.15,16.59,83.1,70.14,62.76,33.46,14.45,20.23,17.2,59.84,31.18,12.99,15.43,73.4,49.1,16.03,26.96,35.01,61.7,9.43,39.98,,47.17,10.54,8.17,16.08,26.43,30.1,21.65,12.91,13.34,62.29,41.5,15.66,23.88,78.61,57.27,17.58,,24.63
2024-04-04 07:00:00,16.68,61.48,41.7,91.68,11.67,40.33,15.17,62.15,23.02,114.34,93.29,18.97,16.45,82.31,69.88,62.22,32.33,14.42,20.0,16.87,59.74,30.85,12.84,15.17,73.4,49.59,16.31,27.17,34.59,62.02,9.35,39.47,,47.59,10.45,8.13,16.08,26.15,29.7,21.28,13.52,13.27,63.75,41.41,15.42,23.92,78.61,58.56,17.53,,24.43
2024-04-05 07:00:00,16.43,60.61,41.04,88.6,11.97,39.95,14.97,62.15,22.78,111.64,93.54,18.58,16.36,82.09,69.37,60.82,30.77,14.42,19.9,16.43,59.36,30.15,12.88,14.89,71.9,49.88,17.06,26.92,34.59,61.64,9.31,39.29,,47.25,10.58,8.1,16.04,25.56,29.6,20.91,13.56,13.13,63.02,41.36,15.09,23.9,78.38,58.3,17.66,,23.85
2024-04-08 07:00:00,16.43,60.03,41.53,88.36,11.91,39.8,14.81,61.71,22.99,108.19,93.21,18.21,16.27,81.3,68.42,60.42,30.97,14.76,20.0,16.43,60.32,29.61,13.06,14.98,71.9,48.9,16.87,26.63,34.5,60.75,9.27,39.22,,46.58,10.58,8.06,16.01,25.49,29.0,21.05,13.32,13.16,63.02,41.41,15.09,23.85,77.76,57.53,17.62,,22.79
2024-04-09 07:00:00,16.53,59.84,43.09,90.18,11.97,39.8,14.93,63.12,23.5,109.12,92.81,18.45,16.5,81.59,68.51,61.28,31.55,14.79,20.2,16.61,60.52,29.74,13.97,15.3,73.5,51.64,16.87,26.92,34.59,61.7,9.35,39.41,,46.33,10.67,8.13,16.01,26.04,29.15,21.19,13.28,13.42,62.62,41.6,15.33,23.85,78.61,57.53,17.58,,23.37
2024-04-10 07:00:00,16.4,59.35,42.52,89.23,11.73,39.8,14.85,62.07,23.09,109.96,93.13,18.21,16.5,82.16,67.91,61.59,30.92,14.79,20.03,16.47,60.71,29.74,14.12,15.17,72.5,50.86,16.54,26.42,34.08,63.99,9.35,39.29,,46.58,10.62,8.13,16.08,25.66,29.1,21.12,13.19,13.24,62.76,42.56,15.23,24.25,78.46,57.36,17.58,,23.42
2024-04-11 07:00:00,16.43,58.38,43.33,89.0,11.85,39.71,14.77,61.45,23.13,111.83,92.81,18.08,16.68,82.96,67.57,61.83,31.16,14.82,20.2,16.65,60.71,29.94,13.78,15.14,71.8,51.15,16.54,26.42,33.8,63.61,9.27,39.47,,46.66,10.58,8.06,16.12,25.8,28.85,20.87,13.98,13.24,62.42,42.52,15.23,24.15,77.69,57.18,17.58,,23.08
2024-04-12 07:00:00,16.95,59.06,43.66,95.16,11.85,40.14,14.97,62.6,24.64,111.17,94.02,18.21,16.68,83.39,68.34,63.7,31.26,15.01,20.23,16.65,60.71,30.11,14.72,15.72,71.9,50.86,16.5,26.71,34.31,65.58,9.31,40.05,,47.17,10.97,8.2,16.52,26.08,29.1,21.93,14.02,13.49,62.82,42.85,15.69,24.22,82.3,57.27,17.89,,23.32
2024-04-15 07:00:00,16.25,55.0,40.63,92.55,11.37,38.03,13.96,58.27,22.96,103.62,92.81,17.0,15.63,80.58,65.17,61.05,29.11,14.51,19.26,15.49,60.42,28.0,14.08,14.92,66.9,48.8,15.38,24.87,33.52,61.38,9.23,38.84,,46.33,10.41,8.24,16.34,24.27,27.5,20.54,13.07,12.62,61.1,40.83,14.96,23.5,81.46,55.72,16.89,,21.73
2024-04-16 07:00:00,16.43,53.83,41.13,92.48,11.55,37.7,13.67,58.27,23.37,105.86,92.89,17.19,15.58,81.59,65.17,61.13,29.65,14.51,19.15,15.09,60.42,28.29,14.65,15.24,66.1,48.8,14.68,24.37,33.47,61.0,9.02,38.52,,46.16,9.85,8.35,16.19,24.45,27.3,21.05,12.99,12.69,60.43,41.12,14.99,23.2,81.53,54.95,17.03,,21.44
2024-04-17 07:00:00,16.19,52.58,39.33,89.55,11.19,36.98,13.23,56.5,22.44,103.62,92.72,17.05,15.49,80.72,64.39,62.76,27.99,14.2,18.92,14.54,60.23,28.08,15.14,14.73,66.8,48.32,14.03,23.41,32.87,58.84,9.06,38.26,,45.48,9.68,8.06,16.23,23.89,26.8,20.75,12.82,12.26,60.1,40.25,14.72,22.5,79.53,55.12,16.48,,21.25
2024-04-19 07:00:00,16.1,49.96,39.53,83.3,10.83,36.88,12.62,53.86,21.68,100.73,90.21,16.37,15.17,78.7,64.31,62.37,27.45,13.74,18.78,14.21,60.03,27.26,15.14,14.47,66.5,47.14,13.47,21.91,32.26,58.2,8.77,36.99,,44.22,9.21,8.1,16.15,23.06,26.8,20.59,12.21,11.97,60.1,39.96,14.45,21.3,79.46,55.12,16.44,,20.57
2024-04-22 07:00:00,16.22,51.03,40.96,83.85,10.95,37.94,12.95,55.53,22.17,102.59,90.13,16.58,15.81,79.64,64.31,62.22,28.04,13.83,18.92,14.69,60.03,27.63,15.29,14.41,66.9,47.53,13.89,22.28,32.26,59.41,8.81,37.56,,44.81,9.43,8.17,16.19,24.38,27.65,20.94,12.5,12.62,60.17,39.92,14.51,21.0,79.46,54.95,16.62,,21.63
2024-04-23 07:00:00,16.13,48.9,40.39,84.64,10.89,37.6,12.62,55.53,21.62,102.59,90.62,16.42,15.95,81.08,63.62,61.59,26.96,13.71,18.65,14.18,59.74,27.63,15.44,14.03,64.7,48.71,13.52,21.15,32.59,58.84,8.65,37.24,,44.64,9.21,7.95,16.08,23.96,27.8,21.38,11.96,12.44,59.83,38.71,14.38,20.5,79.07,54.52,16.71,,21.15
2024-04-24 07:00:00,16.37,50.64,40.88,86.94,11.01,37.94,13.23,57.74,22.61,108.47,91.59,16.77,16.22,86.71,63.97,63.39,28.82,13.83,19.46,14.66,59.84,28.54,15.85,14.38,66.9,51.15,14.17,22.62,32.82,59.98,8.81,38.45,,45.15,9.51,8.13,16.15,24.76,28.6,21.74,12.78,12.98,60.17,39.1,14.65,20.8,79.61,54.95,16.89,,21.78
2024-04-25 07:00:00,16.22,50.83,40.55,86.23,10.95,37.65,13.07,57.48,22.65,108.28,92.16,16.4,16.5,88.95,63.45,63.47,28.72,13.9,19.29,14.63,60.03,28.58,15.66,14.19,68.1,52.62,14.17,22.32,32.68,59.92,8.73,38.26,,45.82,9.38,8.06,16.08,24.55,28.45,21.35,12.99,12.95,60.43,39.19,14.48,21.0,79.61,55.55,16.89,,21.78
2024-04-26 07:00:00,16.25,50.74,40.23,86.23,10.89,37.79,13.03,58.53,22.51,110.8,92.48,16.58,16.5,88.95,63.02,65.65,29.31,14.58,19.19,14.48,60.23,28.91,15.74,14.19,67.2,53.69,14.21,22.11,33.24,60.43,8.69,39.28,,45.82,9.34,8.31,16.08,24.45,28.2,21.56,13.15,12.91,60.56,39.29,14.45,22.22,80.0,55.81,16.85,,21.68
2024-05-02 07:00:00,16.34,52.28,40.23,88.12,10.89,38.41,13.47,58.71,22.2,112.11,92.24,17.08,16.31,91.91,63.36,65.65,29.31,14.6,19.15,14.78,60.42,28.91,15.44,14.28,68.0,54.38,13.94,21.95,33.34,61.13,9.19,40.94,,47.67,9.47,8.5,16.04,24.1,27.6,21.68,13.4,12.73,61.03,39.63,14.65,22.2,79.92,56.15,16.62,,21.97
2024-05-03 07:00:00,16.65,52.09,40.23,91.76,10.95,38.32,13.47,58.27,22.23,110.99,92.0,16.98,16.18,90.9,63.62,66.66,28.72,15.1,19.36,14.92,60.8,29.65,15.21,14.28,69.8,54.48,13.61,22.53,33.52,61.38,9.06,42.02,,47.76,9.55,8.42,16.01,24.06,27.55,22.3,13.36,12.62,61.43,39.58,14.51,22.22,81.53,56.32,16.71,,22.6
2024-05-06 07:00:00,16.71,53.35,41.29,91.76,11.31,38.85,13.84,59.33,22.78,114.25,88.35,17.45,16.5,92.13,64.14,65.65,30.48,15.01,19.8,15.22,61.0,29.49,15.29,14.6,71.1,57.02,13.89,23.33,34.17,61.0,9.19,41.64,,48.01,9.81,8.53,16.08,24.76,28.1,22.37,14.26,12.84,61.76,39.63,14.86,22.38,87.23,56.5,17.03,,22.55
2024-05-07 07:00:00,16.74,53.06,40.88,92.55,11.37,39.66,13.76,60.65,22.51,114.25,91.59,17.61,16.31,94.8,65.42,66.04,30.72,15.01,20.37,15.3,61.29,29.82,15.36,14.51,71.2,58.0,13.61,23.08,36.04,62.34,9.19,41.45,,48.6,9.81,8.46,16.12,24.69,28.3,22.16,14.84,12.8,61.69,39.53,14.86,22.5,91.23,58.38,17.08,,22.55
2024-05-08 07:00:00,16.68,52.77,40.72,91.21,11.61,39.37,13.76,60.39,22.37,115.18,91.27,17.89,16.54,94.58,66.37,66.19,30.97,14.88,20.74,15.41,61.58,29.74,15.29,14.38,72.3,57.8,12.68,22.7,37.25,62.08,9.23,42.34,,49.61,9.68,8.64,16.01,24.76,27.95,22.3,15.09,12.8,61.76,39.38,14.75,22.7,90.3,58.3,16.85,,22.4
2024-05-09 07:00:00,16.71,56.16,40.47,91.76,11.49,39.23,13.59,60.12,22.58,116.4,92.08,17.79,16.36,94.08,65.25,65.73,31.02,14.64,20.57,15.22,61.96,29.74,15.06,14.44,71.4,57.61,12.82,22.45,37.43,61.38,9.19,42.09,,48.52,9.6,8.53,16.04,24.45,27.8,22.42,14.96,13.09,61.43,39.43,14.79,22.7,90.69,57.18,17.03,,22.07
2024-05-10 07:00:00,16.77,55.19,40.1,91.76,11.43,38.99,13.59,60.21,22.54,115.46,92.56,17.79,16.22,94.58,64.74,65.18,30.92,14.64,20.57,15.41,62.25,29.74,15.14,14.41,70.8,57.61,12.63,23.33,37.34,62.02,9.06,42.09,,48.52,9.6,8.42,15.9,24.62,27.6,22.44,15.29,13.06,61.1,38.86,14.75,22.5,89.92,57.1,16.8,,21.73
2024-05-13 07:00:00,16.77,54.42,39.74,92.87,11.31,38.75,13.55,59.15,22.17,114.34,94.59,17.53,16.27,93.64,64.48,64.01,31.26,14.36,20.4,15.67,62.25,29.98,14.98,14.44,70.8,57.02,12.82,23.61,37.11,61.83,9.1,42.73,,47.93,9.6,8.46,15.9,24.72,27.25,22.39,14.96,12.98,60.43,38.62,14.62,22.5,91.38,56.5,17.08,,21.49
2024-05-14 07:00:00,16.8,56.54,39.33,92.0,11.43,38.7,13.59,59.5,22.17,115.93,94.51,17.68,16.22,94.22,64.48,64.17,31.75,14.39,20.4,15.56,62.25,29.65,15.14,14.57,70.6,58.78,12.86,23.42,36.28,61.32,9.06,42.47,,48.1,9.77,8.42,15.86,24.66,27.25,22.16,15.09,12.98,60.17,38.66,14.89,23.02,90.0,57.1,17.35,,21.49
2024-05-15 07:00:00,16.77,56.74,39.74,94.14,11.43,38.85,13.88,60.21,22.2,117.61,94.35,18.21,16.22,96.82,64.74,64.71,31.99,14.51,21.08,15.82,62.35,30.07,15.51,14.6,72.2,59.46,13.24,23.61,36.96,61.51,9.1,42.47,,48.52,9.72,8.42,15.9,24.97,27.8,22.25,15.37,12.95,60.43,38.76,14.96,23.18,90.23,57.53,17.3,,21.58
2024-05-16 07:00:00,17.1,56.25,40.55,94.22,11.73,39.09,13.88,60.04,22.78,117.52,93.7,18.37,16.36,97.76,65.08,65.81,31.8,14.94,21.35,16.04,62.54,30.4,16.57,14.92,72.4,58.58,13.28,23.88,36.96,61.83,9.23,43.75,,48.43,9.77,8.6,16.15,25.07,28.4,23.09,15.33,13.24,61.49,38.76,15.27,23.38,90.38,57.7,17.62,,21.87
2024-05-17 07:00:00,17.1,56.93,40.35,94.05,11.79,39.13,14.16,62.42,22.72,117.7,93.7,18.42,16.31,97.11,64.91,66.12,32.58,15.01,21.35,16.3,62.74,30.48,17.47,14.82,75.5,58.29,13.33,24.12,36.72,63.04,9.31,43.36,,48.94,9.77,8.71,16.08,25.28,28.5,23.02,15.62,13.27,60.96,39.34,15.27,23.42,90.3,57.53,17.62,,22.31
2024-05-20 07:00:00,17.1,60.9,40.55,92.88,11.97,40.57,14.2,62.42,22.89,116.21,93.78,18.39,17.0,96.03,65.17,65.42,32.82,15.35,21.62,16.38,62.93,30.48,17.32,14.95,76.4,58.68,13.33,23.88,36.77,61.96,9.39,43.04,,48.68,10.11,8.6,16.08,25.45,28.3,23.0,15.62,13.31,61.03,38.95,15.4,23.35,88.15,57.01,17.98,,22.07
2024-05-21 07:00:00,17.07,62.26,40.88,91.38,12.03,40.38,14.04,64.36,23.09,117.52,93.94,18.81,16.96,98.19,65.77,66.51,32.58,15.25,21.52,16.27,62.83,30.15,17.17,15.05,75.8,59.17,13.33,23.61,36.28,62.34,9.35,43.41,,48.85,10.28,8.6,16.04,25.56,28.3,22.52,16.32,13.24,60.5,38.71,15.47,23.22,86.53,56.84,17.98,,22.36
2024-05-22 07:00:00,16.92,61.1,40.72,91.38,12.99,39.95,14.0,63.39,22.65,117.42,93.86,18.89,16.73,99.64,65.68,65.49,32.04,15.04,21.15,16.38,62.64,30.23,17.51,14.79,73.9,59.66,13.47,24.53,36.48,62.4,9.39,43.41,,48.43,10.15,8.46,16.01,25.32,28.0,22.14,15.87,13.09,60.23,38.86,15.2,22.75,83.92,56.5,17.5,,22.36
2024-05-23 07:00:00,17.22,62.16,40.47,93.38,13.53,42.73,14.16,64.45,22.82,119.01,94.1,19.42,17.0,99.28,68.51,66.66,32.63,15.25,21.93,16.68,63.12,30.52,17.55,14.86,75.8,60.64,13.42,24.58,38.99,62.4,9.56,45.1,,50.12,10.28,8.53,16.04,25.49,28.55,22.18,16.11,13.2,60.43,39.05,15.23,22.78,85.69,57.53,17.7,,22.21
2024-05-24 07:00:00,17.71,59.55,40.23,91.55,13.59,42.73,13.67,63.12,22.3,118.45,95.16,18.66,16.45,95.23,67.74,65.1,33.46,14.94,21.48,16.08,62.93,29.41,17.7,14.63,73.5,59.17,13.47,24.02,39.67,60.36,9.39,44.58,,48.85,10.54,8.39,15.97,24.48,28.7,22.14,15.13,12.8,59.9,38.33,15.06,22.48,83.07,56.67,17.22,,21.54
2024-05-27 07:00:00,17.83,60.13,39.98,91.71,13.59,44.45,13.72,62.95,22.23,117.8,95.16,19.0,17.28,95.88,69.45,64.64,34.43,14.7,21.48,16.42,62.93,29.57,17.66,14.63,73.5,58.68,13.52,23.56,39.96,59.92,10.01,45.61,,49.27,10.5,8.42,15.82,24.38,28.7,22.18,15.74,12.77,59.9,38.33,15.06,22.52,83.84,56.75,17.22,,21.54
2024-05-28 07:00:00,17.95,60.71,40.14,92.55,14.01,45.02,13.92,66.39,22.1,118.36,95.32,19.0,17.23,98.91,70.22,64.87,34.78,14.91,21.67,16.45,63.02,29.94,18.86,14.73,75.5,60.15,13.52,23.7,40.2,60.36,10.3,46.42,,51.38,10.54,8.5,15.82,24.72,28.85,22.37,15.95,12.88,60.23,38.47,15.27,22.52,84.3,57.36,17.27,,21.68
2024-05-29 07:00:00,17.71,59.93,39.74,90.96,13.89,43.68,13.76,65.16,21.72,118.08,97.1,19.1,18.06,97.98,70.48,64.4,34.09,14.48,21.26,16.3,63.02,29.49,19.58,14.53,75.0,59.17,13.19,23.51,40.15,59.35,10.39,45.46,,50.96,10.41,8.39,15.79,24.45,28.25,22.18,16.28,12.77,59.63,37.99,14.99,22.2,83.0,56.93,17.27,,21.39
2024-05-30 07:00:00,17.8,59.06,39.0,90.71,13.83,43.11,14.08,63.92,21.82,116.58,100.1,18.89,18.11,97.47,69.54,64.64,35.17,14.27,21.0,16.08,63.02,29.78,19.62,14.24,77.2,61.42,13.19,23.14,40.01,59.09,10.59,45.46,,49.95,10.11,8.28,15.72,24.2,27.85,22.33,16.36,12.77,58.84,37.56,15.06,21.58,82.3,56.41,17.17,,20.86
2024-05-31 07:00:00,17.76,58.87,38.51,90.13,13.71,42.97,13.92,64.01,21.89,117.52,100.02,18.89,18.34,97.18,68.68,65.34,34.34,14.36,21.26,16.27,62.74,29.9,19.43,14.17,76.6,62.2,13.47,23.33,39.67,59.73,10.43,45.68,,49.1,10.07,8.28,15.72,24.1,27.85,22.42,16.19,12.73,57.91,37.41,14.89,21.78,82.38,56.15,17.22,,21.0
2024-06-03 07:00:00,17.87,61.0,38.67,90.3,13.89,43.44,14.48,64.54,22.37,116.96,98.32,20.2,18.2,98.84,68.94,64.95,34.19,14.82,21.56,16.68,63.02,31.39,19.43,14.73,77.7,62.59,13.94,24.07,40.15,59.54,11.13,46.2,,50.03,10.28,8.46,15.79,24.59,29.75,22.49,16.36,13.02,58.57,37.84,15.27,21.98,83.61,56.75,17.5,,21.54
2024-06-04 07:00:00,17.65,60.32,38.92,92.13,14.01,43.92,14.4,64.45,22.51,115.65,98.88,20.26,17.92,100.43,69.28,65.88,34.29,14.79,21.78,17.27,63.12,30.98,19.43,14.66,77.5,62.4,13.8,23.88,40.35,60.3,11.59,45.83,,51.72,10.24,8.39,15.79,24.59,29.95,22.71,16.44,13.02,58.9,37.94,15.34,22.05,83.38,56.67,17.41,,21.34
2024-06-05 07:00:00,17.55,61.58,38.96,93.38,14.01,45.26,14.24,63.83,22.23,114.72,98.24,20.39,17.92,101.15,69.11,65.49,34.34,14.64,21.74,17.27,63.7,30.6,19.39,14.47,78.1,60.64,13.7,23.88,40.49,60.05,11.38,45.9,,55.25,10.58,8.39,15.86,24.59,29.6,22.66,16.15,12.98,58.97,37.84,15.34,22.1,83.07,58.82,17.31,,21.73
2024-06-06 07:00:00,17.55,62.55,39.16,92.05,14.25,44.55,14.16,63.83,22.37,112.76,98.4,20.2,17.92,100.79,68.85,65.49,33.99,14.64,21.78,17.54,63.32,30.15,19.65,14.56,78.1,60.54,13.7,23.84,40.54,60.43,11.21,45.46,,55.17,10.45,8.6,15.86,24.59,30.7,22.9,15.95,13.16,59.1,37.6,15.34,21.85,83.53,57.7,17.31,,21.73
2024-06-07 07:00:00,17.73,62.55,39.04,90.88,14.25,44.45,14.16,64.1,22.51,113.6,98.48,20.44,18.2,102.52,68.85,65.03,34.19,14.64,21.78,17.54,63.41,30.81,19.69,14.63,77.6,60.74,13.75,23.7,40.15,60.17,11.54,45.46,,57.19,10.5,8.57,15.82,24.62,30.75,23.42,16.44,13.06,58.77,37.56,15.34,21.75,83.84,58.21,17.22,,21.44
2024-06-10 07:00:00,17.58,61.29,38.96,90.71,14.07,44.35,14.2,65.69,22.99,113.32,99.7,20.36,17.97,103.97,68.85,67.75,35.36,14.76,21.78,17.91,63.02,30.81,19.77,14.76,77.1,61.62,13.7,23.61,40.59,60.17,11.3,45.61,,57.02,10.37,8.53,15.82,24.55,31.1,23.33,16.28,13.24,58.44,37.46,15.44,21.72,83.84,57.7,17.27,,21.34
2024-06-11 07:00:00,17.4,60.9,38.71,90.3,13.95,43.73,14.04,65.51,22.78,113.78,98.52,20.47,17.42,105.77,68.85,67.05,34.78,14.54,21.63,18.13,62.74,30.73,19.35,14.69,75.8,60.93,13.24,23.47,41.8,59.98,11.71,45.46,,56.94,10.15,8.46,15.75,24.86,31.2,23.54,15.95,13.13,57.91,36.74,15.68,21.6,81.38,57.1,17.5,,20.96
2024-06-12 07:00:00,17.69,62.16,39.16,89.55,13.95,44.26,14.2,65.33,22.99,114.9,97.68,20.39,17.65,110.37,68.94,66.82,34.92,14.82,22.0,18.32,63.12,31.35,19.65,15.05,77.8,62.01,13.38,23.88,41.7,61.64,11.59,46.56,,56.43,10.32,8.57,15.79,25.42,31.35,23.57,16.15,13.31,58.9,37.07,15.71,21.65,81.76,57.53,18.56,,21.1
2024-06-13 07:00:00,17.87,62.35,39.53,89.21,13.95,43.83,14.24,64.8,23.26,115.0,96.76,20.36,17.56,108.7,68.77,66.27,34.53,14.88,21.93,18.21,60.03,31.88,20.03,15.35,78.6,62.59,13.38,24.35,40.83,61.89,11.71,46.93,,55.25,10.24,8.71,15.86,25.35,31.65,23.57,16.15,13.7,58.7,36.83,15.68,21.6,81.53,57.44,18.6,,20.96
2024-06-14 07:00:00,17.73,60.8,38.84,89.21,13.71,42.63,14.0,64.1,22.51,113.5,97.18,19.31,17.0,109.54,67.74,64.71,32.24,14.79,21.63,17.57,58.78,30.98,20.71,15.05,78.0,61.62,13.19,23.7,39.19,60.94,11.38,45.1,,53.4,10.15,8.5,16.08,25.07,30.55,23.42,15.62,13.45,58.11,36.78,15.4,21.0,80.61,56.84,17.89,,20.72
2024-06-17 07:00:00,17.69,59.93,38.02,88.21,14.01,42.44,13.88,63.57,22.47,113.32,96.68,19.57,17.19,107.7,66.54,65.34,32.58,14.54,21.89,18.77,57.91,31.02,20.48,15.15,76.2,60.64,13.14,23.14,38.61,61.06,11.54,45.17,,53.57,10.07,8.46,16.37,24.93,30.5,23.19,15.37,13.38,57.84,36.88,15.1,21.0,80.61,56.67,17.93,,20.43
2024-06-18 07:00:00,17.69,60.61,38.02,89.21,14.62,43.49,13.88,64.89,22.2,121.25,97.52,19.63,17.0,107.03,66.88,65.18,33.16,14.64,21.85,18.77,57.52,31.22,20.41,15.15,76.2,60.83,13.1,23.05,39.67,61.45,12.33,46.56,,53.57,10.07,8.42,16.59,25.07,30.55,23.28,15.78,13.42,57.84,36.88,15.1,21.05,80.46,56.58,17.79,,20.38
2024-06-19 07:00:00,17.76,60.71,37.69,90.46,14.68,43.88,13.67,67.36,22.3,119.57,97.1,19.81,17.23,109.95,67.05,65.1,32.82,14.64,21.82,18.8,56.37,31.14,20.37,15.18,75.6,61.91,12.96,22.73,40.15,61.57,12.37,46.71,,52.22,10.02,8.42,16.74,25.14,30.9,23.04,16.32,13.38,57.51,36.59,15.06,20.75,79.46,56.07,18.18,,19.94
2024-06-20 07:00:00,17.87,61.97,37.2,91.55,14.74,43.35,13.5,67.54,22.1,121.25,97.18,19.57,17.05,111.46,66.88,64.87,33.21,14.58,21.82,18.8,56.37,31.02,20.37,15.15,75.8,62.11,12.68,22.63,39.96,62.21,12.5,48.18,,52.31,10.07,8.42,16.99,24.93,30.75,23.66,17.43,13.53,57.11,36.59,15.06,20.72,79.84,56.67,18.84,,19.56
2024-06-21 07:00:00,17.69,61.97,37.28,89.63,14.49,43.25,13.42,67.28,22.1,122.92,96.76,19.6,17.05,113.8,66.79,65.03,33.75,14.3,21.59,18.8,56.37,30.98,21.69,15.12,76.2,62.11,12.49,22.31,40.93,62.15,12.17,47.3,,51.8,9.94,8.39,17.36,24.66,30.65,23.38,17.26,13.42,57.11,36.35,14.92,20.82,78.84,56.67,18.75,,19.32
2024-06-24 07:00:00,17.36,59.93,36.79,87.63,13.83,42.63,13.42,64.45,21.72,116.21,95.34,18.71,16.73,110.46,65.59,63.93,32.24,13.8,21.33,17.91,55.98,30.27,21.27,14.76,73.7,60.64,12.4,22.4,39.43,61.89,12.41,46.64,,51.8,9.77,8.2,16.52,24.03,29.5,22.85,16.11,12.9,56.78,36.06,14.58,20.55,78.15,56.24,18.03,,19.27
2024-06-25 07:00:00,17.33,61.0,36.14,87.3,13.71,42.92,13.42,64.1,21.68,116.3,95.09,19.1,16.82,108.7,65.42,64.71,32.82,13.96,21.33,18.66,55.88,30.64,21.35,14.73,73.9,60.64,12.49,22.4,39.67,61.38,12.41,47.0,,51.04,9.9,8.28,15.46,24.0,29.6,22.9,16.32,13.01,56.78,36.4,14.58,20.6,78.15,56.24,18.18,,20.57
2024-06-26 07:00:00,17.36,63.9,36.38,87.13,13.89,42.87,13.34,64.54,21.48,116.58,94.67,19.31,16.77,110.2,65.59,65.49,35.12,14.02,21.48,18.69,55.3,30.56,21.65,14.66,74.0,61.23,12.4,22.22,41.02,61.13,12.66,46.93,,50.54,9.94,8.24,15.46,23.89,29.5,22.9,16.03,13.01,56.58,36.11,14.55,20.6,78.15,55.98,18.18,,20.09
2024-06-27 07:00:00,17.26,63.13,36.06,85.88,13.59,44.07,13.26,64.18,21.48,115.46,94.92,19.42,16.87,111.04,65.59,65.03,35.17,14.17,21.44,18.54,53.08,30.98,21.57,14.66,74.5,62.01,12.63,22.5,39.96,60.75,12.21,46.93,,51.04,9.94,8.2,15.2,23.82,29.2,22.38,15.99,12.94,56.58,36.21,14.48,20.5,78.46,56.07,18.18,,19.7
2024-06-28 07:00:00,17.15,61.77,35.36,83.38,13.05,44.07,12.97,61.89,21.27,114.25,94.92,18.94,17.37,109.12,65.68,64.71,33.41,14.2,21.04,17.83,53.08,30.48,21.24,14.47,74.7,61.51,12.4,21.94,39.57,60.75,12.33,45.9,,50.54,10.11,8.28,15.2,23.58,28.8,22.28,15.62,12.75,56.58,36.26,14.38,20.6,78.07,56.24,17.84,,19.75
2024-07-01 07:00:00,17.15,61.1,35.89,82.54,13.29,44.45,13.13,62.86,21.96,113.78,94.92,19.0,17.0,107.53,66.62,63.93,33.51,14.27,21.07,18.21,53.57,30.56,21.01,14.63,76.0,64.87,12.4,22.22,39.48,59.79,12.04,46.56,,51.3,10.28,8.42,15.24,23.54,29.3,21.61,15.62,12.86,57.18,36.3,14.51,20.68,77.46,56.67,18.18,,21.1
2024-07-02 07:00:00,17.33,61.77,37.41,82.13,13.35,45.6,13.26,63.74,22.17,115.0,95.0,19.1,17.37,107.03,67.05,63.54,33.8,14.88,21.33,18.54,55.01,31.31,22.29,14.79,76.3,65.06,12.54,22.68,40.01,60.43,12.0,46.34,,51.55,10.28,8.53,15.28,23.86,29.6,21.85,15.99,12.94,58.57,36.74,14.65,20.8,77.69,56.84,18.13,,20.96
2024-07-03 07:00:00,17.47,61.87,38.59,84.21,13.29,45.02,13.26,63.74,22.2,116.4,95.09,19.44,17.65,109.54,67.05,64.09,33.8,15.13,21.37,18.58,55.11,31.26,22.74,14.92,76.5,64.57,12.58,22.45,40.49,60.17,12.5,46.93,,51.8,10.37,8.53,15.31,23.93,29.9,22.42,15.95,13.01,58.77,36.69,14.62,20.68,77.84,56.84,18.18,,20.57
2024-07-04 07:00:00,17.4,61.77,38.67,83.54,13.71,44.88,13.26,63.57,22.17,116.58,95.59,19.42,17.51,113.55,67.05,63.93,34.19,15.16,21.33,18.62,54.72,31.35,23.61,14.86,76.8,64.18,12.49,22.31,42.48,60.36,12.21,47.88,,51.38,10.32,8.5,15.28,23.89,29.9,22.42,16.03,13.08,58.44,37.03,14.55,20.7,77.84,57.01,18.22,,20.52
2024-07-05 07:00:00,17.51,61.97,38.67,82.71,13.71,44.45,13.17,63.39,22.44,116.58,94.75,19.65,17.51,115.97,67.39,65.18,34.29,15.07,21.3,18.62,55.01,31.64,24.25,14.86,76.7,64.67,12.3,21.99,42.52,60.43,12.08,47.81,,50.51,10.28,8.53,15.28,24.06,30.1,22.42,16.11,13.12,58.44,37.03,14.51,20.7,78.15,57.7,18.32,,20.09
2024-07-08 07:00:00,17.47,62.55,38.43,81.71,13.95,44.35,13.5,64.18,22.37,118.73,93.75,20.39,17.28,116.73,67.48,65.49,35.66,15.07,21.41,18.92,54.44,30.73,24.28,14.79,76.2,66.05,12.35,21.34,44.99,60.68,12.46,48.76,,49.12,10.37,8.5,15.24,24.0,30.15,22.38,16.36,13.16,57.91,36.59,14.58,20.2,77.92,58.04,18.22,,19.6
2024-07-09 07:00:00,17.51,64.58,38.84,81.96,14.37,45.5,13.55,65.6,22.44,119.38,93.58,20.2,17.37,114.97,67.74,66.27,37.12,15.59,21.56,18.8,55.11,30.98,24.06,15.09,76.5,65.85,12.4,21.57,44.51,62.78,12.66,50.96,,49.9,10.71,8.57,15.28,24.06,30.35,22.28,16.69,13.27,58.51,36.88,14.65,20.4,78.0,57.96,18.56,,19.8
2024-07-10 07:00:00,17.47,63.23,38.35,81.71,14.19,44.64,13.38,64.45,22.23,117.98,92.49,19.91,17.56,112.04,67.31,65.57,36.14,15.41,21.52,18.88,54.92,31.31,23.49,15.18,76.8,64.28,12.26,21.38,45.04,62.34,12.46,52.21,,49.12,10.84,8.6,15.28,23.86,29.85,22.09,16.81,13.23,58.84,36.83,14.62,20.3,77.69,57.36,18.37,,19.85
2024-07-11 07:00:00,17.4,62.64,38.26,81.21,14.07,44.16,13.55,64.63,22.1,117.7,92.99,19.6,17.6,111.21,67.05,65.26,36.09,15.62,21.44,18.54,54.82,31.84,23.53,15.05,75.8,63.88,12.49,21.89,45.28,61.96,12.5,52.43,,49.03,10.58,8.6,15.28,24.17,29.85,21.75,16.69,13.27,58.51,37.03,14.58,20.55,77.69,56.93,18.22,,19.99
2024-07-12 07:00:00,17.29,62.94,38.1,81.29,14.37,43.59,13.46,64.98,21.96,117.05,93.41,19.65,17.42,111.88,66.88,65.49,37.02,15.53,21.18,18.58,54.82,31.39,23.53,14.99,74.8,63.88,12.35,21.62,44.8,62.15,12.58,52.14,,48.77,10.58,8.6,15.2,23.93,29.75,21.75,16.85,13.31,58.17,37.07,14.58,20.88,78.46,56.93,18.18,,20.04
2024-07-15 07:00:00,17.26,65.06,38.06,80.21,14.55,44.11,13.46,64.54,22.03,116.96,94.42,19.7,17.42,110.96,67.14,65.09,37.61,15.69,21.15,18.32,54.72,31.22,23.64,15.02,74.5,63.39,12.3,21.43,46.44,62.15,12.58,52.8,,48.59,10.84,8.68,15.2,23.82,29.75,21.61,16.93,13.08,58.11,36.59,14.58,20.68,80.15,56.84,17.98,,19.65
2024-07-16 07:00:00,17.36,66.32,38.55,80.38,14.19,44.55,13.75,65.16,22.3,116.96,100.95,19.44,17.23,112.04,67.14,65.09,37.32,15.91,21.15,18.13,54.72,31.22,23.8,15.35,74.0,63.19,11.74,20.74,45.57,61.76,12.33,54.19,,48.59,11.18,8.64,15.2,23.89,29.9,21.66,16.77,13.23,58.37,36.5,14.58,20.52,81.15,56.75,18.18,,19.51
2024-07-17 07:00:00,17.65,65.26,39.24,82.21,13.59,44.45,13.3,63.21,22.65,115.46,98.69,18.47,17.05,110.29,66.88,64.85,34.73,16.2,20.96,17.68,54.34,30.48,24.1,15.97,71.8,62.6,11.28,19.39,43.54,61.0,11.5,52.94,,47.02,10.5,8.6,15.2,23.72,30.4,22.61,15.62,13.23,58.44,35.92,14.79,20.3,81.15,56.41,18.18,,19.07
2024-07-18 07:00:00,17.87,65.84,39.65,82.54,13.83,45.02,13.46,63.21,22.96,114.72,96.34,18.84,17.23,106.94,66.97,63.97,35.22,16.14,21.11,18.21,54.63,30.4,24.02,16.23,71.2,64.08,11.51,19.53,45.96,61.06,11.75,52.8,,47.29,11.1,8.68,15.35,23.86,30.6,22.61,15.99,13.34,58.44,36.06,14.75,20.27,81.3,56.58,18.22,,19.46
2024-07-19 07:00:00,18.08,65.65,39.0,81.12,13.65,43.83,13.17,61.71,22.92,113.13,95.09,18.63,17.1,105.36,66.71,63.09,33.7,16.04,20.96,17.72,54.53,30.23,24.25,16.55,71.0,64.67,11.09,18.75,45.38,60.87,11.01,51.55,,48.07,11.1,8.57,15.39,24.17,30.3,22.33,15.37,13.64,58.11,36.45,14.68,20.38,81.23,56.07,17.98,,19.22
2024-07-22 07:00:00,17.83,65.55,39.0,80.46,13.35,42.87,12.92,58.98,23.09,106.32,93.16,18.26,16.87,103.77,66.02,62.45,31.99,16.27,20.85,17.05,54.53,29.82,23.91,16.42,72.2,64.37,10.39,18.61,44.85,59.92,11.13,50.23,,48.51,11.4,8.49,15.46,24.06,30.0,22.56,14.8,13.79,58.24,36.5,14.62,20.38,81.0,56.15,17.98,,19.36
2024-07-23 07:00:00,17.29,64.58,37.61,78.04,12.81,41.67,12.63,57.83,22.23,101.1,92.99,18.13,16.5,104.94,65.85,61.33,29.89,16.11,20.66,16.86,54.44,29.32,23.91,15.57,71.0,61.61,10.35,18.01,44.02,59.67,10.63,50.08,,47.64,11.01,8.34,15.68,23.51,29.0,21.99,14.14,13.16,58.11,36.45,14.45,20.42,81.53,56.58,17.6,,19.36
2024-07-24 07:00:00,17.44,64.78,37.69,78.12,12.93,40.67,12.76,58.71,22.1,102.59,93.66,18.26,16.82,105.36,66.02,62.37,31.94,16.11,20.59,17.09,54.34,29.74,23.49,15.61,71.5,60.53,10.63,18.7,44.99,60.3,10.92,50.6,,47.55,11.1,8.41,16.04,22.85,29.2,21.94,14.63,13.31,58.11,36.45,14.38,20.45,83.0,56.32,17.7,,19.46
2024-07-25 07:00:00,17.33,66.9,37.61,77.71,13.05,41.38,12.59,58.71,21.65,103.53,93.75,18.37,16.82,104.52,65.85,62.21,32.24,16.11,20.33,17.05,54.24,29.74,22.89,15.61,71.0,60.13,10.53,18.56,44.85,60.3,10.68,51.7,,47.02,11.22,8.38,16.01,22.16,28.8,21.71,14.59,13.19,57.97,36.4,14.24,20.8,83.0,56.32,17.55,,19.02
2024-07-26 07:00:00,17.36,70.2,37.81,78.71,13.23,41.38,12.72,59.33,21.99,105.58,93.83,18.52,16.96,107.03,66.19,63.25,32.33,16.14,20.4,17.27,55.98,29.74,22.14,15.83,74.0,60.13,10.3,18.38,46.25,61.19,11.21,52.06,,47.9,11.22,8.41,16.04,22.29,29.1,21.71,14.72,13.23,57.97,36.35,14.31,20.8,82.92,56.5,17.6,,18.64
2024-07-29 07:00:00,17.4,70.97,38.51,80.12,13.23,41.53,12.72,59.5,22.03,105.39,94.17,18.86,16.77,107.86,66.02,63.25,32.72,16.24,20.74,17.39,56.27,29.9,22.44,15.7,74.0,61.12,10.25,18.1,46.25,61.57,11.26,52.43,,47.81,11.27,8.38,16.04,22.36,29.1,21.71,15.29,13.42,57.97,35.73,14.31,20.8,81.69,57.7,17.6,,18.3
2024-07-30 07:00:00,17.4,70.97,38.26,79.79,12.99,41.19,12.68,59.33,21.96,104.83,94.25,18.6,16.77,107.03,66.19,63.25,32.48,16.27,20.74,17.09,56.27,29.74,22.21,15.97,74.6,62.11,10.63,17.59,45.57,61.64,11.09,51.7,,47.72,11.1,8.41,16.01,22.19,28.9,21.9,15.13,13.34,58.11,35.34,14.1,21.1,81.07,58.13,17.74,,18.11
2024-07-31 07:00:00,17.69,70.68,38.92,80.71,13.71,41.77,12.76,57.39,21.96,104.46,95.34,18.52,16.73,107.53,68.51,64.05,32.24,16.91,20.22,16.27,56.27,29.94,21.95,15.9,74.1,62.9,11.04,17.59,44.41,61.76,11.13,51.04,,48.24,11.05,8.45,15.93,22.09,29.0,22.18,14.88,13.45,59.24,35.34,14.51,21.15,81.46,61.48,18.18,,17.96
2024-08-01 07:00:00,17.26,65.74,38.26,79.88,13.47,41.0,12.05,56.94,21.58,98.86,94.67,18.08,16.54,104.35,67.65,63.17,30.67,16.59,19.85,15.56,56.08,28.75,21.84,15.25,71.8,61.22,10.44,16.39,43.83,62.21,10.88,49.79,,47.9,10.71,8.26,16.04,21.04,28.05,21.94,13.85,13.12,60.23,35.1,14.17,21.05,80.15,60.36,17.74,,17.58
2024-08-02 07:00:00,17.26,66.61,39.04,79.88,13.47,41.67,12.1,56.24,21.65,99.89,94.5,18.37,16.59,103.01,67.65,64.85,31.6,16.78,20.26,16.01,55.69,28.91,21.46,15.51,72.2,62.01,10.72,16.66,45.96,62.97,11.42,51.55,,47.98,10.97,8.23,16.52,21.7,28.4,22.42,14.35,13.16,58.9,34.67,14.45,21.0,80.61,61.39,17.93,,17.34
2024-08-05 07:00:00,16.72,65.36,37.69,75.87,13.05,40.14,11.27,52.35,20.69,94.39,93.08,17.16,16.64,99.17,65.59,60.53,29.4,15.75,19.29,14.92,54.63,28.5,20.41,14.96,70.5,60.73,10.25,15.74,44.02,60.56,11.01,47.96,,45.28,10.54,7.81,16.01,20.56,27.2,21.28,13.4,12.45,57.71,33.22,13.86,20.65,76.84,59.59,17.36,,16.23
2024-08-06 07:00:00,16.93,68.74,38.22,77.54,13.35,40.57,11.76,53.06,20.96,98.86,93.24,17.66,16.91,101.01,66.28,61.65,30.62,15.98,19.55,15.63,54.44,29.16,20.97,15.25,73.2,61.42,10.58,16.2,45.48,60.81,11.38,48.91,,46.42,10.88,7.96,16.08,21.25,28.4,21.28,14.3,12.86,57.97,33.51,14.24,20.65,77.3,62.42,17.55,,16.42
2024-08-07 07:00:00,16.86,69.71,37.94,77.46,13.65,40.52,11.81,53.24,20.72,98.86,92.99,18.26,16.91,102.01,68.08,61.09,31.8,15.98,19.36,15.74,53.37,29.49,21.27,15.22,73.0,61.42,10.63,16.48,46.25,60.75,11.38,48.25,,46.07,10.88,7.96,15.79,21.25,28.4,20.8,14.63,12.64,58.24,35.82,14.14,21.18,76.38,63.36,17.22,,17.38
2024-08-08 07:00:00,16.75,69.23,37.61,77.46,13.77,40.81,11.97,53.41,20.72,97.0,92.91,18.24,16.87,101.51,70.05,61.25,31.16,16.04,19.03,15.37,53.08,29.12,21.35,15.02,74.5,61.51,10.63,16.02,46.01,59.98,11.42,48.62,,45.98,10.84,7.88,15.79,20.84,28.25,19.89,13.65,12.53,57.97,36.21,14.14,20.9,76.38,62.42,17.08,,17.05
2024-08-09 07:00:00,17.0,69.23,38.18,78.12,13.95,41.48,12.14,54.12,21.62,99.33,93.25,18.76,16.87,106.11,69.97,61.73,31.75,16.4,19.36,15.56,53.57,29.45,21.38,15.28,75.2,64.67,10.63,16.39,46.44,60.81,11.46,49.13,,46.68,10.92,7.96,15.86,21.74,28.85,20.13,13.65,12.68,58.24,35.82,14.31,20.6,77.61,62.94,17.22,,16.9
2024-08-12 07:00:00,17.15,68.94,38.26,80.88,13.95,41.48,12.18,54.47,21.75,101.29,92.91,18.89,17.33,108.7,70.74,63.25,32.43,16.43,19.21,15.67,53.37,29.49,21.54,15.44,75.2,65.66,10.44,16.2,47.27,61.7,11.26,50.52,,47.02,11.01,7.96,15.9,22.22,29.2,20.27,13.19,12.79,58.31,35.15,14.24,20.3,77.76,62.68,17.36,,16.8
2024-08-13 07:00:00,17.0,68.94,38.14,80.62,14.13,41.0,12.05,54.12,21.86,101.66,92.73,18.79,17.23,108.45,69.88,62.93,32.33,16.68,18.88,15.41,53.18,29.57,21.69,15.38,74.8,65.75,10.49,16.8,47.27,61.96,11.09,49.72,,47.29,10.92,7.96,15.57,22.02,29.15,20.04,13.65,12.79,59.44,35.0,14.07,20.35,79.07,63.36,17.36,,16.85
2024-08-14 07:00:00,16.97,69.71,38.47,79.96,13.89,41.48,11.97,54.3,21.82,100.36,91.44,18.94,16.96,108.28,70.31,63.09,32.63,16.65,18.92,15.18,53.28,29.49,21.69,15.25,76.5,65.66,10.39,16.57,47.6,61.96,11.05,50.6,,48.51,10.92,7.92,15.79,21.81,29.2,20.23,14.02,12.75,58.44,35.82,14.1,20.4,78.84,63.54,17.22,,17.38
2024-08-15 07:00:00,16.93,68.55,38.14,80.71,13.77,40.95,11.81,53.86,21.86,99.33,91.26,18.89,16.82,107.61,69.62,63.41,31.89,16.81,18.73,14.63,52.6,29.32,22.14,15.15,75.0,64.97,10.44,16.29,47.41,61.64,10.8,49.5,,48.51,10.84,7.88,15.75,21.46,28.95,20.18,14.02,12.68,58.17,36.45,14.24,20.4,79.07,63.36,17.22,,17.19
2024-08-16 07:00:00,17.29,70.0,38.84,84.63,14.49,42.1,12.55,56.06,22.3,103.34,91.7,19.47,17.05,109.2,70.82,63.89,33.75,17.39,19.03,15.18,53.47,30.69,23.23,15.67,77.3,68.02,11.14,17.4,48.96,62.4,11.13,51.26,,49.03,11.01,8.04,15.79,22.71,29.35,20.47,14.92,12.97,58.51,36.98,14.48,20.58,80.76,63.36,17.6,,17.67
2024-08-19 07:00:00,17.33,70.2,39.16,84.79,14.49,42.63,12.63,56.68,22.41,103.43,91.78,20.05,17.56,109.12,72.45,66.29,33.95,17.36,19.21,15.41,52.99,30.64,23.72,15.67,77.8,68.02,11.28,17.73,48.77,66.73,11.17,51.55,,50.33,11.22,8.04,15.79,22.5,29.65,20.9,14.84,12.97,58.97,37.17,14.72,20.58,80.76,65.25,17.65,,17.67
2024-08-20 07:00:00,17.36,70.2,40.19,85.54,14.49,42.63,12.88,57.74,22.78,104.46,92.21,20.05,17.51,109.95,72.45,66.29,34.29,17.23,19.18,15.56,53.57,31.18,23.49,15.8,77.6,68.51,11.84,18.93,47.85,68.7,11.17,51.26,,50.51,11.22,8.07,15.79,22.68,29.65,20.85,15.25,13.01,60.3,37.94,14.65,20.85,81.07,64.91,17.79,,18.11
2024-08-21 07:00:00,17.58,69.71,41.37,86.21,14.62,42.82,13.21,57.21,23.47,105.2,92.47,20.05,17.6,111.63,72.88,66.77,34.43,17.42,19.44,15.71,53.66,31.14,23.76,16.13,77.5,68.81,11.74,19.44,47.22,68.95,11.38,51.4,,49.99,11.18,8.11,15.82,22.95,29.95,20.99,15.29,13.27,61.63,38.28,14.62,20.92,80.69,64.65,17.93,,18.25
2024-08-22 07:00:00,17.58,69.71,41.13,89.21,14.62,42.92,13.01,56.33,23.74,105.39,92.65,19.71,17.33,111.88,72.45,66.37,33.99,17.42,19.14,15.48,53.66,31.06,23.87,15.9,78.0,69.01,12.02,19.81,47.41,69.53,11.26,51.11,,49.64,11.01,8.07,16.59,22.99,29.9,21.32,15.29,13.34,61.36,38.33,14.74,20.78,80.38,63.71,17.93,,19.02
2024-08-23 07:00:00,17.62,70.1,41.29,87.71,14.43,44.35,13.05,56.24,23.98,105.3,92.47,19.77,17.33,111.29,72.63,65.89,34.63,17.42,19.36,15.82,53.57,30.89,23.72,16.0,77.9,69.01,12.3,20.0,47.41,69.27,11.21,51.77,,49.55,11.14,8.07,16.59,23.34,29.95,21.37,15.46,13.27,61.36,38.28,14.74,20.78,80.38,64.31,17.93,,18.83
2024-08-26 07:00:00,17.62,68.65,41.04,87.13,14.37,43.88,13.01,56.77,23.74,103.53,92.04,19.33,17.28,109.95,72.2,64.93,34.24,17.42,19.32,15.67,53.37,31.14,23.72,15.93,76.2,68.81,12.3,20.27,46.98,65.26,11.09,51.33,,49.38,10.88,8.04,16.47,23.58,29.75,21.47,15.13,13.19,61.1,39.0,14.7,21.08,80.38,63.02,18.18,,19.17
2024-08-27 07:00:00,17.62,67.97,40.55,87.38,14.62,43.68,12.88,56.68,23.92,102.22,91.96,19.38,17.23,110.79,71.6,64.29,34.14,17.42,19.14,15.52,53.37,30.98,23.57,15.9,76.8,68.81,12.4,20.13,47.51,65.52,11.13,50.3,,49.64,10.88,8.04,16.09,23.2,29.6,21.61,15.41,13.16,60.76,39.87,14.66,22.55,80.0,63.11,18.18,,19.36
2024-08-28 07:00:00,17.65,67.29,40.55,86.71,14.49,43.3,12.92,56.24,23.95,102.59,92.56,19.22,17.19,111.46,71.85,64.21,34.82,17.39,19.1,15.6,53.37,30.93,23.64,16.06,77.1,68.42,12.4,20.27,47.8,64.63,11.3,50.3,,49.99,10.88,8.04,15.97,23.65,29.55,21.94,15.17,13.16,60.5,39.38,14.66,22.2,79.84,63.45,18.13,,18.83
2024-08-29 07:00:00,17.76,69.23,40.31,85.96,14.37,43.44,12.92,56.33,24.02,103.81,92.73,19.24,16.77,111.79,71.51,64.21,34.48,17.59,19.03,15.52,53.37,31.14,23.72,16.19,76.9,68.12,12.12,19.86,47.22,64.24,11.21,50.6,,49.99,10.67,8.0,15.89,23.58,30.45,21.94,15.04,13.23,60.76,39.96,14.66,22.1,80.53,63.11,18.13,,18.59
2024-08-30 07:00:00,17.87,69.71,39.98,86.71,14.37,43.59,12.76,56.06,24.05,106.04,93.25,19.3,17.05,112.71,71.42,64.45,34.53,17.81,18.95,15.52,53.47,31.14,23.64,16.19,76.5,68.81,12.07,19.95,47.02,65.01,11.13,50.3,,50.07,10.75,8.0,15.93,23.4,30.55,22.28,15.21,13.27,60.9,39.96,14.7,22.1,81.0,63.45,18.13,,18.54
2024-09-04 07:00:00,17.76,69.71,40.02,86.54,14.01,42.82,12.92,56.24,24.22,107.44,93.94,19.44,17.1,111.21,71.94,63.25,33.9,17.42,18.77,15.15,53.37,31.39,23.23,15.9,75.3,68.12,12.07,20.74,45.48,64.37,10.92,49.13,,49.81,10.54,7.88,15.35,23.02,30.1,21.94,15.09,13.08,60.43,40.93,14.58,22.0,80.23,63.8,17.7,,19.02
2024-09-05 07:00:00,17.65,69.62,39.82,85.04,13.89,42.82,12.76,55.71,24.02,106.04,92.99,19.24,17.1,109.2,71.42,63.09,33.12,17.33,18.62,14.85,53.28,31.35,23.19,15.61,74.1,66.94,12.07,20.23,44.56,63.67,10.8,47.88,,49.64,10.67,7.88,15.35,22.99,29.6,21.75,15.04,13.05,59.83,42.13,14.54,22.52,79.84,64.14,17.5,,19.02
2024-09-06 07:00:00,17.73,69.71,40.31,86.63,13.89,42.92,12.68,55.27,24.36,106.32,93.17,19.91,16.96,110.46,72.11,62.45,33.7,17.2,18.88,14.89,53.18,31.22,23.38,15.64,76.0,67.04,12.12,20.0,45.43,63.36,10.84,48.1,,49.38,10.75,7.85,14.93,23.2,29.9,21.75,15.0,13.12,59.9,42.27,14.5,22.32,79.84,64.74,17.65,,19.41
2024-09-09 07:00:00,17.62,68.94,40.1,85.54,14.07,42.15,12.68,54.56,24.33,105.86,92.65,19.63,16.82,109.79,72.63,61.89,33.7,17.04,19.03,15.22,53.18,31.06,23.19,15.61,75.4,66.54,12.3,20.09,44.94,63.29,10.8,48.47,,48.94,10.8,7.85,15.02,22.85,29.5,21.61,14.67,13.05,59.9,41.41,14.34,21.85,79.23,64.22,17.55,,19.41
2024-09-10 07:00:00,17.47,69.23,39.65,89.05,14.01,41.48,12.47,53.86,23.98,105.39,92.56,19.35,16.82,108.7,72.11,61.89,33.31,16.91,18.69,14.96,52.89,30.81,23.3,15.48,75.2,66.84,11.84,19.35,44.9,62.97,10.76,47.66,,48.16,10.8,7.81,14.1,22.5,29.2,21.23,14.51,13.19,59.1,41.22,14.34,21.5,80.15,64.31,17.36,,18.54
2024-09-11 07:00:00,17.4,69.13,39.49,90.71,14.01,41.29,12.3,54.74,23.98,105.3,92.39,19.33,16.87,109.2,71.68,61.73,33.31,16.94,18.84,15.15,52.89,30.81,23.19,15.57,75.1,66.84,11.04,19.58,44.31,63.1,10.63,47.74,,48.24,10.8,7.81,13.27,22.57,29.6,21.09,14.47,13.23,58.7,41.41,14.3,21.5,80.76,64.05,17.46,,18.45
2024-09-12 07:00:00,17.62,69.13,39.53,90.88,14.07,41.05,12.39,55.0,24.02,105.86,92.65,19.49,16.87,110.62,71.68,62.05,33.75,16.85,18.66,15.04,52.89,30.69,23.12,15.64,75.1,66.54,10.63,19.58,43.93,63.23,10.68,48.18,,48.24,11.48,7.85,12.49,22.4,29.7,21.28,14.3,13.45,59.44,41.5,14.54,21.45,81.0,64.14,17.7,,18.35
2024-09-13 07:00:00,17.58,68.65,39.41,93.3,13.95,40.95,12.43,54.38,23.95,105.86,92.21,19.66,16.87,111.21,69.99,61.81,33.8,16.98,18.58,14.89,52.89,30.77,22.93,15.57,74.2,66.25,10.76,19.9,44.31,63.48,10.59,48.18,,48.85,11.65,7.81,12.65,22.43,29.8,21.18,14.63,13.45,59.7,41.41,14.42,21.45,80.61,62.59,17.65,,18.64
2024-09-16 07:00:00,17.4,68.07,39.04,95.97,13.95,40.91,12.3,52.09,23.78,104.55,92.21,19.77,16.87,109.62,68.39,61.17,34.09,16.85,18.47,14.63,52.89,31.1,22.74,15.57,72.9,65.16,10.44,19.16,43.54,63.29,10.18,47.44,,48.59,11.35,7.77,12.65,22.29,29.55,21.18,14.26,13.34,59.04,40.2,14.42,21.02,80.0,61.73,17.55,,18.25
2024-09-17 07:00:00,17.65,69.13,39.82,96.47,14.25,41.05,12.59,53.24,23.98,106.14,92.82,19.82,17.1,111.12,68.48,61.49,34.78,17.1,18.77,14.92,52.89,31.64,23.12,15.8,74.5,65.85,10.44,20.13,43.54,63.61,10.39,47.59,,49.2,11.61,7.88,12.82,22.71,29.85,21.71,14.47,13.45,60.1,42.37,14.54,21.45,80.76,63.02,17.84,,18.74
2024-09-18 07:00:00,17.76,69.13,40.1,94.8,14.19,41.05,12.55,53.5,24.5,105.95,93.08,19.69,17.05,112.55,68.86,62.29,34.73,17.17,18.66,15.0,52.6,31.39,23.04,15.9,74.4,67.23,10.53,20.13,43.54,63.61,10.55,48.25,,48.85,11.7,7.85,12.94,23.2,30.25,21.94,14.55,13.53,60.43,42.27,14.62,21.32,80.84,62.94,17.84,,18.49
2024-09-19 07:00:00,17.87,69.62,40.27,101.39,14.13,41.1,12.63,54.3,24.7,106.88,93.08,19.71,17.15,113.05,69.14,62.61,34.87,17.26,18.77,15.07,52.7,31.39,23.12,15.9,74.4,67.23,10.58,20.74,43.88,62.91,10.39,48.47,,49.2,11.31,7.85,13.81,23.34,30.5,22.14,14.63,13.53,60.76,42.52,14.66,21.45,80.84,62.94,17.93,,18.78
2024-09-20 07:00:00,18.48,69.04,40.1,102.22,14.37,41.29,12.59,54.47,24.7,107.54,93.34,19.66,17.2,113.13,68.86,62.77,34.78,17.39,19.07,15.15,51.35,31.26,23.49,16.13,74.7,67.04,10.63,20.55,44.51,62.85,10.39,48.84,,49.99,11.35,7.92,13.73,23.34,30.85,22.47,14.55,13.42,60.17,42.13,14.78,21.15,80.92,62.42,18.13,,18.83
2024-09-23 07:00:00,18.48,69.23,39.82,106.64,14.37,41.96,12.51,54.21,24.64,107.26,92.99,19.71,17.2,112.04,68.76,63.25,34.73,17.36,19.1,15.0,50.09,31.31,23.64,16.16,74.4,66.35,10.49,20.55,43.78,63.04,10.34,48.91,,49.99,11.44,7.85,13.23,23.65,30.8,22.28,14.3,13.55,60.37,42.03,14.82,21.18,80.76,62.59,18.18,,18.35
2024-09-24 07:00:00,18.59,69.71,40.27,103.8,14.43,41.82,12.51,56.59,24.74,107.72,93.17,19.71,17.3,112.46,69.42,63.25,35.31,17.36,19.21,15.04,49.71,31.8,23.87,16.45,74.8,67.13,10.58,20.88,43.73,63.23,10.43,48.84,,50.07,11.35,7.92,13.69,23.65,31.85,22.47,14.39,13.68,60.56,42.61,15.3,21.28,80.84,62.42,18.37,,18.4
2024-09-25 07:00:00,18.88,70.2,40.88,102.97,14.49,41.53,12.84,56.68,24.7,107.72,92.99,19.99,17.45,112.71,69.52,63.25,35.17,17.52,19.47,15.45,48.93,32.38,23.94,16.78,75.5,67.73,10.63,21.43,43.93,63.36,10.8,49.5,,49.99,11.52,8.0,13.81,24.4,32.7,22.71,14.63,13.86,61.63,42.52,15.58,21.3,80.46,61.79,18.6,,18.45
2024-09-26 07:00:00,18.73,69.71,40.88,106.14,14.92,41.48,12.84,57.03,24.98,107.35,92.99,19.93,17.9,112.3,69.7,63.17,35.56,18.2,19.36,15.52,48.55,32.5,24.17,16.75,76.1,67.33,10.76,21.11,44.12,63.16,10.8,49.42,,50.6,11.31,8.15,14.1,24.45,32.75,23.0,14.92,14.79,61.43,42.76,15.54,21.3,80.84,62.77,18.75,,18.54
2024-09-27 07:00:00,18.66,69.04,40.96,102.8,14.74,41.48,12.84,56.94,25.39,107.26,92.82,19.93,18.55,112.21,69.23,62.85,35.17,18.2,19.36,15.63,50.19,32.17,24.25,16.75,75.9,66.54,10.76,21.11,43.49,62.97,10.8,48.91,,50.94,11.22,8.34,14.1,24.54,33.6,23.09,14.84,15.02,61.43,41.79,15.5,21.25,80.84,63.04,18.89,,18.74
2024-09-30 07:00:00,18.55,67.97,40.63,98.88,14.49,41.05,12.84,56.33,25.36,107.72,92.65,19.71,18.8,112.46,68.95,62.45,34.92,18.13,19.59,15.89,49.8,32.13,24.06,16.75,75.7,67.13,10.3,20.83,43.06,62.85,10.84,48.84,,50.33,11.05,8.34,14.14,24.8,33.35,23.09,14.92,15.28,61.1,41.22,15.46,21.0,80.76,62.24,19.23,,18.45
2024-10-01 07:00:00,18.55,68.07,40.63,97.55,14.43,41.58,12.92,56.24,25.05,108.19,92.91,19.69,18.9,113.63,68.76,61.97,35.17,18.0,19.88,15.89,49.8,32.46,23.87,16.71,76.6,66.84,10.44,20.78,43.06,62.59,10.92,48.91,,50.33,11.1,8.38,14.48,24.71,33.5,23.52,14.96,15.19,61.1,41.84,15.86,21.15,81.0,62.24,19.04,,18.74
2024-10-02 07:00:00,18.59,67.29,40.72,96.3,14.62,41.38,12.72,55.27,24.7,108.19,92.56,19.74,19.2,113.22,68.67,62.29,35.31,17.71,19.55,15.89,49.42,31.88,23.68,16.75,76.0,66.44,10.3,19.63,43.49,63.24,10.88,49.42,,49.55,10.97,8.26,14.56,24.54,33.55,23.76,14.67,15.55,61.56,41.79,15.66,21.02,80.76,62.24,18.84,,18.49
2024-10-03 07:00:00,18.52,66.9,40.47,96.88,14.37,41.1,12.43,54.47,24.84,106.88,92.56,19.46,19.3,112.04,68.29,61.97,34.73,17.78,19.47,15.52,49.22,30.89,23.61,16.62,76.0,65.36,10.11,19.07,42.96,62.72,10.59,48.98,,49.46,10.92,8.3,14.77,24.49,33.75,23.23,14.14,15.55,61.49,40.06,15.42,20.68,81.15,62.42,19.13,,18.01
2024-10-04 07:00:00,18.3,65.74,40.23,96.55,14.43,41.05,12.43,54.3,24.43,105.86,92.13,19.44,18.65,112.13,69.04,61.49,34.09,17.55,19.47,15.71,49.03,30.93,23.72,16.36,75.6,65.46,10.11,19.26,43.64,61.56,10.72,48.62,,49.29,10.92,8.23,14.52,24.27,33.1,22.95,14.14,15.33,61.29,39.96,15.42,20.5,81.0,60.82,19.13,,17.67
2024-10-07 07:00:00,18.34,66.23,40.1,94.8,14.62,41.15,12.43,54.21,24.57,106.32,91.7,19.38,18.85,112.13,68.67,61.17,33.99,17.26,19.62,15.71,49.13,31.18,23.91,16.42,74.8,65.36,10.07,19.49,43.49,61.56,10.55,48.25,,49.38,11.05,8.23,14.19,24.54,33.8,23.04,14.22,15.55,61.1,39.67,15.38,20.42,80.76,59.57,19.13,,17.62
2024-10-08 07:00:00,18.37,66.52,39.98,101.39,14.68,41.15,12.63,54.74,24.53,106.23,91.87,19.27,18.85,111.88,68.39,60.29,34.24,17.49,20.03,15.93,49.13,30.98,25.08,16.42,75.2,64.28,9.97,19.49,43.2,61.17,10.59,48.1,,49.03,11.05,8.15,14.19,24.36,33.7,23.28,14.26,15.59,60.76,40.06,15.38,20.45,80.61,60.55,19.23,,17.72
2024-10-09 07:00:00,18.91,66.23,40.43,101.39,14.62,41.43,12.76,55.09,24.77,107.26,92.56,19.55,19.2,113.22,68.48,60.45,34.82,17.36,20.44,15.89,49.03,31.14,25.3,16.68,77.0,63.29,10.02,19.58,42.96,60.91,10.72,48.1,,49.12,10.92,8.19,14.52,24.27,34.15,23.52,14.26,15.64,60.43,40.93,15.38,20.8,81.23,60.2,19.37,,17.87
2024-10-10 07:00:00,18.88,66.13,40.68,99.97,14.62,42.06,12.68,54.65,24.81,108.0,92.99,19.33,18.85,118.48,69.04,61.33,34.82,17.65,20.26,15.6,49.13,30.98,25.08,16.62,80.0,64.08,10.07,19.26,43.06,61.62,10.68,48.03,,50.25,10.92,8.15,14.52,24.49,33.6,23.42,14.35,15.51,61.03,40.59,15.3,20.7,81.53,60.11,19.66,,17.82
2024-10-11 07:00:00,18.81,66.13,40.39,102.47,14.68,42.25,12.76,55.8,24.88,107.72,92.82,19.49,19.1,116.73,68.95,61.49,34.68,17.59,20.29,15.67,49.42,30.98,24.74,16.65,81.1,63.59,10.07,19.67,43.25,61.56,10.43,48.1,,50.07,10.88,8.19,14.6,24.4,33.8,23.33,14.43,15.55,60.76,41.98,15.3,20.9,83.76,60.11,19.8,,18.35
2024-10-14 07:00:00,18.7,66.13,40.39,101.72,14.61,42.15,13.3,56.94,24.74,108.38,92.21,19.38,18.25,115.05,68.67,60.93,35.46,17.36,20.11,15.6,49.42,30.85,24.44,16.84,80.3,62.7,9.93,19.35,43.01,61.11,10.59,48.32,,49.81,10.84,8.19,14.44,24.58,33.9,23.23,13.52,15.51,60.7,43.67,15.26,21.08,82.53,59.66,19.75,,18.49
2024-10-15 07:00:00,18.62,65.65,40.88,101.72,14.12,41.86,13.09,55.89,24.81,107.63,92.3,19.19,18.2,114.55,68.48,60.53,34.92,17.46,20.18,15.52,49.32,30.44,24.25,16.71,80.8,63.49,9.74,18.61,41.46,60.72,10.43,47.81,,49.72,10.67,8.19,14.44,24.22,33.7,23.14,13.19,15.51,60.7,43.0,15.38,20.82,81.46,59.31,19.94,,18.16
2024-10-16 07:00:00,18.55,65.65,40.76,104.14,14.06,41.96,12.88,55.8,24.91,107.44,92.21,18.91,18.45,113.97,67.82,60.13,35.26,17.39,20.14,15.3,49.32,30.07,23.91,16.62,80.4,64.57,9.51,18.24,40.49,61.04,10.43,47.59,,50.33,10.67,8.15,13.85,24.09,33.6,23.09,13.32,15.55,60.76,43.33,15.34,20.75,81.38,59.93,19.94,,18.06
2024-10-17 07:00:00,18.84,65.36,41.13,108.39,14.06,42.15,13.17,55.71,25.08,106.88,92.04,19.1,18.8,114.55,67.35,58.53,35.17,17.1,20.26,15.52,49.12,30.29,24.17,16.88,81.0,64.87,9.74,19.49,40.88,61.37,10.39,47.59,,49.9,10.62,8.19,13.9,24.4,34.6,23.23,13.48,15.9,61.23,43.43,15.5,20.78,81.0,60.02,19.99,,18.11
2024-10-18 07:00:00,18.81,65.36,41.13,107.06,13.93,42.15,13.05,55.97,24.88,106.32,92.3,19.05,19.45,114.55,67.54,57.49,35.02,17.36,20.03,15.37,49.12,29.79,24.36,16.78,80.4,64.77,9.65,19.35,40.98,61.24,10.34,47.52,,49.99,10.62,8.23,13.85,24.31,35.55,23.33,13.32,15.82,61.36,43.57,15.62,20.9,81.92,59.84,19.66,,18.11
2024-10-21 07:00:00,18.59,64.39,40.59,110.47,13.56,41.91,12.84,57.39,24.36,105.39,91.52,18.88,20.8,113.3,67.54,57.09,34.39,17.33,19.88,15.22,49.22,29.52,24.25,16.65,80.2,64.87,9.55,19.07,40.25,61.04,10.3,47.0,,49.29,10.58,8.19,13.85,23.91,35.25,23.04,12.74,15.55,61.1,46.03,15.38,21.12,81.23,59.75,19.75,,18.45
2024-10-22 07:00:00,18.3,62.94,39.86,107.64,13.19,41.38,12.76,59.24,24.02,103.62,91.26,18.88,21.6,111.29,67.07,59.06,32.97,17.36,19.81,15.11,49.71,29.7,23.87,16.45,78.9,65.36,9.46,19.35,40.44,60.01,10.1,46.27,,48.77,10.54,8.11,13.85,23.74,35.0,23.09,12.95,15.37,60.7,46.46,15.02,21.1,80.15,59.75,19.7,,17.96
2024-10-23 07:00:00,18.3,63.52,39.57,111.31,13.31,41.48,12.88,58.98,24.05,103.53,90.83,18.86,21.6,112.21,66.78,59.06,32.72,17.33,19.66,15.15,50.3,30.25,23.98,16.45,79.4,64.77,9.55,20.0,40.93,60.53,10.14,46.42,,48.77,10.58,8.07,13.81,23.91,35.8,23.09,13.03,15.68,60.76,45.26,14.98,21.6,80.3,59.75,19.56,,18.01
2024-10-24 07:00:00,18.01,63.71,39.24,110.89,13.38,41.62,12.63,58.27,23.92,103.06,90.83,18.86,21.4,112.3,66.88,59.06,32.14,17.3,19.66,15.3,50.3,30.57,23.94,16.1,78.5,64.47,9.46,19.76,40.4,60.66,10.01,46.56,,48.68,10.71,8.0,13.81,23.82,33.4,22.56,12.95,15.15,60.9,42.23,14.82,21.02,80.15,60.73,19.13,,17.53
2024-10-25 07:00:00,17.94,63.52,38.84,110.72,13.25,41.53,12.76,59.68,23.74,101.75,90.4,18.86,20.85,112.04,66.78,58.97,31.5,17.3,19.66,15.15,50.0,30.11,24.17,16.06,77.2,64.57,9.51,20.04,40.2,60.72,9.85,46.2,,48.33,10.75,7.88,13.81,23.74,33.45,22.42,12.82,15.15,60.96,42.23,14.62,20.78,80.15,60.37,19.23,,17.53
2024-10-28 07:00:00,18.12,63.32,38.84,113.14,13.25,41.38,12.8,60.12,23.81,103.06,90.4,18.94,19.85,112.8,66.6,58.78,31.75,17.14,19.88,15.48,49.81,30.43,24.25,16.16,77.9,64.57,9.65,20.0,40.64,61.24,9.89,46.42,,48.33,10.8,7.92,13.81,23.82,33.75,22.56,12.91,15.28,61.1,41.12,14.62,20.72,79.69,59.66,19.23,,17.48
2024-10-29 07:00:00,18.16,64.68,38.88,113.31,13.31,41.43,12.8,59.68,23.98,104.64,91.35,19.35,19.95,113.22,66.69,61.13,32.19,17.55,20.11,15.45,49.61,30.43,24.32,16.29,78.0,65.56,9.65,19.58,40.54,62.14,9.97,47.37,,48.24,10.8,7.96,13.77,23.74,34.05,22.66,13.24,15.19,61.1,41.17,15.02,20.68,79.92,59.48,19.37,,17.53
2024-10-30 07:00:00,18.08,64.29,39.0,114.48,13.31,41.15,12.76,59.15,23.85,103.9,90.66,19.16,20.0,113.63,66.5,61.22,31.94,17.49,20.07,15.18,49.42,30.43,24.51,16.29,78.1,65.06,9.97,19.67,40.06,61.62,9.97,47.66,,48.07,10.71,7.96,13.69,23.42,34.8,22.9,13.24,15.33,60.9,39.63,15.22,20.5,79.92,58.86,19.37,,17.58
2024-10-31 07:00:00,18.3,64.97,39.04,112.14,13.13,41.19,12.63,59.33,24.5,104.74,90.48,19.13,19.95,113.63,66.41,61.41,32.14,17.3,19.99,15.11,49.51,30.43,24.81,16.32,76.6,65.56,9.79,19.49,39.77,61.17,9.89,47.0,,48.07,10.62,8.04,13.73,23.65,35.2,22.8,13.28,15.37,62.16,39.96,15.18,20.78,80.76,58.69,19.56,,17.24
2024-11-01 07:00:00,17.94,64.58,39.04,111.48,12.94,41.77,12.51,59.95,24.43,103.9,90.14,18.77,19.65,112.55,66.12,60.38,31.55,17.07,19.73,15.07,49.51,30.11,24.7,16.03,74.5,65.06,9.65,19.35,39.28,58.98,9.6,45.46,,48.16,10.37,8.0,14.06,23.29,35.0,22.61,12.99,15.15,62.09,39.96,15.1,20.6,80.53,58.42,19.27,,17.14
2024-11-04 07:00:00,17.83,64.68,39.0,108.39,12.94,41.96,12.3,58.8,24.5,103.06,89.96,18.52,18.7,111.04,65.84,60.47,30.82,16.75,19.55,14.89,48.78,29.98,24.36,15.93,73.2,64.18,9.51,19.39,38.61,59.82,9.48,46.93,,48.33,10.11,7.92,13.85,23.34,34.9,22.38,12.54,14.71,61.43,39.96,14.82,20.6,80.0,58.24,18.84,,17.09
2024-11-05 07:00:00,17.83,64.68,38.75,108.56,12.94,42.15,12.34,58.89,24.05,102.97,89.79,18.52,19.3,110.87,65.56,60.1,31.36,16.75,19.7,14.92,49.61,29.93,24.4,15.93,73.1,64.67,9.6,19.58,38.75,60.33,9.56,46.64,,48.33,10.24,8.0,13.9,23.25,34.85,22.38,12.58,14.71,61.49,39.96,14.82,20.65,79.61,58.15,18.84,,17.14
2024-11-06 07:00:00,18.08,66.25,39.29,110.06,13.25,42.29,12.51,60.39,24.64,104.18,88.58,18.8,19.45,112.55,66.03,60.66,32.97,16.98,20.03,15.18,48.83,30.34,24.51,16.19,74.2,64.67,9.69,19.72,38.85,60.85,9.77,46.86,,48.59,10.41,8.07,14.02,23.51,35.5,22.8,12.74,15.06,61.69,40.01,14.9,20.9,80.69,58.42,18.99,,17.43
2024-11-07 07:00:00,18.08,66.25,38.92,108.89,13.19,42.06,12.47,61.54,24.43,104.92,88.93,18.66,19.2,112.96,66.03,61.13,32.58,16.88,20.03,15.15,49.12,30.52,24.55,16.16,73.3,64.47,10.07,20.09,38.99,60.2,9.68,47.3,,48.42,10.45,8.04,13.98,23.42,35.6,22.76,12.74,14.93,61.89,39.87,14.82,20.85,80.23,58.51,18.84,,17.43
2024-11-08 07:00:00,17.94,65.47,38.75,110.06,13.13,43.25,12.34,61.54,24.02,104.36,89.01,18.55,19.0,113.55,65.94,60.75,32.14,16.88,20.07,15.07,49.12,30.48,24.25,16.0,72.3,64.08,9.97,19.76,38.75,60.01,9.68,47.37,,48.07,10.45,8.0,13.9,23.2,35.5,22.52,12.74,14.79,61.23,38.52,14.66,20.52,80.46,58.33,18.65,,17.34
2024-11-11 07:00:00,17.9,66.35,38.02,110.89,12.94,43.83,12.18,61.18,23.98,107.44,88.93,18.69,18.7,115.64,66.03,61.88,32.63,16.43,20.59,15.15,49.12,30.43,23.91,15.83,73.5,62.11,9.93,19.3,37.98,59.95,9.68,47.66,,48.16,10.5,7.96,13.85,22.85,33.8,22.14,12.5,14.39,61.1,39.1,14.58,20.4,80.38,57.89,18.37,,17.38
2024-11-12 07:00:00,17.9,66.65,37.85,110.47,12.76,43.3,12.18,62.24,23.68,107.82,88.5,18.74,18.55,114.38,65.75,61.98,32.14,16.59,20.44,15.04,49.12,30.38,23.87,15.7,72.5,59.94,9.83,19.16,38.12,60.14,9.68,48.25,,49.29,10.5,7.92,13.81,22.85,33.55,21.99,12.41,14.31,61.03,38.81,14.7,20.27,80.38,57.62,18.27,,17.38
2024-11-13 07:00:00,17.94,66.74,37.73,108.91,12.45,43.3,12.01,62.24,23.57,108.75,88.75,18.86,18.65,115.22,65.47,61.88,31.8,16.49,20.11,14.89,49.12,30.43,23.94,15.74,73.0,61.02,10.07,19.53,37.64,60.01,9.68,47.96,,49.46,10.5,7.92,13.85,22.62,33.4,22.09,12.29,14.35,61.43,38.81,14.66,20.3,79.69,57.71,18.51,,17.48
2024-11-14 07:00:00,17.69,67.43,37.2,107.6,12.08,42.49,11.68,58.53,23.06,108.47,88.84,18.91,18.55,113.72,64.99,62.64,31.06,16.24,19.55,14.25,49.03,30.29,23.64,15.51,71.4,60.43,10.07,18.98,37.69,60.01,9.52,47.66,,48.85,10.45,7.85,13.9,21.96,32.5,21.75,11.92,13.99,61.1,38.86,14.58,20.35,79.46,57.71,18.18,,17.48
2024-11-15 07:00:00,17.58,66.84,36.55,105.42,11.7,42.53,11.47,58.27,22.72,105.58,86.33,18.66,18.0,111.96,64.62,61.88,30.56,15.88,19.25,13.73,49.03,29.66,23.68,15.31,70.6,59.05,9.69,18.47,37.15,58.98,9.31,47.66,,48.33,10.28,7.73,13.94,21.29,32.4,21.42,11.67,13.86,60.9,38.76,14.54,20.27,79.46,56.56,17.89,,17.58
2024-11-18 07:00:00,17.65,65.86,36.34,103.33,11.77,41.96,11.6,57.83,22.85,105.39,86.24,18.69,18.05,112.04,64.99,60.75,30.71,15.78,19.18,13.84,48.93,29.61,23.68,15.25,70.3,58.06,9.83,18.75,36.48,59.3,9.35,46.71,,48.33,10.28,7.73,13.98,21.6,32.6,21.42,12.45,14.22,60.43,39.29,14.58,20.2,78.23,56.11,17.89,,17.48
2024-11-19 07:00:00,17.51,62.91,36.46,101.59,11.77,42.65,11.52,56.94,22.89,102.04,86.24,18.55,17.9,108.7,63.96,60.0,29.97,15.85,18.92,13.69,48.93,29.07,23.57,15.09,70.0,56.68,10.02,18.61,37.06,59.17,9.27,46.05,,47.9,10.28,7.66,14.02,21.2,31.95,21.37,12.5,14.04,59.77,40.64,14.46,20.18,78.23,55.93,17.7,,17.29
2024-11-20 07:00:00,17.65,64.58,36.79,104.2,12.01,42.74,11.81,57.74,23.33,101.66,86.24,18.72,18.1,110.71,63.68,59.91,30.37,15.85,19.03,13.92,48.93,29.57,23.76,15.35,70.3,55.99,10.49,19.35,37.35,59.88,9.39,46.78,,48.33,10.15,7.73,14.02,21.6,32.4,21.8,12.95,14.26,59.97,41.7,14.54,20.18,78.46,56.47,17.89,,17.29
2024-11-21 07:00:00,17.9,64.39,37.08,104.55,12.01,43.33,11.81,57.74,24.02,102.52,86.16,19.3,18.05,111.21,64.24,61.13,30.76,15.95,19.21,14.03,48.93,29.79,23.87,15.64,71.3,57.87,10.49,19.49,37.78,60.66,9.48,47.66,,48.16,10.15,7.77,14.02,21.87,33.05,22.14,12.95,14.44,60.1,41.7,14.66,20.18,78.23,56.73,18.37,,17.58
2024-11-22 07:00:00,17.98,64.68,37.36,104.11,12.01,43.33,11.72,57.65,24.02,101.46,86.5,19.66,18.0,111.96,65.18,60.28,30.47,15.88,19.4,14.03,48.83,29.61,23.98,15.64,71.0,58.16,10.25,19.21,37.88,59.95,9.43,47.44,,48.24,10.11,7.77,14.02,21.65,32.65,22.42,12.74,14.31,60.17,40.06,14.58,20.23,78.23,57.09,18.22,,17.48
2024-11-25 07:00:00,17.94,64.58,37.24,102.46,12.08,43.38,11.81,58.18,24.09,102.52,86.07,19.6,18.25,111.96,65.28,60.19,30.47,15.88,19.55,13.99,49.22,29.79,23.98,15.61,72.2,58.16,10.25,19.39,38.12,59.95,10.06,49.06,,48.33,10.11,7.81,13.98,21.78,32.85,22.42,12.54,14.35,60.63,41.12,14.82,20.5,79.07,57.09,18.22,,17.62
2024-11-26 07:00:00,18.01,64.97,37.81,104.81,12.14,43.38,11.89,58.45,24.22,102.23,86.59,20.13,18.3,113.05,65.56,61.04,30.86,16.11,19.59,14.18,49.32,30.16,24.02,15.7,72.7,59.15,10.35,19.72,37.98,59.88,10.22,48.91,,48.85,10.32,7.85,14.02,21.87,33.2,22.47,12.87,14.35,61.36,40.83,14.86,20.52,79.38,57.53,18.22,,17.67
2024-11-27 07:00:00,18.05,64.97,37.9,103.68,11.95,43.58,11.85,57.83,24.12,102.42,86.42,19.66,18.7,116.14,65.28,60.47,30.81,16.17,19.55,14.1,49.61,30.11,24.32,15.7,72.7,59.35,10.44,19.72,37.83,60.01,10.39,49.13,,48.85,10.45,7.81,14.06,21.6,33.2,22.42,12.82,14.35,61.56,40.35,14.82,20.38,78.76,57.35,18.22,,17.48
2024-11-28 07:00:00,18.12,65.07,37.69,107.69,12.14,43.53,11.76,57.74,24.29,103.19,86.94,19.49,18.8,116.56,65.28,60.85,30.91,16.27,19.62,14.18,50.1,30.02,24.1,15.64,72.4,59.15,10.35,19.58,38.7,59.88,10.3,49.13,,48.33,10.54,7.77,14.1,21.6,33.15,22.52,12.87,14.44,61.49,39.58,15.14,20.35,78.61,57.27,18.22,,17.38
2024-11-29 07:00:00,18.16,65.37,38.22,110.21,12.2,46.57,11.68,58.09,24.53,104.91,87.37,19.57,18.5,120.66,65.56,60.85,30.86,16.3,19.88,14.18,50.3,30.11,24.28,15.74,73.2,59.64,10.21,19.63,38.7,59.95,10.26,49.28,,48.85,10.54,7.81,14.1,21.82,33.3,22.52,12.82,14.39,61.96,39.29,15.22,20.25,78.76,57.35,18.32,,17.29
2024-12-02 07:00:00,18.12,65.37,38.02,108.91,12.01,48.04,11.93,59.15,24.6,105.2,87.89,19.74,18.5,119.73,65.18,60.47,31.01,16.33,19.99,14.18,49.9,29.84,25.04,15.74,72.6,59.54,10.21,19.3,38.46,60.66,10.26,48.98,,48.94,10.54,7.81,14.06,21.74,33.1,22.56,12.82,14.31,62.56,39.24,15.1,20.18,78.69,57.27,18.37,,17.24
2024-12-03 07:00:00,18.01,65.27,37.65,107.51,12.01,51.08,11.89,59.06,24.64,105.3,89.62,19.85,18.5,122.09,64.71,60.19,30.47,16.75,20.07,13.92,49.32,29.89,25.56,15.61,72.7,58.95,9.97,19.16,38.7,60.4,10.47,49.72,,48.94,10.62,7.81,14.1,21.6,32.6,22.56,12.74,14.22,61.76,39.38,15.06,20.2,78.07,56.73,18.37,,17.09
2024-12-04 07:00:00,18.05,64.09,36.91,110.82,12.08,50.98,11.76,58.71,24.22,103.38,88.84,19.82,18.4,120.82,64.62,60.85,29.92,16.65,19.85,13.62,49.22,29.84,25.19,15.54,72.1,57.28,9.79,18.89,38.99,60.78,10.18,49.28,,49.99,10.58,7.73,14.06,21.38,32.4,22.38,12.58,14.04,62.09,38.62,15.1,20.0,78.0,56.2,18.18,,16.71
2024-12-05 07:00:00,18.52,66.84,37.61,109.78,12.38,50.88,12.1,59.5,24.98,105.39,88.84,20.1,18.7,125.04,64.9,62.07,30.91,17.17,20.7,14.03,49.03,30.25,25.38,16.0,73.7,60.13,10.11,20.18,39.28,61.95,10.34,50.16,,50.07,10.71,7.96,14.27,22.85,33.95,23.09,13.15,14.62,62.42,39.87,15.5,20.42,79.23,57.09,18.65,,17.24
2024-12-06 07:00:00,18.48,66.15,38.1,110.3,13.0,50.98,12.1,59.33,24.88,110.37,88.06,20.21,18.6,125.88,65.18,63.39,31.6,17.26,20.52,13.92,48.83,30.7,25.79,15.87,73.4,60.23,9.93,20.37,39.14,62.2,10.3,49.72,,50.25,10.92,7.85,14.31,23.42,33.8,23.04,12.99,14.44,62.56,39.96,15.42,20.92,79.07,56.91,18.51,,17.09
2024-12-09 07:00:00,18.37,66.74,38.18,109.34,13.13,50.68,12.05,59.86,25.01,111.14,88.24,20.02,18.95,123.77,65.28,63.29,31.65,17.36,20.55,14.1,48.83,31.25,25.72,15.9,73.2,60.23,9.97,20.55,38.85,62.46,10.34,49.72,,50.07,11.01,7.85,14.35,23.29,34.0,23.04,13.07,14.57,63.29,39.92,15.46,20.92,79.0,56.91,18.56,,17.09
2024-12-10 07:00:00,18.26,66.84,38.22,109.78,13.19,51.57,12.05,60.3,24.94,111.33,90.4,19.88,19.0,125.88,64.99,62.92,31.3,18.0,20.74,14.18,51.17,31.34,25.64,15.8,72.7,59.94,9.88,20.37,38.99,62.59,10.47,49.42,,50.6,10.97,7.85,14.39,23.34,33.5,22.95,12.95,14.53,62.76,39.43,15.46,20.6,78.92,56.73,18.41,,16.95
2024-12-11 07:00:00,18.3,65.86,38.1,109.17,13.19,51.17,11.97,59.5,24.94,111.62,93.42,19.74,19.25,126.72,64.71,61.98,31.01,18.2,20.63,14.07,53.62,31.34,25.3,15.83,72.7,59.15,9.83,20.23,38.61,62.46,10.26,48.84,,50.16,11.05,8.04,14.39,23.25,33.65,23.04,12.91,14.48,61.96,39.34,15.34,20.65,79.15,57.0,18.41,,16.76
2024-12-12 07:00:00,18.23,66.35,38.1,110.47,13.31,51.86,11.89,58.71,24.91,111.52,92.99,19.63,19.75,126.47,64.52,62.45,31.21,18.43,20.44,13.99,55.18,31.38,24.92,15.83,72.1,59.15,9.79,20.04,38.12,62.46,10.18,48.4,,50.07,11.14,7.96,14.44,23.11,33.8,23.14,12.91,14.53,62.09,39.24,15.3,20.45,79.15,57.35,18.46,,16.71
2024-12-13 07:00:00,18.12,66.55,37.94,109.43,13.93,52.15,11.72,58.36,24.94,110.09,92.99,19.55,19.7,125.88,64.43,61.98,30.96,18.27,20.22,13.73,56.35,31.29,24.96,15.8,71.1,60.13,9.74,19.9,37.44,62.59,10.14,48.76,,49.99,11.05,7.88,14.39,22.94,34.0,23.23,12.74,14.44,61.83,39.14,15.42,20.4,78.76,57.0,18.32,,16.76
2024-12-16 07:00:00,18.12,66.84,38.22,108.04,13.62,51.27,11.76,58.71,24.88,110.66,92.56,19.52,19.4,126.21,64.15,61.88,30.76,18.31,20.07,13.8,57.62,31.43,24.96,15.7,71.1,60.13,9.69,19.9,37.44,63.37,10.26,48.54,,49.9,11.05,7.88,14.35,23.2,34.1,23.19,12.58,14.39,61.83,39.43,15.46,20.35,78.46,57.71,18.27,,16.71
2024-12-17 07:00:00,18.16,66.65,38.1,106.29,13.5,51.08,11.76,59.24,24.88,111.14,92.99,19.44,19.55,124.61,64.05,61.6,30.66,18.35,20.07,13.73,57.91,31.79,25.04,15.74,71.0,59.44,9.74,19.72,37.64,63.11,10.22,48.76,,49.9,11.01,7.85,14.35,23.11,34.1,23.09,12.58,14.39,61.76,39.77,15.38,20.27,78.15,57.35,18.13,,16.56
2024-12-18 07:00:00,18.12,66.65,38.3,108.04,13.81,51.17,12.01,59.06,24.88,111.33,96.71,19.52,19.55,125.2,64.52,61.51,30.91,18.35,20.33,14.14,58.21,31.79,25.38,15.77,71.4,59.35,9.83,20.0,38.03,62.91,10.43,49.72,,49.99,11.01,7.85,14.31,23.29,34.2,23.09,12.74,14.44,61.83,39.38,15.34,20.3,77.46,57.44,18.18,,16.51
2024-12-19 07:00:00,17.87,65.37,37.98,108.91,13.69,51.37,11.89,58.45,24.84,111.14,95.93,19.49,19.15,124.7,64.52,61.22,30.47,18.12,19.96,14.14,57.82,32.34,25.15,15.54,70.4,58.95,9.74,19.49,38.12,62.85,10.26,49.35,,49.55,10.97,7.73,13.69,23.29,33.9,22.66,12.41,14.22,61.36,38.71,15.14,20.15,76.92,56.73,17.98,,16.47
2024-12-20 07:00:00,17.87,66.55,37.98,108.91,13.87,50.19,11.85,59.42,24.81,110.56,95.24,19.44,19.0,125.88,64.62,61.13,30.47,18.04,19.85,13.99,57.72,32.56,25.15,15.64,70.3,59.74,9.41,19.44,37.74,62.59,10.1,49.64,,49.2,10.97,7.7,13.85,23.34,33.85,22.71,12.33,14.13,61.43,38.86,15.18,20.25,76.3,57.71,18.08,,16.47
2024-12-23 07:00:00,17.94,66.74,38.18,116.49,13.81,52.06,11.93,59.59,24.88,111.62,96.11,19.57,19.5,126.13,64.52,61.13,30.42,18.04,20.07,13.92,57.91,32.61,25.23,15.67,70.3,60.13,9.79,19.26,37.49,62.78,10.01,49.86,,49.81,10.97,7.77,14.06,22.98,34.5,22.8,12.58,14.26,61.36,39.1,15.18,20.3,77.38,57.18,18.13,,16.47
2024-12-24 07:00:00,18.01,66.74,37.68,117.79,13.81,51.76,11.89,59.41,24.84,113.54,96.11,19.69,19.6,126.63,64.24,61.79,30.27,18.04,19.85,13.92,57.23,32.66,25.26,15.57,70.2,60.43,9.6,18.7,37.2,62.72,9.97,49.5,,49.81,10.97,7.77,14.14,23.07,34.7,22.9,12.41,14.26,61.16,38.86,15.26,20.3,77.69,57.09,18.13,,16.47
2024-12-25 07:00:00,18.34,68.12,38.22,119.8,13.87,52.55,12.22,61.66,26.21,114.01,95.03,19.6,19.5,126.97,64.43,62.82,30.66,18.43,20.18,14.14,57.42,32.61,25.79,15.93,70.7,61.32,9.69,18.93,37.35,62.98,10.06,50.38,,49.99,11.05,7.81,14.31,23.6,36.25,23.33,12.82,14.57,61.36,39.1,15.38,20.32,78.46,57.18,18.37,,16.71
2024-12-26 07:00:00,18.41,68.51,38.57,116.4,13.99,51.57,12.13,61.83,26.21,112.67,94.94,19.49,19.25,126.13,64.52,62.82,30.47,18.62,20.07,14.14,57.52,32.56,25.53,16.23,70.5,60.63,9.69,19.21,37.2,62.91,10.06,49.86,,50.26,11.1,7.81,14.02,23.42,37.1,23.23,12.87,14.71,61.16,39.14,15.82,20.32,78.07,57.09,18.41,,16.56
2024-12-27 07:00:00,18.41,68.61,38.72,117.44,13.81,51.27,12.01,61.12,26.63,112.1,93.32,19.71,19.45,125.96,64.52,62.54,30.27,19.24,19.96,14.03,57.42,32.52,27.29,16.32,70.4,60.53,9.51,19.07,37.25,62.98,9.93,49.86,,50.35,11.14,7.81,14.02,23.65,37.4,23.47,12.7,14.88,61.23,38.86,16.06,20.27,77.84,57.09,18.41,,16.56
2024-12-30 07:00:00,18.3,68.61,37.83,115.61,13.93,50.98,11.96,61.66,26.7,111.24,92.52,19.63,19.3,126.72,64.24,62.07,30.12,20.55,19.88,13.95,57.72,32.84,27.77,16.16,70.1,60.13,9.6,19.44,36.96,62.91,10.06,49.13,,50.62,11.14,7.77,13.85,23.51,37.85,23.28,12.54,14.79,61.1,38.81,15.82,20.27,77.0,56.64,18.41,,16.56
2024-12-31 07:00:00,18.59,69.69,37.14,114.22,14.12,49.7,11.96,61.56,25.94,111.72,93.24,19.38,19.3,128.4,64.15,61.32,29.92,19.66,19.81,13.77,57.03,32.79,27.51,16.36,70.0,60.13,9.55,19.16,36.28,63.17,9.93,49.79,,50.08,11.22,7.77,13.9,23.16,36.9,23.52,12.45,14.79,60.56,38.52,15.78,20.27,76.92,56.73,18.37,,16.56
2025-01-02 07:00:00,18.44,69.59,37.78,115.96,14.06,50.49,12.01,62.37,26.15,111.72,93.06,19.6,18.75,127.98,64.15,62.26,30.07,19.35,20.07,13.92,57.52,31.93,27.51,16.42,70.8,59.74,9.69,19.16,36.91,63.17,9.93,49.13,,50.17,11.01,7.77,13.9,23.07,37.0,23.23,12.45,14.71,61.03,38.52,15.78,20.27,76.84,56.46,18.32,,16.71
2025-01-03 07:00:00,18.08,69.3,37.78,116.14,13.69,48.77,11.83,61.12,25.53,110.66,92.7,19.69,18.25,125.46,64.05,61.88,29.87,18.85,19.77,13.58,57.33,31.61,26.76,16.1,69.7,57.77,9.83,18.93,37.2,62.33,9.77,47.96,,49.62,10.75,7.77,13.94,22.54,36.1,22.52,12.17,14.39,61.1,38.52,15.34,20.25,76.53,56.37,17.93,,16.61
2025-01-06 07:00:00,17.87,69.1,38.37,114.13,13.56,47.55,11.62,62.01,25.53,107.79,92.7,19.38,18.25,125.71,63.58,60.28,28.99,18.89,19.36,13.28,57.33,31.61,26.67,15.9,67.2,56.19,9.69,18.14,37.11,62.46,9.56,46.93,,48.36,10.41,7.81,13.9,22.14,36.25,22.52,11.76,14.26,61.69,38.52,15.34,20.25,76.69,55.92,17.98,,16.56
2025-01-07 07:00:00,18.01,71.36,39.96,117.53,13.56,47.84,11.32,61.66,25.7,107.6,92.52,19.05,18.2,126.38,63.11,58.97,27.9,18.7,19.36,13.28,57.33,30.75,27.02,16.24,66.8,56.29,9.55,17.45,36.67,61.04,9.48,47.52,,48.45,10.41,7.77,13.94,21.82,36.9,22.56,11.59,14.31,61.29,38.52,15.5,20.25,76.53,55.21,17.89,,16.37
2025-01-08 07:00:00,18.01,71.36,39.91,119.36,13.56,48.43,11.36,61.03,25.94,107.69,92.61,19.13,18.35,124.87,63.2,59.72,28.25,17.96,19.51,13.47,57.13,30.7,27.2,16.2,67.7,57.28,9.69,17.87,37.06,61.95,9.64,47.0,,48.45,10.54,7.81,14.19,21.96,36.7,22.85,11.8,14.39,61.36,38.52,15.58,20.25,76.46,55.21,18.03,,16.37
2025-01-09 07:00:00,17.98,70.28,39.51,117.62,13.56,48.04,11.49,61.83,25.66,107.5,91.89,18.91,18.4,125.29,63.11,59.72,28.2,17.23,19.32,13.21,57.13,30.84,26.94,16.12,67.3,56.88,9.55,17.59,37.74,61.37,9.68,47.22,,48.36,10.8,7.77,14.14,21.69,36.4,22.85,11.59,14.31,61.03,38.9,15.58,20.38,76.38,55.3,17.89,,16.42
2025-01-10 07:00:00,17.8,68.81,38.67,113.26,13.56,48.53,11.32,62.1,25.73,105.39,91.98,18.55,18.1,124.02,62.83,58.31,27.61,16.65,18.99,12.8,56.74,30.88,26.58,15.86,65.5,56.68,9.25,16.71,36.86,60.53,9.64,47.15,,48.36,11.03,7.7,14.44,21.07,35.2,22.33,11.1,14.13,60.7,38.52,15.46,20.25,75.84,54.85,17.7,,16.27
2025-01-13 07:00:00,17.83,68.71,38.87,111.52,13.56,48.53,11.41,63.81,25.87,105.87,92.07,18.88,18.3,124.28,62.55,58.12,27.7,16.73,19.25,12.98,57.03,31.29,27.02,16.12,65.0,56.49,8.85,17.36,37.64,60.91,9.77,47.66,,48.81,11.13,7.7,14.52,21.47,35.3,22.71,11.43,14.13,61.03,38.52,15.54,20.15,75.84,54.94,17.5,,16.13
2025-01-14 07:00:00,17.76,68.81,38.57,108.04,,49.8,11.36,63.45,25.36,104.34,91.98,18.83,18.25,122.17,63.02,56.43,27.36,16.31,19.21,12.76,57.03,31.02,27.16,15.98,63.7,56.39,8.34,17.03,38.46,61.56,9.64,47.96,,49.17,11.13,7.66,14.48,21.29,35.4,22.52,11.22,14.13,60.9,38.52,15.54,20.1,75.76,55.12,17.36,,15.55
2025-01-15 07:00:00,17.94,68.02,38.77,108.56,,50.19,11.62,63.98,25.22,104.72,91.89,18.83,18.25,122.51,62.92,56.62,27.8,16.69,19.47,13.1,57.33,31.07,27.29,16.01,65.8,56.49,8.57,17.4,38.7,60.85,9.85,47.59,,49.62,11.17,7.7,14.68,21.47,35.1,22.61,11.43,14.22,60.7,38.52,15.74,20.12,75.92,55.21,17.6,,15.94
2025-01-16 07:00:00,17.9,68.12,38.97,110.47,,50.19,11.62,65.33,25.25,105.2,92.07,18.88,18.3,123.35,63.02,57.56,28.05,16.73,19.55,12.91,57.42,31.2,27.68,16.05,66.3,56.98,8.55,17.22,38.7,61.3,9.81,48.1,,48.72,11.22,7.7,14.77,21.69,35.45,22.76,11.34,14.26,61.56,38.52,15.78,20.23,76.07,55.39,17.6,,15.98
2025-01-17 07:00:00,17.98,68.02,39.07,111.0,13.38,51.17,11.62,66.32,25.53,105.2,92.16,18.99,18.3,125.46,62.92,58.31,28.35,17.35,19.7,13.06,57.42,31.25,28.08,16.12,65.9,56.88,8.65,17.45,38.7,61.43,9.72,48.91,,48.18,11.17,7.73,14.85,21.82,35.75,23.28,11.67,14.35,61.43,38.62,15.9,20.23,76.15,55.48,17.65,,15.98
2025-01-20 07:00:00,18.01,67.92,39.46,108.91,13.03,51.17,11.66,65.6,25.6,105.3,92.7,18.99,18.4,126.3,63.77,58.5,28.3,17.73,19.66,13.1,57.33,31.38,27.86,16.39,65.5,56.68,8.44,17.4,38.56,62.01,9.6,49.06,,48.81,11.22,7.73,14.93,21.78,35.95,23.28,11.51,14.57,60.9,38.52,16.1,20.2,76.0,55.39,17.6,,16.03
2025-01-21 07:00:00,17.98,67.53,39.36,109.69,12.54,50.98,11.62,65.6,25.6,104.43,91.08,18.83,18.15,126.21,63.2,58.31,28.0,17.46,19.55,12.95,57.33,31.25,28.04,16.39,65.7,56.88,8.43,17.03,38.56,61.69,9.43,48.4,,48.36,11.22,7.73,15.31,21.74,36.05,23.09,11.59,14.39,60.7,38.52,16.1,20.23,76.0,55.3,17.6,,16.03
2025-01-22 07:00:00,17.9,66.25,39.07,109.08,12.73,49.7,11.36,65.33,25.6,104.43,91.26,18.55,17.9,126.04,62.92,57.74,27.61,16.96,19.44,12.76,57.13,31.16,29.4,16.35,65.2,56.59,8.09,16.99,37.88,61.82,9.35,47.96,,48.45,11.27,7.7,15.56,21.69,36.35,23.09,11.51,14.31,60.56,38.04,15.98,20.2,76.0,55.12,17.55,,15.74
2025-01-23 07:00:00,18.23,66.84,39.46,109.43,12.69,49.7,11.41,65.6,26.15,106.35,91.08,19.05,18.35,129.92,63.11,58.31,28.05,17.27,19.81,12.98,57.13,31.38,31.07,16.65,65.4,58.36,8.14,17.22,38.32,62.66,9.48,48.32,,48.72,11.55,7.77,15.56,22.36,37.0,23.47,11.84,14.53,61.43,38.04,16.38,20.2,76.15,55.48,18.08,,15.89
2025-01-24 07:00:00,18.26,68.12,39.56,110.47,12.57,49.8,11.36,65.69,26.08,106.73,91.17,19.16,18.55,129.16,63.96,60.1,28.4,17.46,19.73,13.02,57.33,31.57,31.56,16.8,68.0,59.25,8.32,17.68,38.22,62.98,9.52,47.66,,48.54,11.6,7.81,15.56,22.45,37.0,23.62,12.5,14.62,61.49,38.04,16.54,20.2,76.76,55.66,18.08,,15.98
2025-02-03 07:00:00,18.08,68.81,38.97,107.16,12.82,49.7,11.45,64.34,26.11,105.77,89.74,19.35,18.2,122.51,63.2,58.97,28.84,17.27,19.62,13.13,57.52,31.38,30.9,16.54,68.0,58.75,8.3,17.31,38.03,63.3,9.56,47.88,,47.55,11.69,7.92,15.51,22.05,36.55,23.14,12.5,14.35,60.83,37.56,16.1,20.02,76.0,54.14,17.7,,15.74
2025-02-04 07:00:00,18.19,69.1,39.21,108.04,12.91,50.39,11.75,68.82,27.04,106.83,90.63,19.44,18.6,123.1,63.2,59.34,29.09,17.42,19.96,13.36,57.62,31.57,30.9,16.84,68.6,58.75,8.75,17.64,38.7,63.37,9.72,48.4,,47.55,11.93,8.0,15.6,22.49,37.3,23.52,12.74,14.71,61.1,37.32,16.3,20.05,75.53,53.87,17.93,,15.74
2025-02-05 07:00:00,18.3,70.58,39.16,108.47,12.85,50.29,11.71,71.6,27.0,107.02,90.81,19.49,18.5,123.18,63.86,59.81,29.04,17.42,19.92,13.36,57.42,31.66,31.6,16.88,67.5,58.56,8.76,18.28,38.61,63.37,9.72,48.76,,47.91,12.07,7.92,15.47,22.27,37.25,23.57,12.87,14.75,61.49,37.41,16.34,20.02,75.15,55.03,18.22,,16.27
2025-02-06 07:00:00,18.37,69.59,39.36,107.77,12.69,50.19,11.62,73.39,27.11,106.73,92.07,19.6,18.6,123.35,63.68,59.25,28.79,17.7,19.92,13.24,57.42,31.43,32.13,16.95,67.4,58.26,8.75,18.33,38.61,64.27,9.77,48.4,,47.55,12.73,7.96,15.47,22.27,37.35,24.04,12.7,14.71,61.69,37.36,16.38,20.23,75.38,54.31,18.22,,16.13
2025-02-07 07:00:00,18.52,68.81,40.05,107.16,12.6,51.08,12.39,73.39,28.0,106.44,91.89,19.33,18.65,123.01,63.39,58.87,28.99,17.66,19.81,13.21,57.33,31.38,32.13,17.06,67.7,58.06,8.81,18.01,38.56,63.43,9.89,48.98,,47.28,12.73,8.0,15.51,22.22,37.45,24.57,12.58,14.71,61.76,37.32,16.42,20.32,75.46,54.4,18.13,,16.27
2025-02-10 07:00:00,18.59,69.69,39.91,103.68,12.63,51.86,12.48,73.13,27.66,103.09,90.63,19.05,18.75,119.56,63.39,58.03,28.4,17.42,18.88,12.61,57.23,30.88,32.17,17.18,68.8,56.59,8.6,17.4,39.09,61.81,9.77,48.98,,47.1,12.73,8.0,15.51,22.14,38.45,24.57,12.41,14.88,61.23,36.4,16.42,20.0,74.46,54.22,18.03,,16.03
2025-02-11 07:00:00,18.62,68.91,40.0,103.85,12.51,51.66,12.35,75.28,27.93,103.95,91.44,19.22,18.95,122.42,63.11,57.27,28.49,17.39,19.4,12.5,57.13,31.02,32.57,17.25,68.7,55.6,8.57,17.5,39.86,61.35,9.89,49.5,,46.56,12.82,8.15,15.72,21.96,38.5,24.71,12.62,15.11,61.03,36.35,16.54,19.98,74.23,54.04,18.08,,15.84
2025-02-12 07:00:00,18.48,69.3,39.56,104.03,12.48,53.33,12.31,75.9,27.79,103.86,91.08,19.27,19.2,122.09,63.2,56.99,28.35,17.39,19.21,12.46,57.13,30.88,32.88,17.02,69.0,55.6,8.54,17.36,40.01,61.68,9.85,49.86,,46.83,12.64,8.07,15.72,22.0,38.65,24.52,12.5,14.97,60.76,36.59,16.42,19.95,73.92,54.58,18.08,,15.84
2025-02-13 07:00:00,18.52,68.91,39.56,103.94,12.29,53.33,12.22,80.65,28.03,103.95,90.0,20.18,19.15,120.49,62.83,58.03,29.04,17.5,19.25,12.42,57.42,30.7,33.18,17.18,68.9,54.02,8.41,17.54,40.64,61.68,10.06,49.79,,46.65,12.73,8.15,15.8,22.05,38.8,24.76,12.66,15.02,60.83,37.32,16.38,20.12,74.0,54.31,18.08,,16.08
2025-02-14 07:00:00,18.55,68.91,40.2,103.33,12.45,53.33,12.22,82.54,27.83,103.48,90.36,20.02,19.1,122.0,63.77,58.03,29.92,17.62,19.4,12.69,57.42,30.75,33.01,17.14,68.1,54.42,8.62,17.68,40.98,62.07,10.06,49.5,,46.56,12.64,8.19,16.18,22.14,38.25,24.81,12.7,15.02,60.83,37.36,16.38,20.12,74.38,53.96,18.18,,16.03
2025-02-17 07:00:00,18.59,68.61,39.76,103.33,12.45,52.55,12.26,79.4,27.55,102.13,90.18,20.1,19.4,120.91,63.86,57.65,30.12,17.46,19.44,12.69,57.33,30.75,32.79,16.99,66.4,53.33,8.58,17.68,40.69,61.94,10.14,48.91,,46.11,12.73,8.34,16.47,22.22,38.3,24.52,12.7,14.97,60.83,37.36,16.3,20.05,75.0,53.69,18.03,,15.89
2025-02-18 07:00:00,18.55,68.32,40.05,102.55,12.42,56.17,12.39,80.83,27.66,103.0,90.63,20.02,19.45,121.16,64.05,57.27,30.42,17.5,19.73,12.87,57.13,30.75,32.22,17.02,66.4,53.73,8.72,17.77,41.22,60.77,10.14,49.5,,46.2,12.87,8.3,16.39,22.36,38.65,24.66,12.95,15.02,60.83,37.46,16.34,20.1,74.92,53.96,18.13,,16.27
2025-02-19 07:00:00,18.59,70.09,40.4,102.81,12.63,55.39,12.48,81.91,27.79,103.48,90.63,20.32,20.45,121.25,64.71,57.37,31.21,17.58,19.7,12.91,56.94,31.07,32.3,17.14,67.7,55.01,8.81,18.1,41.8,61.68,10.26,52.94,,46.29,12.96,8.34,16.26,22.54,38.75,24.9,13.85,15.11,60.9,37.65,16.46,20.2,74.92,54.4,18.22,,16.61
2025-02-20 07:00:00,18.7,71.17,40.45,104.03,12.54,55.78,12.56,82.0,28.03,105.68,90.72,20.6,20.45,120.4,64.81,57.84,31.9,17.62,19.73,13.1,57.03,31.07,31.95,17.14,68.0,55.9,9.41,17.96,41.7,61.09,10.1,52.87,,46.38,12.82,8.3,16.26,22.45,38.75,25.33,13.89,15.19,60.9,39.05,16.46,20.48,74.53,54.31,18.37,,16.76
2025-02-21 07:00:00,18.88,73.62,40.45,103.24,12.48,56.86,12.39,85.13,28.48,104.91,90.72,20.6,20.2,119.56,64.43,58.31,31.94,17.77,19.66,13.1,56.94,30.57,32.04,17.18,67.6,57.28,9.46,17.73,41.8,61.22,10.22,52.8,,46.74,12.82,8.34,16.22,22.54,38.85,25.28,13.98,15.11,61.83,38.81,16.5,20.32,74.3,54.94,18.6,,16.66
2025-02-24 07:00:00,18.84,73.23,40.65,103.94,12.48,57.55,11.79,84.33,28.75,104.91,90.81,20.38,20.5,118.3,64.62,58.22,31.99,18.08,20.59,13.36,57.03,30.57,32.39,17.25,67.6,57.57,9.32,17.91,41.61,61.42,10.22,55.0,,47.28,12.87,8.45,16.3,22.98,39.4,25.28,13.98,15.15,62.09,38.76,16.66,20.3,74.3,57.09,18.7,,16.76
2025-02-25 07:00:00,18.73,75.3,40.8,103.16,12.66,56.08,11.83,84.69,28.72,105.1,90.81,20.54,20.7,117.04,64.71,57.37,31.65,17.89,20.44,13.24,56.84,30.29,32.44,17.55,68.4,57.47,9.27,18.01,41.9,62.0,10.14,54.48,,47.28,12.87,8.45,16.26,22.98,39.25,25.19,14.06,15.06,61.49,39.24,16.62,20.35,73.92,56.28,18.51,,16.66
2025-02-26 07:00:00,18.7,75.1,40.75,105.51,12.54,56.66,11.75,82.98,28.38,105.39,90.9,20.57,20.8,119.39,64.43,57.46,32.14,17.77,20.63,13.36,57.03,30.16,32.48,17.4,68.3,57.87,9.23,17.77,41.85,62.07,10.01,53.97,,47.1,12.87,8.49,16.01,22.98,38.55,25.09,14.02,15.06,61.29,39.19,16.5,20.5,74.69,56.46,18.41,,16.56
2025-02-27 07:00:00,18.81,74.71,40.5,105.6,12.54,56.66,11.83,83.88,28.48,106.16,90.9,20.46,20.8,118.97,64.05,57.65,32.24,17.89,21.15,14.29,56.94,30.43,32.35,17.4,68.4,57.77,9.41,18.33,41.56,61.48,9.93,55.01,,47.1,12.78,8.45,16.18,23.2,38.3,25.05,14.51,15.02,62.42,39.53,16.54,20.52,74.53,55.66,18.46,,16.61
2025-02-28 07:00:00,18.73,74.41,40.5,104.11,12.66,55.49,12.13,82.44,28.48,106.83,91.08,20.32,21.3,118.13,64.05,57.09,32.93,17.77,20.81,14.22,57.13,30.43,31.82,17.25,67.7,57.47,9.88,18.42,42.14,61.03,10.14,53.82,,46.47,12.78,8.41,16.09,23.38,38.25,24.9,14.39,14.84,61.96,39.67,16.62,20.6,73.84,55.66,18.46,,16.8
2025-03-03 07:00:00,18.73,74.31,40.5,104.2,12.76,55.78,12.22,79.76,28.31,108.55,91.26,20.41,21.65,118.3,64.62,57.18,32.63,17.73,20.85,14.1,57.13,30.52,31.6,17.32,68.0,57.97,9.69,18.61,42.77,61.09,10.18,53.97,,46.65,12.87,8.34,16.14,23.65,38.85,24.9,14.63,14.39,61.96,40.97,16.82,21.02,74.53,56.55,18.37,,17.09
2025-03-04 07:00:00,18.84,74.51,40.35,105.07,12.6,55.49,12.18,82.0,28.55,107.31,91.71,20.41,22.25,117.88,65.09,57.46,33.03,17.7,20.7,13.95,56.94,30.66,31.25,17.55,69.1,58.66,9.6,18.61,43.06,61.16,10.06,54.34,,46.92,12.87,8.39,16.14,23.42,39.2,26.24,14.43,14.39,61.76,40.49,16.9,20.98,74.46,56.82,18.27,,17.09
2025-03-05 07:00:00,18.84,73.82,40.2,109.69,12.42,55.49,11.96,81.91,28.27,105.39,91.26,20.1,22.0,117.12,64.43,56.43,32.54,17.66,20.48,13.66,56.64,30.43,31.51,17.66,68.2,58.75,9.51,18.1,42.33,60.38,9.89,54.34,,46.74,13.58,8.4,16.14,23.2,38.8,26.05,14.06,14.31,61.76,41.12,16.82,21.12,74.15,56.1,18.18,,17.14
2025-03-06 07:00:00,19.02,73.92,40.35,109.69,12.26,56.57,12.09,86.03,28.58,106.44,90.81,20.18,22.2,119.22,64.33,57.37,33.52,17.77,20.78,14.14,56.64,30.48,31.29,18.08,69.2,61.02,9.65,18.51,42.23,60.83,10.01,54.79,,46.38,13.58,8.41,16.14,23.91,39.5,26.43,14.22,14.39,62.09,41.98,16.78,21.18,74.23,56.28,18.32,,17.24
2025-03-07 07:00:00,19.2,73.72,40.7,108.04,12.32,55.59,12.13,84.24,29.1,106.54,90.72,20.41,21.65,119.06,63.86,57.84,33.03,18.04,20.85,14.03,55.67,30.48,31.16,18.38,69.0,61.02,9.79,18.79,41.46,60.96,10.01,54.49,,46.2,13.77,8.41,16.3,23.91,39.75,26.48,14.59,14.53,63.15,43.28,16.78,22.65,74.61,56.1,18.41,,17.58
2025-03-10 07:00:00,19.06,78.83,40.94,106.38,12.23,55.1,12.22,81.82,29.13,105.87,90.63,20.32,21.05,117.29,63.86,57.84,32.83,18.27,20.78,13.95,55.67,30.11,30.63,18.38,68.9,61.32,9.69,18.89,41.61,60.57,9.97,55.76,,46.38,14.14,8.41,16.43,23.69,40.0,26.52,14.67,14.39,64.28,43.62,16.78,23.65,75.15,55.92,18.56,,17.62
2025-03-11 07:00:00,19.06,78.83,40.94,108.3,12.04,53.82,12.26,82.0,29.23,104.53,90.81,20.35,21.3,115.77,63.49,57.56,32.93,18.35,20.92,14.22,55.37,29.84,30.5,18.6,68.9,62.11,9.83,19.07,41.9,60.64,9.97,55.46,,46.2,14.1,8.4,16.43,23.74,39.9,26.72,14.72,14.44,64.28,43.82,16.66,23.65,75.15,55.84,18.84,,17.58
2025-03-12 07:00:00,18.95,79.23,40.45,106.82,12.14,53.92,12.13,79.76,29.27,105.39,90.81,20.21,20.95,114.43,63.96,56.52,32.34,18.24,20.66,14.1,55.28,29.43,31.07,18.45,68.7,61.81,9.79,18.98,41.51,59.08,10.01,54.86,,46.11,14.14,8.39,16.47,23.74,39.75,26.57,14.43,14.35,66.27,45.21,16.42,24.05,74.92,55.66,18.75,,17.67
2025-03-13 07:00:00,18.81,77.46,39.76,104.81,11.95,53.04,12.01,76.08,29.03,104.34,90.18,19.74,20.35,114.93,64.33,56.05,32.54,17.85,20.59,14.07,55.18,29.39,31.07,18.23,70.4,60.63,9.69,18.33,40.35,58.43,9.89,53.67,,46.11,14.05,8.41,16.43,23.96,39.0,26.05,14.18,14.26,65.08,46.03,16.26,25.7,74.84,55.48,18.41,,18.16
2025-03-14 07:00:00,18.73,77.66,39.96,103.68,11.73,52.55,12.09,74.38,29.03,102.52,90.63,19.74,20.15,110.64,63.77,54.64,32.83,17.89,20.48,13.95,55.18,29.2,30.76,18.23,71.1,60.63,10.35,18.7,40.06,56.74,9.93,52.71,,46.56,14.14,9.0,16.43,23.96,38.85,26.05,14.22,14.31,65.57,46.13,16.3,26.1,75.84,55.57,18.75,,18.11
2025-03-17 07:00:00,18.88,80.41,39.91,103.68,11.95,51.96,12.31,75.28,29.23,102.52,90.36,19.77,20.35,109.46,64.24,54.55,32.59,18.04,20.7,14.07,54.69,30.16,30.54,18.23,70.5,61.12,10.39,19.26,40.11,57.07,10.01,52.63,,46.56,14.24,9.46,16.43,24.0,38.85,26.19,14.8,14.53,66.87,46.03,16.42,26.05,76.23,56.37,19.32,,18.06
2025-03-18 07:00:00,18.95,80.41,39.56,104.72,12.32,52.25,12.39,74.56,28.82,102.8,90.0,19.77,20.3,109.46,65.09,55.96,32.93,17.93,20.52,13.66,54.59,29.61,31.16,17.92,69.6,60.92,10.21,18.98,40.35,57.26,10.68,53.0,,46.11,14.28,9.76,16.34,23.82,38.4,26.14,14.51,14.44,66.37,45.55,16.34,25.65,75.69,55.92,18.94,,17.82
2025-03-19 07:00:00,18.88,79.33,39.36,104.11,12.2,52.35,12.31,75.46,28.51,103.38,90.1,19.77,19.9,104.91,64.81,55.77,34.31,17.77,20.26,13.21,54.4,29.61,31.64,17.89,68.5,58.66,10.07,19.02,40.15,57.26,10.68,52.11,,45.84,14.19,9.8,16.43,23.6,38.4,26.0,14.3,14.26,66.07,45.6,16.42,25.95,75.23,55.74,18.6,,17.82
2025-03-20 07:00:00,18.91,78.15,39.36,104.11,12.14,51.96,12.18,77.88,28.55,101.94,90.0,19.71,19.95,105.25,64.62,55.86,34.01,17.81,20.18,13.32,54.5,29.43,31.29,18.19,68.4,59.15,10.11,18.7,39.96,58.3,10.63,53.15,,45.66,13.96,9.88,16.47,23.6,38.9,26.19,14.22,13.51,66.37,45.6,16.34,25.75,74.0,55.3,18.75,,17.77
2025-03-21 07:00:00,18.81,77.36,39.02,105.25,12.08,51.47,12.05,77.96,28.58,100.5,89.92,19.63,20.0,107.77,63.77,55.86,34.06,17.73,20.18,13.21,54.69,29.43,30.63,18.23,67.9,59.44,10.02,18.79,39.96,58.17,10.3,53.15,,45.38,14.24,9.88,16.47,23.65,38.65,26.1,14.26,13.11,65.57,46.46,16.26,26.5,74.3,54.85,18.65,,17.82
2025-03-24 07:00:00,18.99,75.98,38.67,104.55,11.98,51.17,12.01,77.25,28.68,99.64,89.92,19.49,20.1,108.62,63.3,55.49,33.67,17.46,20.18,13.24,54.79,29.61,30.06,18.3,68.5,59.44,9.6,18.51,39.91,57.46,10.55,53.52,,45.02,14.19,10.43,16.39,24.14,38.6,26.72,14.51,12.88,66.07,49.4,15.98,28.35,74.3,54.94,18.75,,18.49
2025-03-25 07:00:00,18.95,76.77,39.26,104.11,12.04,51.37,12.01,77.25,29.03,99.83,89.74,19.52,19.9,106.51,63.3,54.83,34.11,17.54,20.22,13.36,55.08,29.75,29.93,18.15,68.5,59.64,9.65,18.61,39.62,57.0,10.8,53.9,,44.71,14.1,10.43,16.43,23.91,38.65,26.62,14.63,13.15,65.77,49.59,16.06,28.45,74.38,54.94,18.65,,19.12
2025-03-26 07:00:00,18.84,76.67,39.11,103.76,12.17,51.17,12.01,77.52,28.65,100.12,89.74,19.6,19.5,103.56,63.58,55.2,34.01,17.54,20.48,13.43,55.08,29.07,29.44,18.0,68.3,59.94,9.55,18.33,39.82,56.22,10.76,53.97,,44.71,14.05,10.3,16.22,23.56,38.6,26.72,14.96,12.88,65.38,49.59,15.98,28.5,74.38,54.76,18.51,,19.27
2025-03-27 07:00:00,18.73,76.08,38.67,103.68,12.11,52.15,11.96,77.78,28.55,100.7,89.74,19.52,19.45,106.26,63.3,54.64,34.46,17.46,20.44,13.24,54.98,29.48,29.05,17.92,69.4,59.54,9.55,18.14,39.62,55.12,10.63,54.34,,44.71,14.0,10.68,16.26,23.38,38.25,26.48,15.46,12.71,65.08,49.3,16.02,28.55,74.23,54.67,18.41,,18.98
2025-03-28 07:00:00,18.7,76.28,38.67,107.51,11.89,52.45,11.83,75.81,28.38,98.59,89.74,19.57,19.5,104.41,62.92,54.55,34.31,17.16,20.18,12.98,54.69,29.57,29.44,17.92,68.5,58.95,9.55,17.87,38.51,53.24,10.59,52.71,,44.48,14.0,10.68,16.34,23.42,38.25,26.29,15.37,12.62,64.38,49.3,15.86,29.0,73.84,53.96,18.41,,18.83
2025-03-31 07:00:00,18.73,73.53,38.32,103.94,11.73,52.25,11.75,76.17,28.44,95.43,89.74,19.24,19.5,101.88,62.92,54.08,31.94,17.04,19.88,12.84,54.1,29.61,29.27,18.08,66.8,58.16,9.6,17.91,38.27,54.08,10.59,53.08,,44.12,14.0,10.47,16.22,23.11,38.3,26.24,14.8,12.71,63.59,49.4,15.9,29.0,73.07,54.22,18.18,,18.49
2025-04-01 07:00:00,18.77,74.61,38.57,106.73,12.04,51.66,11.88,76.62,28.72,94.09,89.65,19.46,19.55,101.46,63.58,54.17,31.4,17.31,20.07,13.13,53.22,29.61,29.4,18.45,66.2,57.77,9.65,18.01,38.99,54.15,10.72,53.15,,44.53,14.24,10.47,16.22,23.16,39.7,26.67,14.92,12.71,64.08,51.04,16.02,29.85,73.23,54.4,18.32,,19.32
2025-04-02 07:00:00,18.7,74.31,38.27,105.77,11.98,51.08,11.92,76.89,28.79,93.03,89.47,19.55,19.8,102.72,63.2,52.95,31.45,17.31,20.26,13.36,53.62,29.02,29.14,18.26,66.0,57.97,9.6,18.05,38.9,53.56,10.59,52.78,,44.48,14.28,10.56,15.93,23.51,39.25,26.62,15.04,12.66,64.38,51.04,15.98,30.2,73.07,54.14,18.32,,19.46
2025-04-03 07:00:00,17.4,69.2,35.6,98.45,11.15,47.55,11.11,71.51,26.8,86.61,84.8,18.19,18.45,95.56,58.87,49.28,29.28,16.11,18.84,12.44,52.83,27.02,27.11,16.99,61.4,53.92,8.93,16.8,36.19,49.86,9.89,49.14,,41.37,13.67,9.84,15.51,21.87,36.55,24.76,14.02,11.82,59.91,47.47,14.9,28.1,68.0,50.56,17.08,,18.11
2025-04-04 07:00:00,17.15,64.39,35.6,99.93,10.37,44.26,10.33,66.58,26.56,80.96,83.36,17.55,18.0,95.14,55.29,45.85,27.26,16.04,18.28,11.71,53.42,25.43,29.0,16.84,58.0,52.05,8.48,16.06,34.54,47.07,9.43,48.92,,39.11,14.14,10.14,15.93,21.11,37.4,24.52,13.61,11.33,59.61,48.44,14.98,29.15,66.38,52.34,16.69,,18.16
2025-04-08 07:00:00,15.96,59.96,33.13,92.96,9.66,41.17,9.65,61.92,24.7,75.31,81.48,16.34,16.75,88.49,51.43,42.65,25.39,14.92,17.02,10.91,52.64,23.66,27.46,15.68,54.0,48.45,7.9,14.95,32.17,43.82,8.81,45.5,,38.44,13.81,9.46,15.76,19.65,34.8,22.85,12.66,10.57,55.44,45.26,13.94,27.55,63.54,48.77,15.54,,16.9
2025-04-09 07:00:00,15.71,55.83,32.09,99.41,9.01,38.33,9.0,57.62,23.2,70.04,80.4,15.42,15.6,88.66,47.85,39.69,23.61,14.03,15.83,10.18,52.54,22.03,27.73,15.49,50.3,45.59,7.55,13.93,29.95,40.77,8.22,45.35,,39.79,13.81,9.21,16.01,18.31,33.1,22.52,11.8,10.4,52.16,46.7,13.58,28.5,60.84,46.53,15.26,,17.38
2025-04-10 07:00:00,16.79,59.67,34.32,106.29,9.63,40.98,9.6,61.66,24.81,74.92,85.97,16.47,16.65,94.81,51.15,42.46,25.24,15.0,16.91,10.87,54.3,23.53,29.66,16.54,53.8,48.75,8.07,14.9,32.03,43.56,8.77,48.47,,42.54,14.76,9.84,17.13,19.56,35.4,24.09,12.62,11.11,55.74,49.88,14.5,30.45,65.07,49.75,16.31,,18.59
2025-04-11 07:00:00,17.9,58.68,36.35,108.73,10.0,43.14,10.12,65.87,26.35,80.1,86.95,17.61,17.8,99.78,54.73,43.26,25.63,15.96,18.06,11.14,54.5,24.98,30.1,17.59,57.1,52.15,8.63,15.74,34.2,46.55,9.35,50.18,,44.21,14.94,10.22,16.59,20.85,37.85,25.38,13.4,11.73,59.41,51.52,14.94,32.55,65.69,51.45,16.69,,18.74
2025-04-14 07:00:00,17.87,59.47,36.59,108.73,10.31,43.72,10.42,66.49,26.28,85.65,87.4,18.55,18.35,99.78,55.76,43.59,25.83,16.19,18.84,11.06,54.01,25.25,29.8,17.59,60.0,55.8,8.6,15.88,33.72,47.85,9.72,50.1,,44.66,14.94,10.22,15.89,21.42,37.8,25.33,13.98,11.6,58.92,55.08,15.02,34.8,65.77,50.91,16.55,,19.6
2025-04-15 07:00:00,17.36,55.54,36.1,108.04,9.88,43.14,10.33,69.54,25.91,85.75,86.24,18.14,18.25,97.67,54.82,43.17,24.06,15.84,19.21,10.75,53.81,24.57,29.18,17.25,58.5,56.29,8.62,15.27,32.51,46.42,9.77,48.69,,43.94,15.09,10.01,15.43,20.71,38.45,24.81,13.48,11.37,59.61,55.37,14.78,35.25,64.07,50.38,16.17,,19.6
2025-04-16 07:00:00,17.51,52.59,35.6,112.22,9.66,43.18,10.16,68.64,25.53,83.93,85.7,17.97,18.1,90.85,54.73,40.44,23.17,15.92,18.95,10.41,53.52,24.34,28.74,17.18,56.4,55.99,8.73,15.27,31.93,44.54,9.85,48.62,,42.95,15.04,10.09,15.51,20.45,38.15,24.62,13.52,11.51,58.92,54.41,14.58,33.95,65.69,50.11,16.07,,19.7
2025-04-17 07:00:00,17.51,52.59,35.46,117.18,9.75,44.46,10.16,69.72,25.56,83.55,85.25,17.97,18.1,92.11,54.73,43.26,23.86,15.96,18.95,10.37,53.62,24.43,29.58,17.25,57.3,55.99,8.72,15.32,32.75,45.32,9.93,48.17,,42.41,15.04,10.14,16.05,20.54,38.3,24.81,13.73,11.64,57.73,54.7,14.42,35.5,67.69,50.11,15.83,,19.7
2025-04-18 07:00:00,17.65,53.08,35.55,113.09,9.88,44.12,10.25,68.47,25.7,84.79,86.5,18.22,18.95,93.96,55.01,45.75,24.16,16.04,18.92,10.52,54.4,24.39,29.84,17.44,58.0,55.4,9.01,15.18,32.9,47.07,9.93,48.69,,42.72,15.89,10.81,16.05,20.76,38.55,24.81,13.73,11.73,57.73,52.96,14.66,33.05,66.54,50.64,16.21,,19.7
2025-04-21 07:00:00,17.36,54.26,34.86,116.66,9.72,43.14,10.2,69.72,25.56,83.45,87.85,18.27,18.8,94.05,54.73,44.86,23.37,15.73,18.55,10.22,54.79,24.53,29.09,17.21,58.1,54.81,9.6,15.18,32.7,45.12,10.01,50.7,,42.5,15.94,11.1,15.8,20.36,40.45,24.57,13.93,12.04,57.83,52.96,14.7,30.75,64.61,50.73,15.97,,19.7
2025-04-22 07:00:00,17.36,51.12,34.71,117.62,9.29,42.55,9.9,69.18,25.46,84.5,86.6,17.72,18.4,92.96,54.16,44.01,21.99,15.65,18.62,9.6,55.96,23.8,29.27,17.32,58.7,56.49,9.93,14.16,32.03,43.56,9.81,50.18,,42.05,15.94,11.1,15.93,19.78,40.65,24.0,13.77,11.91,58.12,55.37,14.57,29.5,64.23,50.11,15.88,,19.9
2025-04-23 07:00:00,17.73,54.06,34.96,125.81,9.54,43.14,10.16,71.15,25.6,87.0,87.04,17.94,18.85,92.96,54.16,44.2,22.82,15.69,18.99,10.25,55.57,24.39,29.31,17.55,59.6,57.97,10.07,14.44,32.37,44.67,9.89,50.92,,43.85,15.98,10.93,15.35,20.22,40.2,24.9,14.35,12.0,57.63,56.33,14.7,29.3,65.92,50.47,15.97,,21.2
2025-04-24 07:00:00,17.4,54.56,35.06,125.02,9.72,45.54,10.29,73.04,25.66,87.76,87.49,18.0,18.95,94.3,54.16,46.08,23.22,16.38,19.03,10.37,55.57,24.62,29.05,17.44,59.9,58.85,10.53,14.72,32.56,46.1,9.93,50.85,,44.39,15.98,10.85,15.43,20.45,40.2,24.57,14.55,11.95,57.83,58.93,14.7,31.35,65.92,50.38,15.93,,22.02
2025-04-25 07:00:00,17.22,54.85,34.61,124.33,9.94,45.19,10.98,75.37,25.49,87.38,87.31,18.0,19.05,94.64,55.1,47.96,23.47,16.38,19.1,10.25,55.67,24.71,28.43,17.66,62.0,59.64,10.11,14.53,33.14,45.51,9.85,51.96,,44.66,15.98,10.77,15.02,20.27,39.15,24.76,14.51,11.91,57.13,59.99,14.45,33.5,70.0,52.17,15.78,,22.02
2025-04-28 07:00:00,17.26,54.75,34.17,123.19,10.0,45.1,11.28,74.02,25.29,87.67,87.31,18.22,19.35,92.2,55.01,47.96,23.17,16.58,19.07,10.48,55.37,24.25,28.87,17.77,62.5,60.04,10.67,14.53,32.7,45.97,9.72,51.3,,46.2,15.98,10.68,15.43,20.49,39.25,24.81,14.02,12.0,57.13,56.33,14.45,34.0,68.54,51.45,15.83,,22.31
2025-04-29 07:00:00,17.33,54.06,34.17,125.98,9.94,45.05,11.28,72.5,25.53,87.19,87.4,18.11,18.95,92.11,54.92,49.84,23.37,16.54,18.95,10.6,55.47,23.94,28.65,17.66,62.5,59.94,10.63,14.26,32.8,46.16,9.81,50.92,,43.4,16.03,10.6,15.26,20.4,39.1,25.09,14.14,12.08,56.93,56.24,14.45,34.0,66.15,51.54,15.83,,22.84
2025-05-05 07:00:00,17.33,56.52,34.47,126.33,9.97,45.19,11.23,72.59,25.63,89.87,88.84,18.88,19.25,91.44,55.1,51.26,24.5,16.35,19.1,11.25,55.18,24.66,28.3,17.66,62.5,60.13,10.67,14.49,32.56,45.97,10.18,52.41,,43.22,15.94,10.68,15.31,20.54,39.5,25.28,14.02,12.08,56.73,58.64,14.61,35.0,68.92,50.91,15.88,,24.05
2025-05-06 07:00:00,17.29,55.05,34.57,125.46,10.22,46.57,11.06,71.78,25.8,89.39,92.43,18.55,19.0,92.37,56.14,50.03,23.96,16.38,18.92,11.06,54.98,24.62,27.95,17.66,62.0,59.64,11.42,14.95,32.8,47.78,10.1,51.82,,43.17,15.84,10.51,15.31,20.58,38.85,25.62,14.14,12.26,56.63,58.64,14.57,35.25,68.46,50.91,16.17,,24.05
2025-05-07 07:00:00,17.29,56.13,34.52,125.2,10.93,48.04,11.06,69.81,25.7,88.24,92.88,18.77,19.0,92.37,56.99,48.9,24.5,16.15,18.88,11.18,54.98,25.98,28.34,17.44,60.9,59.25,11.79,15.37,32.41,47.26,10.51,51.67,,43.35,15.94,10.6,15.39,20.31,38.85,25.76,14.43,12.35,56.63,59.7,14.53,36.7,68.38,51.18,16.26,,24.05
2025-05-08 07:00:00,17.4,58.98,35.06,125.46,11.12,47.94,11.15,70.08,25.77,88.34,95.93,18.94,19.25,96.24,57.84,49.37,26.18,16.38,19.1,11.33,54.79,26.16,29.09,17.66,63.0,59.44,11.74,15.37,34.54,48.04,10.59,51.82,,43.8,16.36,10.85,15.51,20.54,39.5,26.14,14.92,12.48,56.73,59.9,14.66,39.25,69.07,51.36,16.26,,24.14
2025-05-09 07:00:00,17.4,58.49,34.71,127.99,11.15,47.25,11.49,70.35,25.7,87.86,94.94,18.77,19.1,97.67,57.55,49.84,26.28,16.35,19.07,11.44,54.69,25.84,30.37,17.62,62.8,59.54,11.46,15.41,34.01,49.6,10.55,51.07,,44.21,16.36,10.85,15.51,20.4,39.75,26.33,14.51,12.48,56.24,59.9,14.61,38.25,68.84,51.63,16.26,,24.14
2025-05-12 07:00:00,17.58,60.45,34.86,127.9,11.24,47.84,11.36,70.44,25.97,87.95,93.77,18.77,19.25,99.61,58.68,50.69,27.56,16.58,18.88,11.52,54.69,25.71,30.63,17.85,62.0,59.94,11.46,15.32,34.35,51.03,10.72,51.3,,44.62,16.31,11.06,15.76,20.62,40.0,28.05,14.8,13.11,56.24,59.99,14.99,39.7,69.54,52.43,16.6,,24.63
2025-05-13 07:00:00,17.73,60.75,35.41,131.65,11.24,48.14,11.32,73.48,27.04,87.76,96.38,18.77,19.7,100.62,58.4,52.57,28.25,16.81,19.18,11.52,54.79,26.52,30.59,18.38,62.1,62.6,11.23,15.27,34.4,53.37,10.59,51.07,,44.44,16.36,11.02,15.51,20.8,40.1,28.05,14.8,12.96,56.43,59.7,15.03,39.8,69.61,52.34,16.93,85.5,24.53
2025-05-14 07:00:00,17.87,61.44,37.04,131.56,11.24,48.23,11.36,72.59,27.18,89.87,96.47,18.91,19.9,106.34,58.31,52.48,27.61,17.12,19.44,11.9,54.88,26.61,31.42,18.38,62.3,63.09,11.42,15.55,34.54,55.83,10.68,53.15,,44.66,16.41,10.93,15.64,21.25,40.0,28.48,14.84,13.15,58.32,58.16,15.28,39.9,71.54,52.07,18.08,91.4,23.85
2025-05-15 07:00:00,18.41,59.96,36.99,129.82,11.15,48.63,11.58,73.84,27.28,89.58,96.47,18.97,19.85,105.25,58.4,51.91,27.7,17.16,19.44,12.25,54.59,26.66,32.61,18.79,62.8,63.39,11.28,15.55,34.4,54.8,10.63,52.78,,45.38,16.5,11.52,16.09,21.25,40.7,28.53,14.55,13.11,58.32,55.85,15.61,39.9,70.0,52.62,18.23,97.7,23.32
2025-05-16 07:00:00,18.34,59.96,36.2,127.9,10.99,47.3,11.41,72.59,26.76,88.05,95.75,18.74,19.45,101.88,58.21,50.69,27.31,16.92,19.18,12.63,54.2,26.07,32.13,18.49,62.5,62.9,11.32,15.27,34.59,52.59,10.68,52.78,,45.56,16.5,11.31,15.76,21.07,39.8,28.1,14.92,12.96,57.13,55.85,15.24,40.0,69.23,52.07,17.74,101.0,23.66
2025-05-19 07:00:00,18.3,59.67,35.8,128.26,10.81,47.3,12.18,72.77,26.83,85.75,96.29,18.61,19.35,99.52,57.18,51.26,26.82,16.96,19.07,12.48,54.3,26.3,30.9,18.45,62.0,62.8,11.23,15.46,33.96,52.98,10.68,52.48,,44.84,16.5,11.23,15.6,20.76,39.0,28.15,14.8,12.82,56.63,56.62,14.99,42.8,67.69,51.88,17.88,98.2,23.9
2025-05-20 07:00:00,18.44,59.67,35.8,130.99,10.81,48.72,12.22,73.22,27.11,86.13,97.81,18.69,19.9,100.36,56.99,52.01,27.31,17.19,19.07,12.52,53.71,26.43,31.14,18.64,62.7,63.78,11.04,15.41,33.67,53.43,10.8,53.9,,44.93,16.5,11.23,15.64,20.89,39.5,29.53,14.96,12.87,56.73,60.57,15.16,45.75,67.92,51.79,17.88,99.5,24.92
2025-05-21 07:00:00,18.48,59.86,35.8,129.35,10.65,49.31,13.03,70.62,27.07,85.08,95.75,18.5,20.25,99.61,56.8,51.54,26.92,17.27,19.14,12.6,54.01,26.25,30.76,18.79,63.6,63.39,11.79,15.51,34.16,52.39,10.88,53.38,,44.75,16.97,11.36,15.51,20.76,41.8,29.48,14.96,12.87,56.73,64.81,15.16,46.75,67.92,51.33,18.13,98.0,24.87
2025-05-22 07:00:00,18.41,58.68,35.6,125.53,10.74,48.53,13.21,70.08,26.66,85.08,95.57,18.5,21.1,98.34,57.46,49.94,26.47,17.0,19.07,12.48,54.01,25.66,30.14,18.49,64.0,63.39,11.65,15.18,33.67,51.22,11.26,52.48,,44.8,16.83,11.31,15.47,20.76,41.1,29.1,15.0,12.68,56.53,65.58,15.11,46.25,67.07,50.96,17.98,92.0,24.48
2025-05-23 07:00:00,18.62,57.8,35.46,129.9,10.87,48.67,12.99,70.08,26.63,84.12,94.71,18.61,21.4,98.6,59.34,50.13,26.62,17.04,19.03,12.48,53.52,25.57,30.19,18.49,63.2,63.29,11.6,14.9,33.24,51.29,11.05,52.34,,44.62,16.92,11.36,15.47,20.76,41.8,28.77,15.5,12.63,56.43,66.25,15.16,46.5,67.54,51.23,17.78,90.3,24.77
2025-05-26 07:00:00,18.54,60.65,35.46,129.81,10.9,50.39,13.46,71.51,26.94,86.23,94.62,18.99,21.9,98.76,59.34,52.38,28.44,17.42,18.99,12.6,53.71,26.39,30.71,18.6,63.8,63.59,11.93,15.27,33.57,52.26,11.17,53.45,,44.62,16.97,11.44,15.47,20.98,41.55,28.96,16.36,12.72,56.63,70.78,15.2,47.25,67.54,51.6,17.83,90.0,24.63
2025-05-27 07:00:00,18.5,60.55,35.9,129.72,10.93,51.47,13.63,74.92,27.18,87.95,94.14,18.8,22.05,100.2,60.0,55.96,28.99,17.42,18.99,12.6,53.81,27.25,30.43,18.56,64.0,63.39,11.98,16.29,33.62,52.13,11.17,54.12,,44.62,17.02,11.61,15.31,21.07,41.5,29.2,16.28,12.72,56.43,71.55,15.53,47.25,68.0,51.33,17.78,87.2,24.43
2025-05-28 07:00:00,18.45,60.45,36.1,127.72,11.24,51.37,13.21,74.02,27.14,86.9,94.62,18.83,21.75,99.69,60.38,57.27,29.23,17.16,19.03,12.63,53.52,26.75,30.19,18.45,63.9,63.49,12.16,16.02,34.35,51.48,11.17,53.82,,44.62,17.07,11.61,15.43,21.07,41.05,29.1,16.03,12.72,56.43,72.9,15.36,48.5,67.69,51.14,17.69,88.0,25.79
2025-05-29 07:00:00,18.37,61.14,36.05,125.81,11.02,50.59,13.33,73.75,26.7,85.75,94.05,18.66,22.9,98.6,60.28,56.9,28.99,17.0,18.99,12.52,53.52,26.98,30.24,18.38,63.4,63.39,13.0,16.25,33.77,54.54,11.01,53.08,,44.44,17.11,11.44,15.26,20.89,41.3,29.39,16.48,12.77,56.33,74.05,15.24,48.5,67.3,51.05,17.83,88.5,26.7
2025-05-30 07:00:00,18.19,59.57,35.6,124.62,10.71,49.61,13.21,71.06,26.28,86.13,93.19,18.47,22.7,98.09,61.23,56.24,28.3,16.73,19.14,12.52,53.32,26.71,30.05,18.26,62.0,61.22,13.19,15.83,33.38,53.56,10.84,53.3,,43.99,17.16,11.4,15.26,20.85,40.7,29.05,16.28,12.63,56.04,74.73,14.9,49.2,66.92,50.86,17.64,89.0,26.56
2025-06-02 07:00:00,18.19,58.98,35.31,123.35,11.08,49.51,13.55,71.6,26.35,85.37,93.0,18.52,23.3,97.75,61.7,55.02,28.89,16.65,18.99,12.29,53.62,27.8,30.24,18.45,62.1,60.13,13.56,16.89,34.45,50.77,11.13,54.27,,44.35,17.21,11.52,15.35,21.07,41.8,29.44,16.77,12.49,55.84,74.15,15.03,49.0,68.84,50.58,17.69,87.5,25.79
2025-06-03 07:00:00,18.32,60.06,35.51,126.99,10.96,50.39,13.38,72.86,26.46,86.71,92.91,18.91,23.15,98.85,61.98,55.3,29.09,16.85,19.32,12.56,53.22,27.7,30.24,18.52,63.3,61.51,13.24,16.99,34.49,50.51,11.13,54.19,,44.66,17.35,11.69,15.18,21.78,41.6,30.15,16.77,12.63,56.43,74.73,15.07,49.05,69.07,51.42,17.98,87.5,25.59
2025-06-04 07:00:00,18.19,59.76,35.36,125.53,11.12,50.29,13.38,72.86,26.42,86.32,93.57,18.77,24.65,98.6,61.04,55.58,28.74,16.85,19.29,12.4,53.13,27.7,30.0,18.41,64.1,60.43,13.24,17.08,34.88,51.22,11.21,53.75,,45.2,17.35,11.61,15.14,21.51,41.0,29.91,16.48,12.49,56.24,74.24,15.07,49.05,70.61,52.72,17.93,88.0,26.03
2025-06-05 07:00:00,18.11,59.86,35.11,123.44,11.12,49.41,13.33,73.13,26.46,86.8,94.14,18.72,24.3,98.34,60.1,54.92,28.79,16.69,19.14,12.56,52.83,27.48,30.05,18.3,65.8,60.82,13.33,16.89,34.93,50.58,11.34,57.46,,44.66,17.44,11.52,15.02,21.29,41.35,29.67,16.28,12.53,55.94,73.96,14.99,49.0,70.23,52.16,17.78,88.2,26.08
2025-06-06 07:00:00,18.11,59.86,34.86,124.72,11.12,48.53,12.73,71.96,26.21,86.04,93.48,18.61,24.1,96.83,59.34,54.08,27.95,16.81,19.36,12.44,52.25,26.89,29.48,18.11,65.0,59.64,13.33,16.48,36.19,49.15,11.09,57.99,,44.26,17.44,11.52,15.1,20.98,41.75,28.91,16.36,12.49,55.74,73.18,14.86,48.5,69.23,51.23,17.49,88.2,25.59
2025-06-09 07:00:00,18.06,58.68,34.86,121.08,10.9,47.65,12.43,71.06,26.08,84.41,93.0,18.72,23.1,97.84,59.63,51.82,27.31,16.54,19.55,12.29,51.76,27.11,29.53,18.19,64.1,59.64,13.42,16.39,35.8,48.43,10.84,57.24,,44.08,17.44,11.39,15.06,20.76,41.95,28.39,16.52,12.44,55.54,68.08,14.86,45.15,68.3,51.23,17.54,88.2,24.68
2025-06-10 07:00:00,18.06,58.29,34.81,121.9,10.77,47.94,12.22,70.8,25.97,87.48,93.38,19.3,22.9,97.42,59.25,52.29,27.75,16.58,19.47,12.17,51.56,26.98,29.72,18.15,64.8,60.63,13.38,16.43,35.5,49.41,10.8,56.87,,44.08,17.58,11.48,15.02,20.76,42.9,28.67,16.44,12.44,55.54,69.91,14.86,45.3,68.46,51.23,17.64,88.2,25.59
2025-06-11 07:00:00,18.06,57.5,34.66,121.9,10.74,48.43,12.31,72.41,26.08,88.82,93.1,19.22,22.7,99.27,58.97,52.67,27.36,16.5,19.4,12.29,51.56,26.61,29.72,18.19,64.8,61.02,12.96,16.06,34.95,49.34,10.72,57.73,,44.21,17.63,11.61,14.97,20.89,42.85,28.72,16.19,12.63,55.34,69.43,14.82,45.1,67.38,51.14,17.69,88.2,25.21
2025-06-12 07:00:00,18.15,58.19,34.91,124.17,10.87,48.82,12.31,72.68,26.42,89.01,94.33,19.44,23.1,99.36,59.15,53.14,28.15,16.77,19.92,12.79,51.76,26.98,29.91,18.52,65.8,62.6,13.28,16.11,35.25,50.84,10.8,57.73,,44.62,17.87,11.61,15.06,21.02,45.0,29.53,16.36,12.68,55.64,67.41,14.99,43.4,68.38,51.79,17.88,88.2,24.34
2025-06-13 07:00:00,18.15,58.49,35.16,124.17,11.46,48.33,12.05,71.87,27.38,88.82,93.95,19.71,22.65,98.0,60.66,52.29,26.82,16.65,19.62,12.52,51.47,26.57,29.86,18.64,65.4,62.3,13.33,15.51,37.7,50.64,10.59,57.3,,44.3,17.82,11.26,14.89,20.58,44.9,29.77,15.66,12.58,55.84,65.87,14.9,42.75,67.69,51.42,17.83,88.2,23.71
2025-06-16 07:00:00,18.37,58.49,35.46,124.26,12.08,50.59,12.39,73.48,27.66,93.89,93.95,20.13,23.3,101.05,64.9,53.23,27.61,16.77,19.88,12.83,51.17,26.71,29.91,18.82,66.8,63.39,13.89,15.92,40.3,53.24,10.8,59.18,,44.71,17.92,11.44,14.89,21.2,45.5,30.82,15.99,12.68,56.24,64.9,15.24,42.7,67.54,52.16,18.47,94.0,23.66
2025-06-17 07:00:00,18.28,58.29,35.51,126.9,11.77,50.68,12.35,73.66,27.69,94.56,94.71,21.24,23.45,100.88,65.28,53.14,28.49,16.89,19.96,12.98,51.76,26.98,30.57,18.75,67.9,63.49,14.4,16.62,39.05,52.65,10.92,58.92,,45.07,17.92,11.52,14.89,21.2,46.0,30.91,16.19,12.87,56.83,67.02,15.16,43.85,67.46,52.07,18.47,95.4,23.71
2025-06-18 07:00:00,18.37,58.39,35.26,125.9,11.8,50.88,12.31,77.07,27.55,93.32,94.71,21.21,23.05,99.36,66.78,52.2,28.59,16.92,20.18,12.98,52.15,27.25,30.19,18.79,67.5,62.8,14.54,16.57,39.0,51.94,10.84,59.01,,44.66,17.92,11.48,14.89,20.98,47.2,31.3,16.19,12.77,56.33,68.76,15.03,44.0,67.46,51.88,18.18,94.3,23.81
2025-06-19 07:00:00,18.37,58.0,35.41,127.35,11.64,50.29,12.26,76.17,27.93,93.32,94.71,21.43,23.15,98.51,67.63,51.54,29.48,16.96,19.99,12.86,55.18,27.25,30.62,18.82,67.5,63.09,14.49,16.52,39.55,52.13,10.76,59.01,,44.62,18.01,11.35,15.02,21.25,47.15,32.44,15.99,12.77,56.24,69.04,14.99,44.7,68.07,51.97,18.18,94.2,23.85
2025-06-20 07:00:00,18.5,57.6,35.6,126.81,11.39,49.61,12.18,74.83,28.34,92.74,94.71,21.24,23.5,98.59,65.47,52.57,28.79,17.08,20.07,12.75,57.62,27.43,30.14,19.35,67.5,63.19,14.4,16.66,39.15,51.68,10.8,58.5,,44.66,17.92,11.44,15.06,21.34,46.6,32.44,15.99,12.72,56.73,67.6,15.07,43.4,68.23,52.44,18.13,93.5,23.76
2025-06-23 07:00:00,18.41,59.08,35.46,123.53,11.64,50.19,12.26,74.56,28.38,92.36,94.71,21.1,22.9,98.42,68.39,52.2,29.38,16.92,19.96,12.56,57.23,26.8,29.86,19.42,68.0,64.08,14.03,16.57,40.2,52.26,10.8,57.56,,44.44,18.01,11.35,15.02,21.11,46.45,32.25,15.66,12.68,56.24,71.26,14.99,46.4,67.3,51.79,18.08,94.5,23.9
2025-06-24 07:00:00,18.37,60.45,35.6,126.44,11.08,53.04,12.35,74.2,28.51,92.46,94.62,21.1,23.35,98.93,65.09,52.67,29.23,16.92,20.07,12.86,56.64,26.84,30.05,19.42,69.2,63.98,14.03,16.57,38.05,52.07,10.84,56.7,,44.8,18.01,11.35,15.02,21.6,46.5,32.44,15.99,12.63,56.24,74.44,15.11,47.9,67.77,52.25,18.23,94.6,24.05
2025-06-25 07:00:00,18.32,60.75,35.46,126.35,10.99,51.66,12.35,74.38,28.62,93.13,94.62,20.77,23.35,99.44,63.58,52.48,30.37,16.81,20.22,12.86,56.64,26.84,30.05,19.2,70.3,64.08,13.89,16.39,37.3,51.68,10.76,57.3,,45.38,18.01,11.39,15.02,21.78,46.8,32.25,15.87,12.77,56.24,75.02,15.16,47.9,67.0,52.62,18.08,94.6,23.81
2025-06-26 07:00:00,18.28,61.04,35.31,126.35,11.02,51.47,12.86,75.19,28.75,92.65,94.9,21.04,23.25,99.36,64.52,52.01,30.07,16.73,20.35,12.86,55.67,26.16,30.05,19.42,72.0,63.59,14.12,16.34,37.05,52.52,10.72,57.73,,45.56,18.06,11.44,15.06,21.78,46.8,32.49,15.99,12.72,56.04,73.18,15.07,47.5,67.0,52.25,18.03,94.6,23.66
2025-06-27 07:00:00,18.28,61.93,35.7,126.44,10.99,51.17,12.69,75.28,28.79,94.76,94.62,20.93,22.95,99.61,64.05,52.1,29.92,16.81,20.4,12.71,55.67,26.34,30.19,19.27,76.8,64.87,13.98,16.34,37.3,53.17,10.72,57.56,,45.66,18.29,11.3,15.06,21.91,46.35,32.39,16.07,12.77,56.33,74.15,15.07,47.75,67.07,53.55,18.18,94.6,23.95
2025-06-30 07:00:00,18.37,63.11,35.9,127.63,11.05,52.06,12.65,76.62,28.75,97.44,94.81,21.32,22.85,100.37,63.86,54.45,29.87,16.81,20.26,12.75,56.16,26.71,30.48,19.35,76.8,64.57,14.12,16.71,37.25,53.95,10.76,58.24,,45.08,18.62,11.26,15.06,21.96,46.7,32.63,16.44,12.82,56.63,73.86,15.24,47.8,67.77,53.74,18.18,94.6,23.81
2025-07-01 07:00:00,18.37,63.4,36.2,127.72,11.02,52.55,12.61,75.99,28.75,96.67,94.62,21.26,22.55,100.88,62.55,54.08,30.71,17.04,20.22,12.83,55.67,26.75,30.38,19.5,75.2,63.59,14.12,16.29,36.9,54.15,10.76,57.73,,44.65,18.58,11.22,14.93,21.74,46.95,32.82,16.36,12.92,57.83,73.47,15.24,47.8,69.61,53.27,18.13,94.6,23.95
2025-07-02 07:00:00,18.37,67.04,36.0,128.17,11.02,52.45,12.78,75.54,28.75,97.54,95.76,21.49,22.65,100.71,62.55,56.43,30.81,17.19,20.44,13.06,54.98,26.52,30.57,19.54,75.2,63.88,14.07,16.43,36.95,53.82,10.68,56.7,,44.5,18.67,11.3,15.06,22.67,47.55,33.4,16.44,12.96,57.63,73.18,15.24,47.7,69.38,53.46,18.27,94.6,24.34
2025-07-03 07:00:00,18.45,65.27,35.9,126.81,11.05,51.96,12.78,74.56,29.16,98.68,95.76,21.32,23.2,100.2,62.36,56.9,29.18,17.39,20.62,13.13,55.08,26.66,30.71,19.46,74.5,64.47,13.89,16.52,37.0,53.56,10.97,57.21,,44.36,18.62,11.35,15.18,22.89,46.65,33.25,16.28,13.11,57.53,73.47,15.28,47.25,68.46,53.27,18.32,94.1,24.19
2025-07-04 07:00:00,18.84,64.39,36.15,126.44,11.12,53.82,12.91,75.46,29.3,97.73,95.76,21.29,23.4,104.02,62.55,56.9,28.89,17.39,20.75,13.02,54.69,26.98,30.95,19.5,74.6,65.36,14.17,16.99,37.25,53.69,11.13,56.96,,44.5,18.62,11.35,15.35,23.02,47.05,33.35,17.18,13.11,58.02,73.18,15.32,45.95,69.07,53.55,18.42,94.1,24.29
2025-07-07 07:00:00,19.18,64.88,36.79,127.63,11.12,53.43,13.03,75.28,30.47,97.92,95.95,21.49,23.65,105.13,62.64,56.8,29.33,17.96,21.06,13.32,54.2,27.25,31.66,19.8,74.8,65.56,14.26,17.54,37.1,53.56,11.13,56.87,,44.5,18.67,12.13,15.68,23.38,47.55,33.68,18.37,13.49,58.22,74.05,15.57,46.5,69.23,53.64,18.96,94.1,24.63
2025-07-08 07:00:00,19.18,66.35,37.09,131.81,11.3,52.84,13.03,76.8,30.47,98.3,96.62,21.54,23.75,105.72,63.77,58.4,29.58,18.12,22.05,13.56,53.91,27.52,31.84,19.8,75.6,66.25,14.63,17.45,37.3,53.43,11.13,57.73,,44.94,18.67,12.35,15.68,24.05,47.65,33.68,18.91,13.34,58.62,76.27,15.65,46.65,73.07,54.66,19.26,94.1,24.92
2025-07-09 07:00:00,19.36,67.43,37.78,130.9,11.3,52.84,13.12,76.26,30.88,97.82,96.42,21.43,23.75,104.28,64.05,58.89,29.43,18.66,22.09,13.52,54.59,28.16,31.32,19.95,75.8,66.74,14.4,17.59,37.45,53.76,11.21,57.73,,45.7,18.86,12.22,15.85,25.38,47.8,33.3,18.95,14.2,61.1,78.77,15.95,47.5,72.3,55.77,19.7,94.1,25.88
2025-07-10 07:00:00,19.44,67.43,37.83,129.44,11.61,52.94,13.03,75.54,30.88,97.25,96.42,21.43,23.7,105.21,64.43,59.18,29.68,18.77,22.45,13.59,54.59,28.02,31.47,19.84,76.9,67.04,14.4,17.68,37.9,53.43,11.17,57.73,,46.14,18.91,12.53,15.93,25.74,47.65,33.2,19.15,14.15,61.0,82.82,15.9,50.8,73.84,55.31,19.8,93.7,27.48
2025-07-11 07:00:00,19.57,66.84,37.88,131.26,11.42,52.65,12.82,74.74,30.61,99.36,95.57,21.4,24.5,107.51,63.96,58.5,29.58,18.85,23.21,13.56,55.18,27.52,31.18,20.02,76.5,66.94,14.07,17.36,37.7,54.02,11.13,57.21,,46.18,18.95,12.4,16.01,26.36,47.65,33.35,19.61,14.15,62.3,84.64,16.11,54.0,76.92,55.4,19.8,92.3,27.62
2025-07-14 07:00:00,19.57,67.33,38.22,130.99,11.46,52.84,13.21,76.08,30.4,99.55,95.66,21.6,25.3,107.93,64.24,57.33,30.22,18.81,22.98,13.63,55.18,28.39,31.04,20.1,75.3,68.02,14.21,18.19,37.5,56.87,11.54,58.58,,46.04,19.0,12.35,15.97,26.45,47.95,33.49,20.43,14.2,62.0,85.51,16.15,56.5,76.15,55.86,20.63,92.4,27.67
2025-07-15 07:00:00,19.36,65.86,37.68,129.08,11.42,52.74,13.03,74.83,30.3,98.11,95.57,21.91,24.6,107.0,63.77,56.26,29.68,18.62,22.76,13.75,54.98,28.34,31.66,19.95,74.5,68.32,14.07,17.96,37.3,56.29,11.34,58.67,,46.09,19.05,12.31,16.01,27.11,47.7,33.2,19.69,14.06,61.0,84.16,16.11,55.8,75.0,55.68,20.39,92.0,27.19
2025-07-16 07:00:00,19.36,65.96,37.98,127.9,11.49,53.33,13.33,76.08,30.85,97.73,96.23,22.06,24.7,107.25,63.49,55.78,29.43,18.7,23.3,13.86,54.88,28.25,31.94,20.02,75.0,69.01,14.31,18.56,37.25,57.13,11.38,58.84,,46.04,19.09,12.44,16.09,28.09,47.8,33.63,19.85,14.2,61.4,84.74,16.07,58.7,73.84,55.68,20.49,91.3,27.81
2025-07-17 07:00:00,19.36,66.15,37.88,127.63,11.55,52.45,13.63,78.59,30.88,98.78,96.8,22.23,24.55,107.85,63.77,55.49,29.63,18.77,23.21,13.82,54.88,28.95,31.8,20.06,76.2,69.5,15.29,19.35,37.1,56.03,11.38,58.15,,46.42,19.19,12.48,16.59,28.36,47.7,33.54,20.31,14.2,61.8,90.62,16.17,61.0,72.54,55.68,20.54,90.3,28.73
2025-07-18 07:00:00,19.53,66.55,37.93,129.72,11.77,51.47,13.98,77.16,30.92,98.3,96.33,22.09,25.15,107.0,64.15,55.58,29.97,18.81,23.12,13.79,54.69,29.0,32.7,20.4,79.1,69.7,15.8,19.02,37.3,55.96,11.59,58.58,,46.23,20.46,12.4,16.43,28.27,50.2,34.59,20.14,14.39,61.5,92.44,16.21,59.5,71.76,55.77,20.98,90.1,28.44
2025-07-21 07:00:00,19.7,65.66,37.68,132.72,11.52,50.88,13.46,75.72,31.02,97.82,96.04,22.89,25.4,107.68,63.58,55.39,30.17,18.89,23.39,13.82,53.52,28.25,33.55,20.21,77.5,69.01,15.43,18.51,37.1,55.18,11.54,58.67,,45.75,20.46,12.74,16.51,27.87,49.5,33.82,19.77,14.39,60.91,88.59,16.45,56.0,73.15,55.59,21.91,88.9,28.01
2025-07-22 07:00:00,19.75,67.04,38.47,130.81,11.52,51.47,13.68,76.35,31.29,98.01,97.47,23.27,27.15,109.44,63.96,55.49,30.02,19.62,23.61,13.86,53.22,28.4,33.92,20.36,77.7,69.4,15.8,18.89,37.15,55.77,11.54,58.84,,45.85,20.56,12.74,16.59,28.45,49.5,33.73,20.22,14.58,61.8,91.96,16.5,58.75,78.23,55.77,22.11,88.4,28.97
2025-07-23 07:00:00,19.83,68.02,38.27,131.08,11.55,51.37,13.63,76.53,31.33,101.27,98.33,24.07,26.95,109.14,64.99,56.17,30.61,20.43,23.56,14.52,54.01,28.5,33.31,20.55,77.3,69.5,15.7,18.7,37.25,55.83,11.59,59.26,,46.61,21.22,12.79,16.47,28.67,48.7,33.4,20.51,14.68,61.7,88.78,16.88,57.5,83.69,57.16,22.94,88.2,28.25
2025-07-24 07:00:00,20.0,68.71,38.42,132.81,12.01,51.17,13.89,76.26,31.36,100.79,98.33,23.64,27.05,108.46,65.09,56.26,31.21,21.28,23.21,14.28,54.2,28.8,33.55,21.3,76.0,69.5,15.7,18.7,38.1,55.83,11.59,59.35,,47.0,21.73,13.14,16.55,28.45,49.0,33.44,20.76,14.87,61.7,88.59,17.4,58.0,87.69,59.02,23.09,88.0,28.78
2025-07-25 07:00:00,20.35,68.61,38.42,132.17,12.26,50.98,14.11,75.46,31.29,100.79,97.95,23.78,27.7,108.07,64.71,56.75,30.76,21.78,23.25,14.32,53.91,28.7,33.31,21.34,75.8,70.1,15.94,19.21,38.1,56.09,11.79,59.61,,47.09,22.06,13.14,17.17,30.22,48.8,33.59,21.05,14.87,61.6,90.23,17.45,57.05,93.76,58.55,23.63,87.6,28.49
2025-07-28 07:00:00,20.56,68.51,38.97,130.45,12.26,51.17,15.09,75.72,31.29,101.08,98.23,23.93,29.35,108.66,64.9,56.85,30.96,21.94,23.52,14.86,53.91,29.3,34.54,21.56,77.6,70.2,16.31,20.55,37.85,55.83,12.25,59.44,,47.29,23.53,14.06,17.5,31.82,49.1,33.97,21.7,15.68,62.4,92.06,17.87,57.8,97.69,58.64,24.66,87.9,28.34
2025-07-29 07:00:00,19.62,66.94,36.99,130.35,12.32,48.63,14.06,70.53,30.06,97.25,96.62,22.81,27.3,103.48,64.05,54.71,29.09,20.43,22.63,13.82,53.62,27.5,32.41,20.14,72.2,66.6,15.19,19.12,36.5,54.73,12.04,57.13,,45.42,23.1,13.14,16.51,29.6,48.0,32.34,20.22,14.58,60.61,88.69,17.59,56.6,91.0,58.55,23.19,86.0,27.04
2025-07-30 07:00:00,19.83,67.82,37.68,129.72,12.17,48.58,14.45,70.97,31.7,99.55,96.04,23.9,26.6,103.58,63.96,55.88,29.09,20.55,22.67,14.52,52.64,27.6,32.32,20.55,73.0,67.1,15.47,19.21,36.3,55.51,12.0,57.56,,45.66,23.38,14.06,15.97,30.14,49.3,32.92,19.57,15.16,60.51,88.11,18.35,54.75,91.3,58.27,24.81,85.3,27.14
2025-07-31 07:00:00,19.83,70.48,37.43,127.99,12.63,48.28,14.02,72.59,31.5,98.59,97.0,23.61,27.0,101.53,63.77,54.61,29.68,20.39,22.27,14.32,52.64,27.4,32.32,20.59,72.5,65.3,15.52,19.16,36.25,54.8,11.92,57.13,,45.7,22.82,15.02,16.18,30.4,49.95,32.44,19.69,14.96,59.81,86.67,18.39,52.75,93.23,56.7,25.35,82.7,27.14
2025-08-01 07:00:00,19.83,68.71,36.79,127.99,12.82,49.02,14.15,73.48,30.4,97.34,96.71,23.87,26.2,104.46,63.68,54.42,29.28,20.82,22.45,14.21,53.52,27.7,32.6,20.36,72.5,65.2,16.08,18.7,35.8,58.63,11.79,56.02,,45.99,22.35,15.19,16.26,29.51,49.4,32.54,18.91,14.96,59.81,86.57,18.01,52.0,91.53,55.59,25.35,81.9,27.48
2025-08-04 07:00:00,20.09,69.79,37.63,128.35,12.69,49.02,14.54,72.77,31.33,98.88,96.52,24.13,27.05,104.07,64.05,55.39,29.48,21.59,22.58,14.25,53.32,27.9,32.79,20.85,73.9,67.0,17.2,19.2,36.6,56.16,12.21,57.13,,46.14,22.63,16.24,16.8,30.22,50.0,33.73,19.65,15.97,60.71,88.78,18.35,55.6,97.92,55.96,25.94,85.0,28.1
2025-08-05 07:00:00,20.22,67.73,38.32,127.99,12.63,48.82,15.12,71.78,31.91,99.16,97.76,23.78,26.85,103.29,63.86,56.75,29.53,21.51,23.56,14.28,53.62,27.9,33.36,22.28,74.6,69.3,16.78,19.0,36.6,55.51,12.0,56.87,,45.56,22.82,16.02,16.26,30.8,51.7,35.3,19.4,16.78,61.1,92.44,18.3,58.75,97.92,55.68,26.04,84.0,29.89
2025-08-06 07:00:00,20.87,68.51,39.07,128.35,13.5,50.19,15.37,73.31,32.6,101.85,97.76,24.85,27.4,102.41,65.28,56.94,29.82,21.78,24.19,14.55,53.71,28.1,34.11,22.95,76.0,72.4,16.96,19.5,37.45,56.03,12.21,57.21,,45.85,22.77,16.37,16.59,31.38,54.1,36.45,19.57,17.35,61.9,93.89,18.49,59.25,99.22,56.79,26.63,84.9,29.07
2025-08-07 07:00:00,21.04,69.4,40.0,129.08,13.56,50.98,16.4,74.38,32.84,101.85,97.76,26.55,27.1,103.68,65.09,58.31,30.66,21.97,25.44,15.05,53.42,29.9,33.83,23.06,76.2,72.4,16.96,19.95,37.1,56.09,12.33,57.21,,45.75,22.96,16.46,16.43,31.25,54.6,36.64,19.85,18.54,61.3,91.48,18.54,57.5,98.22,56.42,28.44,84.9,29.46
2025-08-08 07:00:00,20.91,69.4,39.26,128.99,13.93,50.98,17.52,74.02,32.73,103.0,97.57,28.4,26.7,103.09,66.12,57.33,30.17,21.63,24.99,14.98,53.42,31.7,33.45,22.91,76.7,72.0,17.29,21.3,38.2,55.7,12.54,58.15,,45.9,23.53,16.28,16.68,31.56,54.0,36.11,20.39,18.44,61.5,91.29,19.2,58.5,93.46,56.33,29.03,84.0,28.97
2025-08-11 07:00:00,21.04,69.5,39.76,127.99,13.72,52.55,18.74,74.56,32.6,101.85,97.85,28.15,27.9,103.87,66.31,57.24,32.14,21.51,25.13,15.17,53.62,32.0,33.83,23.85,82.0,72.1,17.52,22.7,37.95,56.16,12.5,58.07,,46.23,23.57,16.67,17.01,33.34,53.7,36.02,20.55,18.63,62.1,90.04,19.25,57.75,95.38,56.98,29.08,84.0,28.34
2025-08-12 07:00:00,20.91,70.28,41.04,127.81,14.21,52.35,20.02,74.11,32.94,103.38,98.33,28.8,27.6,104.95,66.41,59.08,31.99,22.28,25.44,15.24,54.01,34.2,35.96,24.3,83.6,72.2,17.24,23.9,38.5,56.81,13.37,58.67,,46.33,23.57,16.5,16.92,32.67,54.0,35.97,20.84,18.3,62.59,89.56,18.87,57.75,97.69,57.26,29.08,84.0,28.44
2025-08-13 07:00:00,21.12,69.79,40.9,126.81,13.93,55.98,21.39,74.47,34.04,102.04,97.57,28.65,27.7,102.6,65.94,59.18,32.19,22.32,25.08,15.13,53.71,36.2,37.04,25.8,85.9,70.9,17.2,24.2,38.0,57.13,13.7,58.58,,45.99,23.48,16.89,16.55,32.67,53.9,35.78,21.37,18.25,62.1,89.56,18.92,58.0,98.0,56.61,28.3,83.3,28.44
2025-08-14 07:00:00,22.59,69.3,41.69,125.17,14.09,59.7,22.86,73.75,34.45,101.46,97.47,28.25,28.3,101.34,65.65,59.47,31.65,23.86,25.17,14.94,53.42,36.1,37.99,27.6,84.8,71.9,17.62,24.55,37.9,57.13,13.57,58.5,,45.94,23.53,17.81,17.26,32.71,55.4,36.64,21.37,18.87,64.78,90.42,19.39,59.1,104.84,57.16,30.26,82.8,29.12
2025-08-15 07:00:00,22.89,69.0,40.55,123.26,15.05,60.59,24.18,72.32,33.63,99.26,97.18,28.1,29.7,98.99,65.65,58.01,30.96,23.9,24.99,14.94,53.22,35.5,36.85,28.25,83.1,70.5,16.92,24.0,38.5,55.96,13.12,56.96,,45.56,23.53,18.2,17.13,32.49,53.9,35.88,20.31,18.59,63.89,90.52,19.29,59.1,111.99,56.51,30.56,82.9,29.26
2025-08-18 07:00:00,23.32,68.81,40.35,123.62,16.1,61.57,23.98,72.5,33.28,99.07,97.47,28.7,30.5,98.11,65.94,61.51,31.3,23.52,25.35,15.17,53.52,37.0,37.89,27.8,83.9,70.0,16.78,25.65,38.8,55.18,13.53,56.44,,45.22,23.43,18.6,17.09,31.82,52.8,36.21,20.22,19.21,64.08,90.42,19.06,59.1,109.53,56.24,31.44,81.6,28.92
2025-08-19 07:00:00,24.53,69.3,40.4,123.71,17.21,60.0,25.64,70.97,34.04,97.92,97.18,28.25,31.1,97.92,65.84,61.22,31.21,25.06,25.13,15.05,52.74,36.8,40.44,28.2,85.0,68.0,16.78,25.7,38.35,55.12,13.41,56.02,,45.22,23.48,18.25,17.17,32.67,53.2,37.4,20.59,20.25,63.79,90.42,19.44,59.1,112.3,56.05,33.6,81.5,28.92
2025-08-20 07:00:00,24.14,69.3,40.25,120.62,18.39,58.23,24.37,70.44,34.72,94.85,97.0,27.5,30.2,95.38,64.33,60.44,31.75,24.56,24.46,14.48,52.64,36.5,43.23,27.8,83.9,69.4,16.22,24.5,37.0,55.38,13.2,56.02,,44.84,23.34,18.05,17.92,32.09,54.1,38.64,21.17,19.68,62.59,95.33,20.76,62.1,110.61,55.59,35.91,81.5,28.97
2025-08-21 07:00:00,25.39,68.71,41.83,119.17,18.52,58.82,24.42,69.0,35.55,92.65,96.62,27.3,31.1,99.28,65.28,60.64,31.25,25.64,24.46,14.44,52.74,35.9,45.74,28.2,84.3,71.0,15.7,23.75,36.9,55.58,13.32,56.53,,44.7,23.34,18.25,19.16,32.94,57.8,39.64,20.35,21.02,63.79,96.1,22.19,62.5,112.15,55.68,37.98,80.9,29.36
2025-08-22 07:00:00,24.01,65.37,42.77,122.35,17.25,55.98,23.88,66.76,34.93,94.66,96.04,26.3,28.95,96.65,64.05,59.96,29.09,24.94,23.21,14.13,52.25,34.0,44.41,26.9,81.0,70.3,14.82,24.0,35.95,55.06,13.66,55.16,,43.93,23.05,17.02,18.33,31.78,55.5,37.21,19.59,20.59,64.18,94.47,22.38,62.05,107.69,54.38,35.32,80.8,28.97
2025-08-25 07:00:00,22.59,63.89,40.55,125.53,16.07,57.35,22.22,66.4,33.69,92.94,95.85,26.0,26.95,96.45,64.71,58.69,28.0,24.13,23.16,13.82,52.25,33.65,42.52,26.2,79.5,68.8,14.96,23.2,35.85,54.21,13.16,54.73,,43.74,23.1,16.08,17.21,32.58,53.0,35.83,19.4,19.16,63.19,94.76,20.81,65.5,109.61,54.38,32.92,80.8,28.97
2025-08-26 07:00:00,23.58,67.82,41.34,125.99,17.0,59.31,23.44,67.75,35.14,94.85,96.33,26.75,28.6,97.62,65.47,59.96,28.79,24.9,24.28,14.17,53.03,35.5,43.0,27.55,81.1,73.6,15.66,24.4,36.35,54.67,13.37,55.93,,44.02,23.2,17.17,18.08,34.85,55.0,37.54,20.4,19.97,64.18,101.3,21.57,67.75,110.76,55.31,33.7,80.2,30.23
2025-08-27 07:00:00,23.84,66.74,42.33,128.26,16.41,58.53,22.12,68.11,35.07,94.56,96.23,26.75,28.3,102.51,64.9,64.14,28.74,25.02,23.88,14.06,52.64,36.0,41.39,27.4,82.2,75.0,15.66,24.55,36.4,55.38,13.57,56.44,,44.12,23.2,17.41,17.75,35.78,55.6,37.16,20.21,19.25,68.65,100.73,21.19,66.0,110.84,56.05,32.72,80.2,29.55
2025-08-28 07:00:00,23.76,66.84,42.03,130.26,16.81,59.31,22.61,68.82,35.41,95.52,96.33,26.65,29.25,102.02,64.9,66.95,28.79,25.06,24.19,14.09,52.54,35.9,42.38,27.2,83.1,77.3,15.57,24.4,36.15,55.58,13.61,56.1,,44.65,22.63,18.15,17.84,37.34,54.8,37.78,20.97,19.83,68.56,100.73,21.0,65.05,111.53,56.51,33.41,80.2,29.65
2025-08-29 07:00:00,23.97,65.86,42.38,130.99,16.41,57.74,22.02,69.09,35.2,94.09,96.71,26.7,29.7,99.19,63.8,67.15,28.64,25.79,24.55,14.09,52.64,36.5,42.52,27.75,83.0,78.0,15.66,24.55,36.1,55.58,13.61,55.76,,44.65,23.1,18.55,17.75,37.52,55.6,37.78,20.88,19.92,68.16,100.63,21.43,64.15,111.15,55.86,34.39,80.2,29.36
2025-09-03 07:00:00,23.71,66.65,43.02,138.27,17.06,57.25,23.54,69.9,34.72,93.51,96.8,26.65,30.2,100.75,63.8,65.5,28.89,25.52,25.13,15.05,52.54,37.0,42.24,28.45,83.0,75.8,16.12,26.25,36.55,56.03,13.7,55.5,,44.46,23.15,18.79,17.55,36.76,56.3,37.78,21.59,20.06,66.57,98.9,21.48,62.5,109.22,56.98,33.9,80.2,29.12
2025-09-04 07:00:00,23.84,66.55,42.92,138.27,16.94,59.31,23.3,70.17,35.0,95.14,97.0,26.95,29.8,102.51,64.2,66.56,29.09,25.56,26.64,16.09,53.42,36.75,43.14,28.25,84.8,77.5,16.03,26.0,36.65,57.39,13.86,55.93,,45.18,23.15,18.6,17.96,37.6,56.4,37.78,23.02,20.49,68.46,98.51,21.76,62.5,107.69,57.26,34.29,80.1,29.26
2025-09-05 07:00:00,23.41,66.55,41.49,136.36,16.87,57.35,22.71,69.45,34.52,93.8,97.47,27.3,28.75,100.94,63.8,64.62,29.38,24.9,25.71,15.55,53.22,35.45,42.0,27.4,83.0,75.0,16.12,25.1,36.6,56.61,13.37,57.47,,45.37,23.1,17.76,17.42,36.0,56.0,37.69,21.88,19.64,67.07,96.3,21.1,62.5,109.22,56.42,32.92,80.4,29.26
2025-09-08 07:00:00,22.89,65.76,40.2,138.82,15.76,55.78,21.14,67.21,33.97,92.17,97.28,26.5,26.75,99.48,62.6,64.33,28.4,23.82,25.8,15.36,53.13,34.8,40.44,26.7,81.0,74.0,15.1,23.4,35.5,55.06,12.58,57.13,,44.89,22.87,17.02,16.55,35.74,54.0,36.26,20.45,18.44,64.88,96.3,19.91,62.5,109.15,56.14,30.66,80.3,29.26
2025-09-09 07:00:00,22.89,66.74,40.2,136.81,16.01,55.68,21.83,67.3,34.04,91.59,97.28,26.4,27.2,99.68,62.1,66.27,28.2,24.33,25.75,15.28,52.44,34.8,39.97,26.65,81.0,76.0,15.15,23.65,35.45,55.64,12.58,56.53,,44.41,22.87,17.36,16.3,37.34,54.2,36.73,20.78,18.54,64.48,97.64,19.96,64.6,111.53,55.86,31.84,80.3,29.26
2025-09-10 07:00:00,22.89,66.35,40.25,135.08,16.78,56.17,22.17,67.75,34.66,91.88,96.8,26.35,26.9,98.8,61.9,66.76,27.9,24.36,25.75,14.94,52.83,34.7,39.64,26.95,81.0,75.5,14.73,23.4,35.4,55.96,12.5,57.21,,44.36,22.82,17.56,16.55,37.74,53.9,37.21,20.5,18.3,65.38,98.03,19.82,65.45,111.46,55.4,31.88,80.3,29.55
2025-09-11 07:00:00,22.59,66.45,40.2,137.81,16.72,56.57,23.1,67.84,34.72,92.94,96.42,26.25,27.0,99.58,62.0,66.95,28.35,24.29,26.02,15.36,52.83,35.0,41.58,26.7,82.0,78.8,14.63,23.4,35.35,55.96,12.54,56.78,,44.5,22.77,17.56,16.68,37.74,55.4,36.92,20.16,18.73,65.28,101.98,19.91,68.0,111.84,56.7,31.69,80.3,30.04
2025-09-12 07:00:00,22.68,65.76,40.5,137.18,16.84,56.57,23.9,68.64,34.59,93.42,96.52,26.65,27.2,99.19,62.5,67.25,28.94,24.29,26.78,15.74,52.93,34.8,41.67,26.6,86.0,79.0,14.68,23.65,35.6,57.13,12.79,57.13,,44.74,22.77,17.31,16.3,37.25,55.4,36.83,20.64,18.59,65.38,101.59,20.15,68.9,112.3,58.55,31.05,80.3,29.7
2025-09-15 07:00:00,22.76,67.63,41.74,137.81,17.4,58.14,23.65,73.39,35.41,95.33,97.47,27.4,27.5,99.48,63.2,71.72,29.43,24.1,27.09,15.9,53.32,34.85,42.1,26.85,88.5,79.5,14.59,23.85,35.75,57.26,12.95,58.15,,44.79,22.77,17.56,16.47,37.52,56.0,37.21,20.97,18.87,65.38,100.63,20.34,68.9,111.99,58.46,31.0,80.3,29.6
2025-09-16 07:00:00,22.76,67.82,41.59,138.0,17.0,57.25,23.0,73.39,36.03,95.81,97.47,27.5,27.5,101.04,62.7,71.91,29.04,24.13,26.73,15.51,52.25,34.3,42.43,27.5,86.8,80.3,14.63,23.6,35.95,57.59,12.79,57.56,,45.85,22.77,17.95,16.59,36.98,56.1,37.54,20.74,18.73,65.18,98.9,19.96,67.5,109.22,59.94,31.15,80.2,29.55
2025-09-17 07:00:00,22.55,68.51,40.55,136.9,16.78,58.33,22.15,74.29,35.27,95.62,97.57,26.9,26.8,103.0,64.0,71.52,28.49,23.82,26.06,15.09,50.88,33.5,42.81,27.0,84.2,78.0,14.45,23.3,36.1,56.55,12.62,57.64,,45.37,22.72,17.81,16.68,36.09,56.2,36.92,20.31,18.4,64.38,99.09,19.58,71.55,109.22,60.31,30.46,80.3,29.17
2025-09-18 07:00:00,22.03,68.02,40.35,135.18,16.63,57.55,22.95,73.31,35.14,94.66,97.09,26.55,26.65,100.55,63.0,70.94,28.4,23.67,26.02,15.13,50.59,33.4,42.9,26.8,84.0,78.5,14.07,23.45,35.6,57.2,12.7,57.04,,44.89,22.63,17.61,16.59,36.27,57.0,37.02,20.02,17.97,63.49,99.67,19.48,72.5,107.53,58.92,30.26,80.0,29.17
2025-09-19 07:00:00,21.86,67.73,39.36,135.72,16.1,56.76,23.45,73.31,35.14,92.65,97.0,25.8,26.1,100.55,62.5,70.84,28.2,23.28,26.11,14.82,50.78,34.3,43.94,26.65,83.9,78.6,14.87,23.5,35.35,57.46,12.66,57.3,,44.12,22.58,17.51,16.26,35.87,55.2,36.64,19.73,17.73,62.59,97.93,19.25,76.6,105.53,57.44,29.87,80.0,28.44
2025-09-22 07:00:00,21.69,66.55,40.55,137.9,16.6,55.39,23.6,71.96,33.83,91.98,97.0,25.85,25.0,97.33,61.8,69.09,27.9,22.36,25.35,14.55,49.32,34.0,43.94,26.15,81.9,76.5,14.54,24.0,34.85,57.07,12.46,57.64,,43.83,22.58,17.17,16.01,34.94,54.8,35.78,20.12,18.11,61.6,95.82,18.73,74.4,104.22,56.88,28.98,80.2,27.81
2025-09-23 07:00:00,21.86,65.56,40.4,138.27,16.66,54.9,22.85,72.86,34.31,91.98,97.18,26.0,25.2,95.67,61.6,67.54,27.7,22.13,25.57,14.52,49.32,33.4,43.99,26.35,81.9,77.8,14.59,23.65,34.75,57.07,12.37,57.47,,43.93,22.63,16.77,16.01,35.03,55.4,35.78,20.21,18.3,61.8,95.04,18.82,74.6,102.3,57.07,29.38,80.2,27.33
2025-09-24 07:00:00,22.42,66.15,40.75,132.17,16.72,55.39,24.4,73.39,34.66,92.94,96.9,26.2,26.0,97.14,61.6,68.7,28.2,23.67,25.93,14.9,50.69,33.95,44.84,26.8,82.9,79.2,15.05,24.95,35.0,56.87,12.5,57.04,,44.22,22.68,17.12,16.18,35.78,57.0,37.02,20.69,18.73,62.3,94.37,19.44,74.5,102.84,57.44,31.05,80.1,28.01
2025-09-25 07:00:00,22.12,66.25,40.45,134.63,17.31,55.39,26.1,74.11,34.52,92.46,96.9,26.65,26.2,95.67,61.9,69.77,28.4,23.9,25.71,14.9,51.27,33.7,45.31,26.55,82.2,79.0,14.91,24.8,35.05,55.96,12.58,57.81,,43.98,22.72,17.12,16.14,35.55,56.9,37.12,21.17,18.49,62.59,95.82,19.06,79.0,104.53,56.98,30.41,80.1,28.39
2025-09-26 07:00:00,22.12,66.55,40.1,130.54,17.03,55.39,26.85,73.48,34.79,91.4,96.8,26.25,25.7,95.18,61.5,68.02,28.1,23.25,25.48,14.86,51.17,34.5,45.4,26.25,82.2,77.9,14.54,24.55,34.8,55.9,12.37,56.7,,43.78,22.72,16.97,16.18,34.64,56.5,36.92,20.97,17.92,62.59,95.33,18.77,82.0,101.92,56.61,29.87,80.2,28.39
2025-09-29 07:00:00,22.07,66.06,39.86,129.54,16.66,55.1,26.8,72.23,35.0,90.06,96.9,26.0,25.65,93.23,61.5,67.83,27.85,23.82,25.53,14.63,50.0,34.25,45.17,26.15,81.8,77.0,14.54,23.9,34.75,55.11,12.21,55.59,,43.64,22.72,16.57,16.18,34.23,56.6,36.97,21.02,17.97,62.2,98.13,18.73,86.4,99.76,55.86,30.56,80.0,28.97
2025-09-30 07:00:00,21.99,65.76,39.56,130.45,16.22,54.21,25.5,69.99,34.86,87.95,96.52,25.1,26.0,90.79,60.4,65.98,27.31,23.9,25.13,14.59,50.49,33.8,46.78,26.2,81.0,77.7,14.21,23.45,34.2,54.84,11.88,56.02,,43.35,22.72,16.67,16.01,35.14,56.9,37.07,21.12,17.97,61.6,99.18,18.87,87.45,99.69,55.59,30.56,80.2,31.0
2025-10-01 07:00:00,22.25,65.76,39.61,131.17,16.44,53.82,25.85,72.14,35.34,88.34,96.8,25.0,26.3,91.18,60.6,64.62,27.46,23.82,25.26,14.59,51.27,33.7,48.19,26.4,81.3,77.7,14.59,23.65,34.15,55.04,11.92,56.27,,43.45,22.72,16.72,16.09,35.19,59.8,37.76,21.83,18.4,62.0,97.45,19.06,85.0,98.46,57.53,30.36,80.2,32.02
2025-10-02 07:00:00,22.2,65.07,39.66,128.35,16.47,53.04,24.6,73.13,35.34,87.95,96.8,23.85,25.65,89.91,60.3,64.14,26.92,23.79,25.08,14.21,51.17,33.0,48.76,26.8,81.5,77.1,14.45,22.9,34.0,54.84,11.75,55.76,,43.54,22.63,16.77,16.01,34.51,58.7,38.05,21.07,17.92,61.7,94.95,18.68,85.5,99.0,56.7,29.62,80.3,30.66
2025-10-03 07:00:00,22.12,65.27,39.36,128.26,16.13,51.96,24.5,73.93,34.86,87.67,96.8,24.05,25.2,91.18,60.1,64.04,26.32,23.28,24.68,13.86,51.17,31.75,49.61,26.55,80.0,77.0,14.07,21.6,33.45,54.78,11.63,55.16,,43.69,22.63,16.48,15.76,34.32,57.0,37.56,20.4,17.82,61.7,96.3,18.73,88.25,99.46,56.79,28.98,80.0,31.63
2025-10-06 07:00:00,23.11,65.76,40.3,128.72,16.87,53.43,26.0,74.47,35.96,88.91,97.0,24.6,26.3,93.23,60.8,66.08,27.16,24.29,26.06,14.44,51.56,33.0,48.95,27.35,83.0,77.6,14.73,23.1,34.15,55.57,11.96,55.59,,44.26,22.72,17.17,16.34,36.69,59.8,38.59,21.64,18.92,64.0,98.9,19.48,89.85,103.3,57.81,31.0,81.0,33.8
2025-10-07 07:00:00,22.81,65.07,40.05,128.81,16.35,52.35,25.1,77.07,35.41,89.1,96.9,24.05,25.65,93.23,60.9,64.62,26.97,24.13,25.88,14.21,51.37,32.25,49.7,26.85,82.5,78.0,14.35,22.75,33.9,56.03,11.83,55.5,,44.12,22.77,17.02,15.93,37.19,58.5,38.2,21.07,18.44,63.7,99.28,19.15,90.0,102.61,56.88,30.51,86.6,33.8
2025-10-08 07:00:00,23.07,65.86,40.0,129.63,16.47,53.72,25.45,77.78,36.3,90.44,97.0,24.1,26.0,92.26,60.9,65.59,27.06,24.25,26.06,14.44,51.56,32.4,49.14,26.85,82.6,80.8,14.26,22.7,33.95,55.44,11.88,55.59,,44.07,23.01,17.07,15.93,37.56,59.9,37.8,22.21,18.54,64.6,103.52,19.01,89.05,102.61,58.74,30.56,86.6,35.06
2025-10-09 07:00:00,23.24,65.17,40.35,130.26,17.62,54.02,25.95,77.07,37.74,89.58,97.09,24.1,26.75,91.96,60.9,65.4,27.61,24.4,25.84,14.48,51.47,32.45,48.38,27.35,83.1,81.5,14.26,23.3,34.1,56.1,12.08,55.25,,43.74,23.57,17.66,15.85,37.06,60.0,38.15,22.5,19.06,63.8,110.74,19.34,89.75,102.38,58.27,31.54,87.2,36.7
2025-10-10 07:00:00,23.24,64.97,40.75,130.54,18.08,53.43,26.8,78.5,37.88,90.35,97.18,24.45,26.8,93.82,60.9,66.56,27.66,24.56,26.42,14.59,50.88,32.45,48.76,27.45,84.1,82.0,14.54,23.65,34.05,56.1,12.08,55.76,,43.98,25.22,17.76,16.14,37.1,60.4,38.54,23.55,18.68,64.2,118.44,19.29,96.0,102.53,57.81,31.54,89.0,38.97
2025-10-13 07:00:00,23.07,64.97,40.45,130.54,17.86,51.76,28.65,77.07,38.43,91.88,97.0,24.2,26.5,91.77,60.6,65.3,28.1,25.17,25.88,14.36,50.78,32.55,49.61,27.35,85.0,83.0,14.91,24.65,34.05,56.03,11.88,55.42,,44.07,25.36,17.86,16.14,37.7,61.0,40.45,24.64,18.54,63.1,119.6,19.1,102.7,109.69,59.29,31.15,89.2,41.53
2025-10-14 07:00:00,22.68,63.7,39.6,128.72,17.34,50.98,29.75,75.28,37.6,92.17,97.0,23.95,26.5,90.21,60.0,66.18,27.46,25.17,25.3,14.09,50.49,31.9,48.66,27.05,82.5,84.2,14.45,24.9,33.6,55.9,11.88,56.02,,43.54,25.18,17.76,16.09,37.38,60.6,39.96,23.55,18.3,63.1,122.3,18.96,105.95,117.3,58.83,31.93,86.5,41.29
2025-10-15 07:00:00,22.68,63.4,39.35,128.63,17.52,50.0,30.3,74.83,37.88,91.02,96.62,23.4,26.75,87.47,59.0,67.05,27.06,25.52,25.22,14.17,50.78,34.1,48.76,27.25,82.5,83.3,14.54,25.5,33.7,56.82,11.83,55.33,,43.4,24.52,17.95,15.76,37.79,60.0,39.96,23.36,18.78,62.5,119.41,19.2,104.75,125.46,58.92,33.11,83.7,40.47
2025-10-16 07:00:00,22.68,64.39,39.75,136.9,17.37,50.39,30.0,76.26,37.18,91.02,96.52,23.85,26.6,87.67,58.7,65.59,26.82,25.75,25.22,14.21,50.88,34.2,48.48,27.2,88.2,84.5,15.15,26.3,33.7,60.78,11.88,54.56,,43.35,24.04,17.91,15.76,37.7,59.5,40.4,24.31,18.83,62.9,117.48,18.96,106.55,133.45,59.31,32.62,82.1,41.91
2025-10-17 07:00:00,22.2,64.78,39.05,146.46,17.15,49.51,30.35,74.83,36.08,89.3,96.42,23.15,25.8,86.01,58.6,66.08,26.72,25.06,24.99,14.02,50.78,33.9,46.78,27.1,88.0,84.5,15.47,26.0,33.55,59.46,11.71,53.79,,43.4,23.95,17.86,15.31,37.19,59.0,39.81,23.36,18.35,61.9,111.7,18.68,102.0,134.61,56.98,31.39,79.0,39.6
2025-10-20 07:00:00,21.38,61.44,36.5,143.73,15.98,46.17,28.25,70.8,33.8,83.36,96.04,22.15,24.0,84.93,57.0,61.51,24.89,23.32,23.25,13.06,50.59,31.55,44.88,25.25,81.9,80.9,14.4,24.2,32.7,55.37,10.92,51.31,,42.2,23.57,16.62,14.44,34.6,54.9,37.07,21.74,17.11,59.4,104.0,17.4,97.45,134.22,53.3,29.23,73.5,36.84
2025-10-21 07:00:00,21.56,62.91,37.05,153.73,16.29,48.04,27.0,75.28,34.52,85.46,96.14,23.2,23.8,90.79,56.0,64.14,25.04,24.94,23.92,12.75,50.78,31.75,46.3,25.3,78.0,83.0,13.42,23.3,33.35,57.35,11.05,52.59,,42.63,23.62,16.77,15.39,35.19,55.6,36.88,20.5,17.35,59.3,106.79,17.68,101.7,138.45,54.76,29.82,74.1,37.47
2025-10-22 07:00:00,21.64,63.89,37.2,158.28,16.91,48.33,27.6,76.26,34.9,87.19,99.94,23.5,23.4,94.7,59.0,65.11,26.13,25.06,23.83,12.71,49.9,32.2,47.15,25.45,79.0,84.5,13.05,24.25,34.25,57.88,11.21,52.85,,42.97,23.86,16.43,15.14,35.05,55.4,37.22,21.5,17.3,59.6,108.82,17.68,101.5,138.61,54.56,29.92,79.0,37.66
2025-10-23 07:00:00,21.51,64.29,36.9,150.1,17.09,48.43,27.5,80.47,34.35,87.19,100.13,23.3,23.1,92.74,59.8,65.4,25.73,25.44,23.65,12.67,50.88,33.55,48.48,25.2,78.2,85.7,13.24,23.6,34.25,60.91,11.21,53.11,,43.59,24.09,16.48,15.06,34.19,55.6,36.48,21.02,16.97,59.8,110.74,17.54,107.5,141.53,54.85,29.48,80.6,38.05
2025-10-24 07:00:00,21.56,64.68,36.9,158.28,16.91,47.79,26.7,80.56,34.42,88.53,99.75,23.0,22.6,95.38,59.6,64.91,26.18,25.21,23.56,12.52,50.78,33.8,49.33,24.4,79.3,85.7,13.33,23.65,34.3,62.7,11.09,53.11,,43.3,24.09,16.08,14.93,32.82,54.5,35.36,20.97,17.06,59.5,110.26,17.54,109.5,138.45,56.31,28.69,82.2,37.47
2025-10-27 07:00:00,21.56,64.39,36.5,151.91,16.32,48.82,24.85,78.14,33.59,89.01,101.27,23.6,22.45,95.67,59.3,64.62,27.01,23.98,23.43,12.75,50.59,32.5,49.04,23.8,78.5,81.0,12.86,22.05,34.15,61.71,11.46,53.54,,43.59,23.95,15.93,14.56,31.72,54.6,34.33,20.16,16.73,59.2,102.56,17.49,107.0,134.84,55.24,27.81,81.0,34.86
2025-10-28 07:00:00,21.9,65.37,37.1,154.46,16.1,48.92,25.0,83.61,33.87,90.06,102.8,23.7,22.85,99.77,60.0,64.62,27.16,24.83,23.92,12.94,50.78,33.5,49.89,24.0,79.0,84.2,12.49,23.0,34.05,62.63,11.46,54.3,,43.59,23.76,16.13,14.73,32.68,56.8,35.26,20.93,17.11,60.0,103.04,18.2,110.05,144.22,55.63,28.94,80.0,35.54
2025-10-29 07:00:00,21.9,65.56,37.8,154.64,17.2,49.21,25.05,89.44,34.32,90.44,102.7,23.95,23.2,99.28,60.2,67.25,27.7,25.75,24.32,13.06,50.78,34.4,50.93,24.35,79.2,84.1,12.63,23.0,34.5,63.03,11.83,55.16,,43.88,23.95,16.57,14.89,32.45,57.2,35.65,21.17,17.3,60.7,99.96,18.01,106.0,150.07,55.72,29.33,79.2,34.72
2025-10-30 07:00:00,21.64,65.76,37.9,153.73,16.6,49.61,24.4,89.62,34.01,89.68,100.42,24.0,22.65,100.26,59.7,68.51,27.95,25.75,24.01,12.79,50.59,35.85,49.14,23.95,79.3,83.9,12.86,23.4,34.55,62.43,11.75,55.67,,43.83,23.95,16.67,14.85,31.77,56.9,34.97,21.07,17.15,60.6,100.15,17.78,102.05,150.38,55.34,28.69,77.5,33.42
2025-10-31 07:00:00,21.99,64.88,37.4,154.64,16.65,49.8,24.05,92.75,33.87,91.98,100.42,24.0,22.15,101.43,61.6,66.18,28.64,24.67,23.83,12.86,50.39,35.85,47.91,23.6,79.6,82.6,12.72,22.55,34.55,62.43,11.88,56.44,,43.98,23.9,16.23,14.68,31.27,55.5,34.38,20.64,16.65,59.6,95.53,17.59,95.5,143.84,55.82,28.2,77.1,32.16
2025-11-03 07:00:00,21.94,64.88,37.1,158.1,16.0,53.23,22.4,88.72,33.52,91.5,99.56,23.2,21.5,102.51,61.5,66.56,27.95,23.56,23.25,12.86,53.22,34.0,47.91,23.1,77.0,81.0,12.02,21.4,34.3,61.31,11.79,55.59,,44.41,23.9,15.74,14.73,29.63,52.3,32.91,19.21,16.65,59.3,94.85,17.4,97.7,141.15,55.53,27.12,75.5,30.28
2025-11-04 07:00:00,22.42,65.86,37.9,155.55,16.3,53.23,23.95,84.51,34.52,90.64,97.85,23.7,22.5,100.85,60.5,65.4,28.35,23.98,23.88,13.17,52.25,35.6,48.85,24.0,80.0,81.8,12.49,22.85,34.2,59.4,11.79,55.59,,44.36,24.0,16.08,14.77,31.68,53.9,34.28,20.55,17.25,60.1,96.49,17.97,100.5,142.92,55.53,28.98,74.5,32.35
2025-11-05 07:00:00,22.07,66.06,38.65,155.55,16.8,53.43,23.0,86.75,35.46,91.02,99.37,24.9,22.3,98.5,63.0,65.11,28.64,23.94,23.48,13.13,50.88,34.95,48.66,23.9,80.2,80.2,12.82,22.45,35.2,60.32,12.17,55.76,,44.31,24.0,15.98,14.52,31.82,53.5,33.4,20.97,16.9,60.8,95.91,17.78,103.25,141.92,56.21,28.74,74.6,31.39
2025-11-06 07:00:00,21.82,67.53,38.5,162.83,16.5,53.04,23.4,81.55,35.32,91.02,99.37,24.45,21.75,97.82,62.1,64.23,28.3,23.21,23.3,13.06,50.39,34.1,48.66,23.7,78.8,80.3,12.58,22.0,34.75,59.4,12.04,55.67,,44.26,23.86,15.64,14.48,31.27,51.9,32.91,20.69,16.9,60.3,95.24,17.59,103.9,139.15,56.21,28.0,73.8,30.9
2025-11-07 07:00:00,21.47,66.84,37.5,154.19,15.95,50.98,22.8,75.9,33.87,89.2,98.04,23.65,21.45,98.6,62.9,61.61,27.41,23.13,23.25,12.94,50.78,32.5,46.59,23.3,76.8,76.5,12.12,21.15,34.0,57.75,11.75,55.25,,44.22,23.76,15.09,14.27,30.04,48.35,32.32,20.02,16.5,59.3,88.59,17.35,99.85,136.92,55.82,27.02,71.5,30.28
2025-11-10 07:00:00,21.38,64.88,37.4,151.46,15.55,51.96,22.3,75.28,33.18,87.67,97.76,23.3,20.8,93.92,61.2,59.28,27.56,22.82,23.61,12.94,50.3,32.0,45.64,23.1,76.0,76.8,11.46,20.8,33.9,57.42,11.67,54.3,,44.12,23.67,15.09,13.98,30.63,48.5,32.71,19.54,16.5,58.8,83.68,17.3,99.5,135.76,55.24,27.02,70.5,28.78
2025-11-11 07:00:00,21.43,65.86,38.0,152.46,15.6,52.35,22.8,76.26,33.52,87.95,97.76,23.2,20.9,93.82,61.1,59.28,27.51,22.82,23.74,12.98,50.98,33.0,44.88,23.2,78.2,78.0,11.37,21.2,33.75,58.8,11.63,54.65,,44.89,23.67,15.59,13.77,31.77,49.65,32.96,19.88,16.9,58.9,86.67,17.26,100.5,134.53,57.08,27.02,72.0,29.99
2025-11-12 07:00:00,21.73,65.76,38.25,157.65,15.8,54.9,24.35,79.76,34.01,89.58,98.42,23.6,21.6,98.21,61.9,60.25,28.05,23.13,24.1,13.13,51.27,34.1,45.97,23.7,79.2,80.5,12.16,22.2,34.05,59.0,11.79,55.16,,45.03,23.81,16.08,14.23,32.36,50.6,34.28,20.4,17.3,59.5,90.52,17.68,105.6,135.45,57.95,27.51,73.5,31.68
2025-11-13 07:00:00,21.64,66.74,38.3,157.19,16.05,54.9,24.5,79.22,33.76,95.81,98.33,23.95,21.35,96.55,62.9,61.22,28.5,23.09,23.7,13.1,51.27,34.45,46.21,23.5,79.0,80.1,12.35,22.0,34.5,59.59,12.17,56.27,,45.46,23.81,16.13,14.23,31.86,48.7,34.38,20.07,16.95,59.8,89.84,17.59,105.6,135.61,59.89,27.27,72.9,30.86
2025-11-14 07:00:00,21.51,66.35,38.35,155.46,16.0,55.3,25.15,78.86,33.56,95.24,98.61,23.85,21.35,97.62,62.8,60.74,28.4,23.02,24.01,13.1,51.47,34.65,47.15,23.5,78.0,81.4,13.19,22.2,34.5,59.4,12.33,56.78,,45.18,23.81,16.13,14.1,31.86,48.05,34.38,20.31,16.95,60.0,90.42,17.54,105.5,135.68,60.86,27.32,72.0,31.0
2025-11-17 07:00:00,21.69,67.73,38.4,157.54,16.45,54.1,26.55,79.58,33.76,94.85,98.61,24.35,22.15,98.6,63.0,61.8,29.1,23.17,24.37,13.21,51.37,35.1,47.44,23.8,79.7,82.4,14.07,23.05,34.7,59.26,12.66,56.7,,45.32,23.9,16.38,14.48,32.27,48.9,34.43,20.74,17.15,60.2,91.48,17.73,108.5,137.68,60.18,27.61,71.9,31.1
2025-11-18 07:00:00,21.64,66.55,38.4,155.18,16.3,54.2,26.4,78.77,34.14,94.66,98.42,24.15,22.5,97.62,62.4,61.71,28.25,23.48,24.55,13.29,51.37,35.4,46.82,23.7,79.0,83.0,14.77,23.0,34.55,59.0,12.5,57.64,,45.27,23.95,16.28,14.39,32.41,49.5,34.62,20.74,17.6,59.9,93.41,17.73,110.0,137.76,58.83,28.3,72.0,31.24
2025-11-19 07:00:00,21.47,64.97,38.1,154.23,16.2,54.2,26.15,77.7,34.11,92.55,97.66,24.45,22.5,95.67,62.2,61.42,28.0,24.13,24.64,13.29,51.47,34.6,46.78,23.5,78.8,82.4,14.59,22.8,34.7,58.93,12.33,58.15,,45.08,23.9,16.23,14.27,31.59,49.5,34.08,20.74,17.15,59.4,93.31,17.73,110.25,136.92,59.02,27.61,72.0,30.52
2025-11-20 07:00:00,21.38,64.97,37.95,148.46,16.05,55.3,25.75,76.98,33.94,93.13,97.57,24.25,22.45,96.65,62.1,60.83,28.0,24.52,24.32,13.13,51.47,34.65,46.59,23.35,78.5,81.0,14.07,22.8,34.4,57.94,12.37,57.73,,45.13,23.86,16.43,14.1,31.72,49.5,33.89,20.45,17.25,59.4,94.18,17.73,114.0,146.45,58.83,28.05,72.0,30.9
2025-11-21 07:00:00,21.3,65.86,37.6,148.09,15.8,54.1,26.3,76.98,33.94,92.74,97.76,23.6,22.3,98.41,61.9,61.42,27.8,24.06,24.46,13.13,51.37,34.85,45.88,23.2,77.5,80.0,14.35,22.6,33.95,57.48,12.37,57.3,,44.79,23.86,16.43,14.23,31.27,51.3,33.54,20.5,17.25,59.0,95.62,17.59,114.85,149.68,58.05,28.05,74.5,31.1
2025-11-24 07:00:00,21.21,65.56,37.65,147.99,15.55,53.2,25.65,79.4,33.73,91.98,97.66,23.15,22.15,97.82,61.0,61.12,27.7,23.98,24.19,12.98,51.47,34.85,45.88,23.15,77.8,79.3,14.73,22.3,33.85,57.75,12.5,56.7,,44.26,23.81,16.33,14.44,31.36,50.0,33.25,20.45,17.25,58.8,98.9,17.54,119.75,157.53,61.06,28.49,77.9,33.27
2025-11-25 07:00:00,20.87,64.39,37.0,148.94,15.4,51.9,25.3,77.88,33.28,90.06,97.47,23.1,21.05,97.33,60.8,61.12,27.1,24.52,24.01,12.83,51.47,34.5,46.3,22.85,77.0,78.5,14.26,21.8,33.5,57.42,12.25,55.59,,44.41,23.71,16.18,14.19,29.95,50.0,32.76,20.1,16.95,58.2,98.8,17.35,121.5,168.53,59.99,27.71,81.5,32.26
2025-11-26 07:00:00,20.87,65.27,37.35,149.41,15.7,51.9,26.6,78.68,33.8,91.79,97.76,23.45,22.2,96.65,62.0,61.61,27.5,24.9,24.19,12.94,51.66,35.4,46.87,23.25,78.6,80.2,14.45,22.6,33.85,57.55,12.58,55.59,,44.6,23.81,16.48,14.31,31.0,49.95,33.15,20.7,17.4,58.1,98.32,17.49,122.5,159.84,60.86,28.49,87.2,32.69
2025-11-27 07:00:00,21.0,65.27,37.55,147.71,15.5,52.9,26.0,78.41,33.76,91.02,97.57,23.3,22.25,97.14,63.0,62.1,27.9,24.67,24.01,12.94,51.66,35.4,46.59,23.5,78.5,80.0,13.84,22.5,34.0,59.53,12.62,56.44,,44.5,23.67,16.52,14.39,30.27,49.3,33.06,20.35,17.35,57.9,98.7,17.68,124.0,155.38,60.09,28.59,89.5,32.5
2025-11-28 07:00:00,20.91,65.47,37.1,149.32,15.5,52.1,26.75,76.62,33.87,90.35,97.57,23.1,22.0,94.79,63.4,62.19,27.3,24.67,23.7,12.83,50.78,35.0,45.92,23.25,77.4,79.9,13.8,22.5,33.9,60.06,12.62,55.76,,44.5,23.57,16.57,14.35,29.9,48.6,33.06,20.45,17.3,57.4,99.09,17.54,130.2,156.53,62.02,28.74,95.0,33.08
2025-12-01 07:00:00,20.69,64.48,36.95,149.41,15.4,51.5,26.2,76.53,33.45,91.02,98.42,23.1,21.75,95.29,65.4,61.71,26.7,24.29,23.65,12.67,51.17,34.15,45.26,23.2,78.8,80.0,13.75,21.9,34.45,60.45,12.33,55.25,,47.0,23.48,16.77,14.27,29.17,49.0,32.52,20.3,17.0,57.5,101.78,17.4,134.95,156.84,62.9,28.79,101.6,33.7
2025-12-02 07:00:00,20.65,65.17,36.85,150.17,15.25,51.7,26.6,76.08,33.9,92.74,97.95,23.0,22.25,95.29,66.1,60.93,27.75,24.67,23.65,12.67,50.1,33.55,44.88,23.55,78.6,80.0,13.84,22.0,34.85,60.45,12.33,53.96,,50.26,23.48,16.77,14.31,29.45,49.4,33.5,20.2,17.1,57.6,102.84,17.49,137.5,167.61,62.99,28.4,103.8,33.7
2025-12-03 07:00:00,21.08,64.78,38.4,150.35,15.3,53.4,27.05,77.07,35.94,92.94,98.14,23.3,22.55,95.29,64.5,60.93,27.7,24.87,23.92,12.83,50.59,34.2,45.92,24.55,80.6,84.7,13.98,22.15,34.6,60.32,12.29,54.9,,49.78,23.57,17.12,14.73,29.49,49.7,34.18,20.3,17.35,58.9,102.84,17.82,134.7,164.61,62.6,29.72,100.0,33.32
2025-12-04 07:00:00,21.47,65.17,38.2,155.56,15.45,52.8,27.2,76.26,35.94,92.94,98.61,23.55,22.5,96.18,65.0,60.35,27.85,25.4,24.37,12.94,50.78,34.45,46.78,25.7,79.9,85.8,13.98,22.6,34.95,59.59,12.46,54.65,,48.82,23.57,17.07,14.68,29.9,50.2,34.67,20.75,17.6,58.9,101.3,17.92,133.5,158.45,61.44,29.72,102.0,33.22
2025-12-05 07:00:00,21.0,64.88,37.8,151.4,15.2,52.0,26.3,76.62,35.6,91.02,98.71,23.2,22.75,94.89,64.0,59.28,27.4,25.4,24.1,12.79,50.88,33.95,45.45,25.15,78.2,85.1,13.84,22.2,34.4,60.45,12.46,54.9,,47.76,23.76,16.52,14.68,29.4,49.2,33.99,20.4,17.4,58.3,103.04,17.68,142.8,159.61,61.44,29.33,104.0,32.64
2025-12-08 07:00:00,20.87,64.88,37.5,147.42,14.9,55.6,26.55,78.53,35.32,90.06,98.9,23.15,22.3,94.2,65.4,57.82,26.95,25.25,23.88,12.67,50.78,33.4,43.75,25.3,77.9,84.9,13.7,22.05,36.05,59.0,12.25,54.22,,51.03,23.57,16.38,14.56,29.4,48.7,33.5,20.1,17.2,57.9,105.93,17.4,152.7,158.76,61.54,29.18,106.3,31.82
2025-12-09 07:00:00,20.78,64.78,37.45,148.56,14.45,55.0,26.45,77.17,34.63,90.92,97.85,22.7,22.55,95.58,64.0,56.85,26.9,24.29,23.56,12.67,50.78,33.3,41.58,24.7,77.0,84.0,13.47,21.85,35.0,58.41,12.0,53.62,,51.12,23.43,16.28,14.44,28.75,48.55,33.1,20.1,16.9,58.0,103.52,17.21,160.0,153.84,60.57,28.25,103.0,30.9
2025-12-10 07:00:00,20.78,64.78,37.7,149.98,14.4,54.3,25.4,76.17,34.9,91.02,97.47,22.65,22.45,94.3,63.5,56.36,26.75,24.79,23.79,12.63,51.08,32.5,41.77,25.15,77.0,83.0,13.47,21.4,34.6,58.14,12.3,54.13,,49.4,23.34,16.23,14.48,29.25,48.6,33.01,20.0,16.9,58.2,99.67,17.26,148.8,151.22,61.15,28.49,95.8,28.97
2025-12-11 07:00:00,20.65,64.09,37.6,160.47,14.25,54.6,25.15,76.17,34.63,90.64,97.95,22.6,22.25,94.7,62.6,56.36,26.65,24.48,23.7,12.6,51.17,32.5,42.05,24.85,76.1,82.3,13.38,21.15,34.4,58.08,12.1,53.62,,50.16,23.15,16.13,14.48,29.05,47.7,32.71,19.95,16.8,57.6,97.36,17.16,146.0,144.61,59.6,27.66,91.0,28.49
2025-12-12 07:00:00,20.26,64.19,37.0,166.43,13.5,52.0,23.4,72.54,34.21,88.14,97.0,22.0,20.7,92.43,61.3,55.78,25.3,23.28,23.21,11.83,50.0,30.5,41.77,24.0,73.5,78.5,12.44,19.7,33.7,59.26,11.55,53.28,,47.96,23.01,15.78,14.35,28.1,46.0,31.34,18.6,16.35,56.8,90.62,16.4,144.0,142.3,58.34,26.09,84.7,26.51
2025-12-15 07:00:00,20.31,64.19,37.0,165.77,14.4,52.7,22.7,71.45,34.35,89.1,96.9,21.95,20.15,92.53,62.1,56.85,25.6,23.13,23.43,11.83,50.78,29.6,40.44,23.75,73.5,77.7,12.4,19.0,33.9,59.99,12.0,53.28,,48.44,22.96,15.69,14.27,28.4,46.8,31.34,17.95,16.35,56.8,89.07,16.26,142.9,143.07,60.09,27.02,78.8,27.91
2025-12-16 07:00:00,20.69,63.7,37.4,167.94,15.4,53.4,24.25,72.54,35.25,82.88,97.95,22.35,21.55,93.61,64.3,57.24,26.5,24.75,23.83,12.21,50.78,31.6,42.0,24.45,74.5,82.0,12.63,19.5,34.4,60.98,12.4,53.54,,49.59,23.24,15.69,14.56,30.25,47.05,32.32,19.0,16.8,56.9,91.48,16.64,142.9,147.3,62.22,27.76,84.3,28.59
2025-12-17 07:00:00,20.69,61.83,38.0,178.54,15.25,53.4,23.45,73.45,34.7,77.13,97.0,22.25,21.65,94.6,62.9,57.04,26.3,24.75,23.56,12.1,50.98,31.7,41.58,24.4,74.0,81.9,12.35,19.2,34.65,60.98,12.3,52.94,,48.05,23.2,15.49,14.48,29.65,47.2,31.93,18.65,16.5,56.7,91.38,16.69,142.9,142.38,60.96,27.51,87.9,28.68
2025-12-18 07:00:00,20.56,60.26,38.0,174.56,14.95,53.4,23.45,72.99,34.35,71.76,96.33,22.25,21.45,93.12,63.3,56.75,26.55,25.6,23.56,12.02,51.08,32.1,41.39,24.65,74.0,81.6,12.35,19.05,34.8,60.65,12.3,52.59,,48.15,23.2,15.88,14.48,29.85,48.0,32.32,18.4,16.7,56.8,91.38,16.59,142.7,149.15,61.93,27.81,88.8,29.31
2025-12-19 07:00:00,20.61,60.26,37.7,164.54,15.95,54.0,23.45,71.9,34.45,67.26,96.42,22.5,21.5,92.62,64.0,57.82,26.45,25.95,23.83,12.21,51.56,32.65,41.1,24.7,75.8,82.9,12.91,19.3,34.85,61.05,12.2,52.94,,47.67,23.34,15.93,14.52,30.8,49.0,32.91,18.8,16.85,57.5,97.74,16.69,148.5,153.76,62.02,27.95,93.8,30.61
2025-12-22 07:00:00,20.95,60.85,38.4,166.62,16.45,56.0,24.15,75.26,35.15,71.47,96.42,22.55,22.5,92.43,65.3,57.82,26.6,27.0,24.01,12.33,51.27,33.15,41.58,25.25,76.0,85.0,12.86,20.5,35.3,61.97,12.7,52.94,,47.57,23.34,16.08,14.73,31.45,52.4,34.48,19.15,17.3,57.8,103.42,16.83,158.8,158.45,61.25,28.49,98.0,31.87
2025-12-23 07:00:00,20.87,60.16,38.0,173.05,16.2,56.0,23.55,73.9,35.0,68.6,96.33,22.2,22.45,92.72,65.3,57.82,26.25,27.5,23.88,12.14,50.88,33.0,39.5,25.1,76.1,87.5,12.54,20.15,35.6,61.64,12.8,52.51,,47.48,22.91,16.08,14.52,30.8,56.0,34.08,18.85,17.35,57.2,110.64,16.83,169.9,158.84,60.67,28.2,103.0,33.08
2025-12-24 07:00:00,20.95,59.37,38.4,166.53,16.15,56.0,23.25,74.57,35.3,65.0,96.14,22.35,22.4,92.33,66.1,58.31,26.0,27.85,23.7,12.21,50.49,32.95,40.44,25.3,76.2,88.0,12.49,20.05,35.15,63.22,12.75,52.17,,46.81,23.01,16.67,14.52,31.35,58.7,34.23,19.0,17.4,57.0,118.25,16.97,169.8,153.07,59.6,28.79,102.0,33.46
2025-12-25 07:00:00,20.69,59.47,38.8,165.48,15.9,55.3,22.5,73.81,35.0,64.6,96.42,22.15,22.0,91.74,69.2,58.79,25.65,27.55,23.43,12.33,51.08,32.15,39.69,25.0,76.3,86.0,12.4,19.5,35.05,62.96,12.6,52.51,,46.23,22.91,16.28,14.39,30.5,55.9,33.3,18.85,17.0,57.1,110.07,16.88,158.0,163.07,59.41,28.25,99.0,31.15
2025-12-26 07:00:00,20.61,58.58,38.8,167.0,16.25,55.9,22.6,71.52,35.2,60.9,96.42,22.1,21.55,91.24,70.5,57.82,25.5,27.6,24.01,12.33,50.78,32.05,39.22,24.85,75.3,87.0,12.35,19.35,35.55,63.29,12.8,52.42,,46.76,22.82,16.13,14.35,30.75,57.5,33.2,18.7,16.95,57.1,105.93,16.69,155.0,159.91,59.6,27.66,92.1,30.9
2025-12-29 07:00:00,20.69,59.47,38.8,167.38,16.7,59.8,22.8,71.33,35.3,61.0,97.09,22.7,21.3,93.02,75.1,59.57,26.0,27.6,23.83,12.44,50.69,31.7,39.5,24.85,75.5,87.1,13.19,19.6,36.5,63.36,13.0,52.42,,46.81,23.05,15.98,14.35,30.5,59.9,33.35,18.5,16.9,57.1,113.34,16.69,159.7,160.15,60.18,27.51,94.0,32.06
2025-12-30 07:00:00,20.78,60.45,39.4,165.77,16.2,59.4,21.9,69.81,35.65,65.2,97.47,22.4,21.65,95.19,74.9,60.06,26.6,27.95,23.65,12.21,50.78,31.5,39.59,25.0,76.9,88.5,12.96,19.4,35.75,63.88,12.8,52.34,,47.57,23.1,16.13,14.27,30.6,60.0,33.64,18.3,17.15,57.3,113.15,16.78,163.0,157.99,59.89,28.2,91.0,31.68
2025-12-31 07:00:00,20.69,60.75,38.9,165.48,16.1,56.8,20.9,72.38,35.75,68.5,97.28,22.25,21.3,94.5,72.4,59.28,26.2,29.7,23.56,12.1,50.78,31.5,39.5,25.3,77.0,88.4,12.44,18.8,35.3,64.02,12.7,52.17,,47.0,23.67,16.13,14.48,30.25,58.0,34.18,18.3,17.1,57.5,119.41,16.83,169.6,160.76,59.31,28.15,94.2,32.5
2026-01-05 07:00:00,20.69,60.06,38.45,165.01,16.25,57.3,21.0,71.04,35.5,65.5,97.0,22.5,20.95,93.71,77.4,58.89,25.75,28.95,23.16,11.87,50.78,31.9,38.27,25.35,76.8,87.4,12.44,18.7,36.3,65.01,12.65,52.0,,46.14,23.48,15.88,14.27,29.15,57.9,34.23,17.9,16.6,57.1,127.69,16.78,173.1,159.61,58.44,27.41,100.0,34.38
2026-01-06 07:00:00,20.69,62.71,38.9,164.07,16.8,61.3,19.9,70.47,36.2,63.0,97.47,22.85,21.2,92.72,82.8,58.69,27.55,29.05,23.16,11.83,50.2,31.85,39.4,26.65,77.0,88.8,12.44,18.65,38.75,65.14,12.75,52.34,,45.61,23.1,15.98,14.35,29.65,56.7,35.26,17.25,17.05,57.3,136.55,16.83,173.1,163.22,58.92,28.35,102.9,36.75
2026-01-07 07:00:00,21.26,67.04,40.95,167.57,17.95,65.5,19.95,69.04,37.45,64.1,97.66,23.45,21.75,96.18,88.5,60.93,29.45,29.1,23.74,12.17,48.44,31.35,39.78,26.7,78.4,89.8,12.3,18.8,41.45,67.71,13.6,53.02,,46.52,23.1,16.28,14.39,30.1,53.4,35.65,17.6,17.45,59.6,143.96,17.11,179.0,161.22,59.02,28.74,100.5,37.23
2026-01-08 07:00:00,21.17,67.04,43.05,164.92,18.6,66.2,19.7,69.04,38.2,62.8,97.85,23.5,21.85,95.19,91.6,61.22,30.05,28.8,23.56,12.1,50.49,30.5,39.69,26.6,78.3,87.5,12.4,18.5,41.5,68.64,14.0,52.77,,46.33,23.1,16.38,14.44,30.55,53.5,35.26,17.1,17.65,63.7,133.95,17.07,176.6,156.15,60.28,28.74,94.1,34.67
2026-01-09 07:00:00,21.17,69.79,46.05,165.58,19.7,67.5,18.35,68.95,40.75,62.7,97.85,23.75,21.3,96.08,97.1,60.25,31.6,27.9,23.39,11.98,50.3,28.6,38.93,27.3,76.5,86.0,11.7,17.25,43.0,68.64,14.4,52.17,,46.95,23.01,16.28,14.39,30.35,51.8,35.9,15.95,17.6,68.0,134.82,17.02,176.0,152.84,59.12,27.76,93.1,33.8
2026-01-12 07:00:00,21.99,68.81,49.25,165.2,19.6,66.0,18.8,71.42,41.5,63.7,99.09,24.3,22.0,98.15,97.0,61.22,32.2,28.2,24.55,12.52,50.1,29.2,40.07,28.2,78.6,87.5,11.93,17.9,42.4,68.77,14.15,52.59,,47.0,22.96,16.77,14.73,32.45,53.8,37.22,16.3,18.2,72.7,125.38,17.59,163.7,149.99,60.76,29.67,93.1,31.48
2026-01-13 07:00:00,21.47,67.43,51.0,166.24,20.95,67.9,19.05,73.42,41.3,63.1,99.09,24.4,23.5,97.56,103.7,61.12,34.0,28.45,24.32,12.44,50.0,30.0,39.59,27.55,79.3,87.1,11.88,18.0,45.35,68.57,14.6,53.11,,50.2,22.63,16.48,14.68,32.75,54.1,36.58,16.45,17.9,74.0,129.04,17.59,167.9,149.99,61.35,29.97,94.9,32.4
2026-01-14 07:00:00,21.26,72.15,54.5,165.48,21.4,68.5,18.55,73.42,41.45,63.9,99.47,24.9,23.05,98.44,107.0,61.22,36.35,27.65,24.32,12.52,50.4,29.05,39.4,27.15,80.6,86.0,12.02,17.75,48.5,67.64,14.6,53.28,,53.7,22.87,16.48,14.85,33.35,54.1,35.75,15.95,17.5,76.0,121.62,17.21,160.2,145.68,65.61,28.98,92.5,30.71
2026-01-15 07:00:00,21.47,76.57,50.7,164.54,20.7,73.2,19.05,71.71,40.0,67.3,101.27,24.3,23.1,97.16,103.0,61.71,37.35,29.55,24.64,13.06,50.3,30.1,39.22,27.25,81.0,84.0,11.93,17.85,51.8,67.64,14.25,53.28,,52.7,22.87,16.28,14.89,32.65,57.8,34.87,15.95,17.4,71.9,115.56,17.45,153.0,138.84,68.81,28.49,92.3,30.37
2026-01-16 07:00:00,21.43,76.18,51.1,164.07,20.15,73.7,18.65,72.95,39.6,66.0,101.46,24.1,23.0,103.87,99.8,62.1,35.9,28.45,24.64,12.83,50.3,29.75,39.45,27.05,81.4,87.0,12.16,17.5,52.0,71.77,14.25,54.48,,52.5,22.91,16.13,14.93,32.65,58.4,35.06,15.9,17.4,73.0,119.5,17.26,159.9,141.53,67.45,28.4,93.0,30.9
2026-01-19 07:00:00,21.64,77.46,52.0,160.57,20.8,71.3,18.9,73.33,40.0,65.1,101.66,24.2,23.1,104.36,105.8,62.0,38.0,28.75,24.72,12.9,50.0,29.3,39.26,27.5,80.2,86.7,12.07,17.8,55.6,76.1,14.25,54.13,,51.1,22.91,16.28,14.93,32.65,58.3,35.55,16.0,17.35,72.7,120.37,17.21,162.0,142.3,68.42,29.13,93.5,30.9
2026-01-20 07:00:00,21.6,78.64,53.2,154.23,20.75,73.0,18.5,71.61,39.65,64.5,99.37,24.3,22.9,102.69,104.5,66.27,39.0,28.95,24.32,12.86,50.2,29.3,40.02,27.4,80.0,86.0,11.88,17.5,59.0,74.57,14.3,53.71,,52.3,22.96,16.33,14.68,32.6,58.1,35.21,15.55,17.45,73.5,118.44,17.11,161.0,139.84,71.13,29.23,91.7,30.08
2026-01-21 07:00:00,21.43,75.0,53.0,151.4,22.2,73.9,17.9,70.57,40.2,69.0,98.33,24.65,22.2,103.57,110.0,68.51,38.5,29.05,23.92,12.52,50.4,28.7,40.59,27.0,79.9,85.4,11.74,17.4,59.1,73.23,14.65,53.11,,50.6,22.63,16.23,14.44,31.7,62.1,35.06,15.1,17.2,72.8,118.35,16.88,160.5,139.84,68.13,28.54,91.7,30.18
2026-01-22 07:00:00,21.43,73.23,52.0,151.02,22.2,76.0,19.15,71.42,39.9,73.8,98.52,25.85,22.4,102.09,104.8,68.02,39.0,29.2,23.97,12.79,50.2,29.3,40.92,26.95,79.9,86.5,11.93,18.2,56.5,73.57,14.8,54.05,,50.6,22.63,16.08,14.68,31.9,63.5,35.26,16.05,17.4,71.0,116.04,16.92,161.1,139.22,68.71,28.69,92.0,30.76
2026-01-23 07:00:00,21.6,68.12,50.8,149.41,20.65,72.6,18.6,71.04,39.0,73.9,98.52,24.55,22.55,99.63,100.8,66.56,36.9,29.6,23.88,12.56,50.1,28.9,40.07,26.95,79.0,85.8,11.65,17.8,54.6,74.9,13.9,53.71,,49.3,22.68,16.08,14.64,31.9,62.6,35.75,15.35,17.25,68.6,117.96,16.88,165.4,148.92,65.12,28.0,93.8,31.29
2026-01-26 07:00:00,21.38,66.94,52.5,146.67,20.85,67.8,17.95,73.23,38.2,68.8,97.85,23.0,21.6,97.16,107.8,62.19,38.65,28.35,23.48,12.21,50.0,27.65,39.59,26.1,77.3,84.1,11.04,17.35,57.0,77.83,14.0,52.85,,48.5,22.63,15.54,14.39,31.0,62.0,34.92,14.6,17.1,69.6,114.5,16.55,159.9,139.99,66.77,27.27,93.5,29.94
2026-01-27 07:00:00,21.3,65.96,52.6,154.04,21.5,69.0,17.25,73.61,38.25,67.5,98.33,23.3,21.0,100.71,115.3,63.94,39.85,29.0,23.61,12.21,50.0,26.7,39.69,26.5,76.7,85.0,10.63,17.3,60.9,77.3,14.0,53.36,,49.55,22.68,15.83,14.48,30.85,61.9,34.23,14.6,17.2,70.6,106.5,16.5,151.0,137.53,65.61,27.32,91.9,29.84
2026-01-28 07:00:00,20.61,64.88,51.9,151.77,21.9,68.8,18.25,72.85,38.4,68.1,98.42,23.6,20.85,103.08,118.0,63.94,38.2,28.5,23.83,12.44,50.0,26.9,39.69,26.55,79.5,85.5,11.09,17.45,58.9,78.96,13.8,52.85,,48.95,22.63,15.78,14.48,30.95,63.2,33.79,15.5,16.9,69.6,100.44,16.55,140.5,131.92,65.61,27.27,91.0,28.1
2026-01-29 07:00:00,20.52,64.88,51.9,151.11,21.85,69.1,18.05,72.28,38.3,67.8,98.61,23.9,20.95,104.66,116.8,65.98,40.85,27.85,24.19,12.48,50.0,26.9,39.4,26.7,84.1,89.5,11.32,17.3,57.7,84.3,13.4,53.02,,50.3,22.63,15.74,14.48,31.15,62.8,34.18,15.45,16.7,69.8,103.04,16.59,140.5,126.15,68.9,27.17,92.0,28.97
2026-01-30 07:00:00,20.78,66.94,53.9,154.14,22.4,69.8,18.45,73.14,38.75,68.6,98.9,23.95,20.85,103.08,117.0,66.56,39.85,28.3,23.92,12.36,50.0,27.5,39.36,27.2,84.0,92.9,12.12,17.7,58.9,84.63,13.75,53.11,,49.9,22.54,15.78,14.23,31.15,63.0,35.16,15.7,17.2,70.5,102.07,16.88,140.5,131.15,68.42,27.51,92.5,29.17
2026-02-02 07:00:00,20.48,69.69,55.0,152.25,23.9,74.6,18.2,74.95,39.35,67.3,98.9,24.45,20.65,102.88,114.5,66.27,41.8,27.8,23.7,12.1,52.0,27.2,39.69,27.3,83.8,93.7,11.98,18.0,60.9,78.76,14.35,52.34,,49.9,22.54,15.54,14.23,30.8,63.5,34.28,15.4,17.0,71.5,94.95,16.59,130.7,130.76,70.36,27.12,86.8,27.14
2026-02-03 07:00:00,20.44,72.74,54.1,150.35,23.9,79.8,18.25,80.19,39.7,67.9,99.09,24.7,21.5,102.49,117.0,70.84,42.8,27.55,23.88,12.14,52.8,26.85,39.26,27.7,83.8,91.5,11.98,17.7,60.0,79.96,14.3,53.62,,52.1,22.54,15.59,14.1,30.9,63.0,33.99,15.5,17.15,71.8,93.7,16.55,130.7,129.22,69.39,27.02,86.7,27.43
2026-02-04 07:00:00,20.35,70.68,53.0,148.94,24.05,82.0,18.4,81.9,39.6,68.7,98.8,25.0,21.45,100.52,115.8,71.23,41.7,27.55,25.26,12.67,52.7,26.85,39.88,27.8,82.7,91.8,11.7,17.75,60.0,79.76,14.45,53.54,,51.7,22.54,15.59,14.1,31.55,63.8,33.84,15.4,17.4,70.8,87.92,16.5,121.6,126.92,69.78,27.27,85.5,27.28
2026-02-05 07:00:00,20.22,67.73,51.5,148.09,24.4,79.5,18.1,79.81,38.6,67.7,98.04,25.0,21.0,97.66,112.0,69.09,40.0,27.55,24.59,12.4,52.5,26.6,38.74,27.05,79.4,90.2,11.51,17.45,57.4,77.43,14.2,53.11,,50.1,22.54,15.44,13.94,31.0,62.3,34.13,15.4,17.1,68.4,93.98,16.26,130.1,128.07,66.97,26.92,86.0,27.81
2026-02-06 07:00:00,19.83,64.39,51.4,147.05,24.55,78.0,17.1,76.28,37.4,65.3,97.95,24.7,20.6,96.27,115.0,69.48,39.0,26.5,23.92,11.98,52.1,25.4,39.59,27.35,78.2,88.4,11.37,17.0,57.0,72.57,13.5,52.42,,48.75,22.44,15.14,13.94,29.9,61.5,33.89,14.7,16.8,65.1,93.89,15.83,131.0,127.68,66.97,26.33,83.0,27.09
2026-02-09 07:00:00,19.79,63.01,50.6,146.76,24.65,76.5,17.0,76.28,37.1,67.2,98.52,25.35,20.5,97.66,115.7,69.29,38.65,26.8,23.88,11.9,51.9,26.55,39.55,27.6,78.2,89.3,11.37,17.3,57.3,75.23,13.45,52.51,,49.45,22.35,15.04,13.9,29.6,60.3,34.03,15.0,16.8,65.0,91.48,15.83,132.3,126.92,67.45,26.28,83.0,27.23
2026-02-10 07:00:00,19.83,63.4,47.1,146.76,23.1,74.9,17.05,76.28,37.1,68.0,98.33,25.1,20.0,96.47,107.7,69.0,35.95,26.8,23.7,11.87,51.9,27.6,39.5,27.85,76.8,89.3,11.46,17.3,53.3,75.23,12.95,51.74,,48.35,22.25,15.04,13.9,29.95,59.5,33.89,15.05,16.8,63.1,97.55,15.64,141.5,125.38,66.29,26.14,84.5,27.96
2026-02-11 07:00:00,20.39,63.5,48.5,148.46,23.45,78.3,17.8,78.76,37.9,68.5,98.33,25.25,21.4,97.26,102.0,69.29,35.3,27.8,23.97,11.98,51.9,28.55,39.74,29.0,78.0,91.9,11.93,17.9,51.7,77.23,13.2,52.85,,48.7,22.25,15.29,14.1,31.2,61.1,34.57,16.1,17.35,64.7,99.18,16.07,150.8,129.22,66.97,27.81,86.0,28.39
2026-02-12 07:00:00,20.56,62.8,47.55,150.64,23.9,76.6,17.7,77.61,38.0,67.8,98.42,25.0,22.35,97.46,101.4,72.4,35.35,27.85,24.01,11.98,52.0,28.5,39.55,28.35,78.0,92.9,12.07,17.7,51.7,78.96,13.3,53.02,,48.8,22.3,15.14,14.06,31.25,61.1,34.72,16.55,17.15,64.2,104.96,16.21,159.0,129.22,66.87,27.76,85.4,28.92
2026-02-13 07:00:00,20.56,63.3,46.9,150.35,24.5,76.0,17.9,77.04,38.6,68.4,98.42,25.0,23.1,94.99,101.6,72.88,36.4,28.2,23.97,11.9,52.1,28.3,39.74,28.3,78.0,92.8,11.79,17.4,52.0,79.96,13.4,52.68,,48.5,22.54,15.24,14.1,31.4,62.6,34.72,16.65,17.5,64.4,104.96,16.36,160.0,130.15,67.35,27.81,85.6,28.78
2026-02-23 07:00:00,20.74,64.3,49.1,153.0,26.2,81.3,18.65,81.71,38.7,70.2,98.9,25.4,23.4,93.22,108.7,73.37,38.9,28.2,24.55,12.21,52.2,28.0,40.21,28.35,79.2,92.0,11.88,17.5,55.6,80.1,13.85,53.02,,48.85,22.72,15.59,14.19,31.6,62.9,35.11,16.7,18.0,66.4,106.6,16.5,162.3,134.53,68.42,28.3,84.7,28.97
2026-02-24 07:00:00,20.69,64.6,48.75,153.66,28.0,84.0,18.5,83.52,38.2,75.1,99.56,26.9,24.2,91.24,110.5,77.55,39.45,28.5,25.26,12.52,52.2,28.25,40.26,28.25,80.9,92.2,11.88,17.3,57.7,80.3,13.9,53.28,,48.8,22.77,15.34,14.1,32.1,63.4,35.06,16.55,18.05,65.0,106.89,16.4,162.9,143.53,68.03,28.49,83.5,28.49
2026-02-25 07:00:00,21.08,67.0,48.5,153.19,29.35,86.0,18.2,82.66,38.5,76.0,99.47,26.8,23.6,87.89,110.0,77.74,42.2,28.45,26.15,12.6,52.2,27.95,39.97,28.75,80.3,93.0,11.79,17.0,58.0,79.63,14.3,53.88,,49.2,22.82,15.98,14.06,32.15,66.7,35.26,15.9,18.65,65.1,103.04,16.5,158.0,137.3,70.07,28.35,81.0,27.57
2026-02-26 07:00:00,21.08,66.0,48.45,152.25,30.0,84.0,18.15,82.28,38.5,73.6,99.47,26.5,23.9,89.27,106.0,79.1,40.8,28.4,26.24,12.48,52.0,28.0,40.78,28.8,80.4,93.6,11.74,16.9,57.5,79.96,14.1,54.05,,49.1,22.82,15.93,14.1,32.4,67.0,35.7,15.8,18.35,65.4,103.62,16.5,168.9,137.3,68.42,28.4,81.7,28.73
2026-02-27 07:00:00,21.17,67.3,47.9,149.88,31.2,81.1,17.65,84.38,38.25,73.8,99.47,27.6,23.4,91.64,107.9,82.02,40.0,27.95,25.71,12.4,51.3,27.25,40.68,28.5,79.0,93.1,11.46,16.4,57.8,81.23,14.5,53.7,,48.4,22.72,15.74,14.02,32.4,65.5,35.5,15.2,18.4,64.9,104.0,16.4,172.0,135.22,66.09,28.44,83.5,28.06
2026-03-02 07:00:00,20.65,65.0,45.2,150.07,33.35,82.1,16.45,83.8,36.85,75.3,98.23,29.5,22.7,88.38,115.4,78.71,42.8,26.95,25.44,12.06,50.9,27.15,39.59,27.65,78.4,90.0,10.81,15.6,61.8,82.96,15.5,55.88,,47.2,22.72,15.44,13.94,31.85,67.0,33.94,14.6,17.8,62.9,96.78,16.02,167.2,129.99,64.54,27.56,80.1,26.85
2026-03-03 07:00:00,20.26,62.7,43.55,148.56,35.65,81.6,16.3,82.18,35.9,73.8,98.23,31.35,22.8,85.82,123.4,79.2,45.75,26.5,24.72,11.9,50.5,27.3,40.07,27.05,77.0,88.2,10.76,15.6,66.1,81.3,16.55,56.05,,46.0,22.72,15.29,13.9,32.6,67.8,32.91,14.4,17.6,61.6,90.04,15.83,155.5,126.22,61.44,26.97,75.9,25.45
2026-03-04 07:00:00,20.0,60.1,45.6,143.17,37.85,80.0,15.75,79.81,36.4,70.9,97.95,30.6,22.5,83.94,128.7,76.77,43.6,26.35,24.72,11.64,50.6,26.25,40.73,26.95,76.0,88.8,10.35,15.6,69.5,80.56,15.45,56.05,,46.0,22.54,15.29,13.94,33.7,66.7,31.83,13.95,17.3,63.0,90.04,15.98,155.6,125.53,62.9,26.68,74.3,27.04
2026-03-05 07:00:00,20.31,59.0,44.4,143.74,35.6,76.0,16.2,76.76,36.2,71.0,97.76,30.5,22.35,83.25,119.7,75.12,40.55,25.95,24.32,11.52,50.4,26.75,40.49,27.05,75.3,85.2,10.39,15.65,64.7,77.3,15.15,55.18,,45.65,22.49,15.04,14.1,33.5,64.9,31.54,13.95,17.05,62.5,91.48,15.98,164.8,120.3,61.25,26.53,75.5,26.08
2026-03-06 07:00:00,20.09,58.6,43.55,142.79,37.05,76.6,16.25,76.95,35.65,73.1,98.14,31.15,22.05,80.49,112.1,75.8,37.75,25.9,24.32,11.37,50.3,25.7,39.92,26.7,73.3,82.7,10.49,15.6,62.0,76.3,14.55,53.88,,45.6,21.69,15.19,14.1,31.5,63.8,30.8,13.8,16.85,61.6,91.48,15.83,156.5,120.3,60.47,26.18,76.7,25.35
2026-03-09 07:00:00,18.71,54.5,40.55,132.86,36.1,71.3,15.15,71.61,33.2,71.0,94.14,29.95,20.55,74.87,104.3,70.55,35.15,24.1,22.63,10.6,49.7,23.95,38.13,24.85,68.2,77.0,9.79,14.55,57.7,70.97,13.55,50.14,,42.45,21.22,14.16,13.52,29.3,60.8,28.65,12.85,15.7,57.3,85.13,14.84,145.6,117.69,56.31,24.37,71.4,23.61
2026-03-10 07:00:00,19.96,54.0,41.8,135.41,33.8,71.3,14.8,74.28,35.05,75.9,96.42,31.3,21.05,78.42,97.0,69.48,33.35,25.15,24.19,10.98,50.8,25.05,38.36,26.55,68.3,81.0,9.93,14.6,53.7,75.63,13.1,51.79,,44.75,21.26,14.3,13.69,29.65,65.0,29.68,13.7,16.0,60.4,86.47,15.26,141.8,119.22,60.18,25.06,73.0,23.23
2026-03-11 07:00:00,20.0,56.3,41.7,137.12,36.15,74.5,15.8,76.19,35.1,77.7,96.33,31.8,22.45,79.11,103.0,74.34,35.65,25.75,24.46,11.37,51.3,25.75,39.4,26.8,73.0,86.5,10.35,15.3,55.2,79.3,13.55,52.49,,44.8,21.69,14.55,13.77,30.25,66.3,30.46,14.65,16.45,60.4,92.35,16.17,146.0,122.84,61.06,25.99,78.1,24.72
2026-03-12 07:00:00,19.96,55.3,40.75,135.7,37.8,72.3,16.2,74.47,34.3,80.9,95.85,34.0,22.55,76.64,98.7,74.63,35.8,25.7,23.92,11.06,51.3,25.6,38.84,26.25,73.1,84.6,11.04,15.25,52.0,78.56,13.4,54.31,,43.75,21.55,14.75,13.73,29.15,65.7,29.38,14.6,16.05,59.8,92.35,15.79,145.0,117.53,59.7,25.3,80.3,25.01
2026-03-13 07:00:00,20.22,53.7,40.65,130.97,35.2,72.7,16.65,76.57,34.0,77.4,96.33,33.2,22.5,75.95,91.8,73.76,34.0,25.6,23.79,11.02,51.2,26.0,39.22,26.15,73.9,82.0,11.79,15.45,48.4,77.9,13.3,55.44,,44.4,21.22,14.75,13.73,28.4,65.8,29.38,15.1,16.0,59.0,94.37,16.02,144.6,120.61,61.15,25.2,79.3,24.38
2026-03-16 07:00:00,20.22,53.4,40.3,130.88,32.75,72.0,17.0,78.85,34.15,73.9,96.8,30.9,22.35,77.14,87.9,71.91,33.05,25.6,23.88,11.06,50.8,26.2,39.69,26.1,73.5,80.6,12.58,15.6,46.7,78.63,13.2,55.09,,44.5,21.03,15.0,13.73,28.4,66.6,29.58,14.85,16.0,58.8,96.3,16.12,144.7,118.46,59.89,25.06,76.6,25.01
2026-03-17 07:00:00,20.48,54.1,40.45,132.67,30.5,75.7,16.3,79.04,34.4,68.8,97.0,28.75,23.0,78.32,86.4,73.85,33.3,25.7,24.01,11.14,50.6,26.2,40.96,26.35,75.4,82.7,12.49,15.25,45.65,78.43,13.1,54.75,,44.35,21.07,14.85,13.81,28.65,67.6,29.68,14.5,16.1,60.5,98.22,16.12,146.2,120.76,59.6,25.25,76.9,25.54
2026-03-18 07:00:00,20.48,54.1,41.3,129.27,30.65,75.2,16.4,77.61,35.0,64.0,97.0,30.75,22.85,77.53,91.7,77.16,34.0,25.7,23.92,11.33,50.5,26.2,41.25,26.3,75.3,83.7,12.12,15.25,48.45,76.63,13.3,55.62,,44.45,20.74,14.9,13.94,28.0,63.3,29.68,14.4,16.05,60.5,98.22,16.21,146.0,123.07,59.8,25.15,77.8,25.21
2026-03-19 07:00:00,20.35,52.8,40.65,121.04,29.3,74.4,16.75,78.85,34.65,59.6,95.95,30.75,22.35,75.76,88.1,74.34,32.45,25.65,23.83,11.21,50.0,26.25,41.48,26.4,75.4,82.4,12.96,15.4,46.0,76.56,12.95,56.83,,44.35,19.99,14.8,14.06,27.0,63.4,29.43,14.6,16.0,59.8,98.51,15.93,145.0,122.07,59.12,25.15,81.0,25.16
2026-03-20 07:00:00,19.83,52.8,39.75,122.46,28.05,76.0,16.3,79.04,33.6,55.5,95.85,28.85,22.25,73.59,82.0,75.02,30.75,25.0,23.12,10.91,49.95,25.5,38.84,25.95,71.3,79.7,12.54,15.15,42.8,76.1,13.15,58.57,,42.6,19.42,14.7,14.02,26.95,63.4,29.24,14.9,15.8,58.0,96.3,15.93,135.0,120.99,58.15,24.61,79.0,25.25
2026-03-23 07:00:00,19.4,50.5,38.45,114.61,26.1,75.1,15.6,74.85,32.5,51.7,94.9,28.7,21.25,72.11,80.5,69.97,28.6,24.3,22.76,10.64,49.5,24.0,38.88,25.0,70.8,74.2,11.7,14.5,41.0,70.83,12.7,56.48,,42.9,19.8,14.21,13.94,25.4,60.0,28.3,14.95,15.1,57.6,94.37,15.45,125.6,116.76,58.92,23.58,78.3,24.48
2026-03-24 07:00:00,19.92,51.5,39.1,118.02,26.4,80.3,16.65,77.42,33.55,52.5,95.19,28.8,22.15,74.38,80.7,71.81,28.7,24.3,23.16,11.02,48.05,25.0,39.59,25.6,72.1,76.0,12.35,15.15,39.8,72.3,12.7,57.61,,45.1,19.85,14.26,13.94,25.9,60.8,29.24,15.95,15.8,58.2,95.33,15.83,124.0,117.69,59.31,24.81,79.3,24.43
2026-03-25 07:00:00,20.52,52.9,39.5,121.23,27.5,85.9,17.8,80.09,34.05,54.7,96.04,29.4,22.55,75.95,82.5,75.02,30.5,24.9,23.52,11.06,49.6,25.85,39.5,26.0,73.2,79.2,12.86,15.3,41.3,73.97,13.35,61.61,,44.75,20.41,14.8,13.9,26.85,62.2,30.17,16.5,16.15,58.4,100.34,16.36,128.7,117.69,60.18,25.84,82.5,25.45
2026-03-26 07:00:00,20.35,52.8,38.9,118.3,27.25,81.5,18.2,81.42,33.8,52.3,95.85,31.1,22.4,73.19,80.3,75.6,30.0,24.55,23.12,11.14,49.4,25.45,39.5,25.8,72.1,78.5,13.24,15.35,39.9,70.64,13.1,62.31,,43.75,20.46,14.95,13.9,26.35,60.6,29.53,15.9,15.9,57.9,97.36,16.07,130.0,119.22,59.12,25.74,81.8,24.68
2026-03-27 07:00:00,20.52,54.3,39.85,121.23,27.6,84.0,19.1,81.61,34.8,51.8,96.04,30.8,22.75,75.07,82.1,76.28,32.1,25.3,23.65,11.44,49.35,26.4,39.5,26.15,73.3,81.0,13.33,16.4,42.25,73.23,13.05,62.31,,44.15,21.5,15.19,14.02,27.05,59.9,30.02,16.7,16.25,58.8,99.18,16.12,132.6,120.76,59.6,25.99,83.0,24.87
2026-03-30 07:00:00,20.48,53.6,39.45,120.0,29.15,84.5,18.3,80.0,34.05,49.1,96.04,30.85,23.0,73.0,80.8,76.28,33.1,25.2,24.01,11.48,49.0,26.05,39.64,25.75,74.8,80.8,12.91,16.6,41.4,71.97,13.05,60.83,,44.15,21.5,15.24,14.02,26.55,61.2,29.87,16.35,15.95,58.0,99.18,16.02,129.5,120.84,58.73,25.64,83.3,24.77
2026-03-31 07:00:00,20.31,53.1,39.4,122.08,27.65,82.5,18.6,81.33,34.6,50.2,95.95,29.85,23.6,73.68,78.3,77.26,31.7,25.45,24.01,11.4,48.8,26.0,39.59,26.45,75.5,81.8,13.19,16.35,40.4,71.97,13.0,59.53,,44.3,21.4,15.34,14.06,26.95,62.2,30.07,17.4,16.3,58.1,99.18,16.07,135.0,119.99,58.63,26.23,83.4,24.87
2026-04-01 07:00:00,20.52,54.1,40.25,124.35,26.3,83.8,18.35,80.19,34.75,50.5,96.52,28.9,23.4,74.28,80.0,75.21,32.5,25.6,24.23,11.44,49.2,26.5,40.07,26.5,76.9,82.4,13.19,16.25,40.7,72.83,13.05,58.57,,44.5,21.03,15.0,14.1,27.9,62.2,30.17,17.5,16.35,59.0,106.12,16.31,141.0,128.38,59.41,26.33,83.9,26.61
2026-04-02 07:00:00,20.35,53.6,39.7,122.46,25.9,82.5,18.5,78.09,34.3,54.0,95.57,29.5,22.85,73.68,78.7,71.91,32.1,25.6,24.41,11.48,48.8,26.15,39.5,26.3,76.1,81.8,12.96,16.1,40.4,72.57,12.85,57.61,,44.2,20.74,14.65,14.02,27.55,61.1,29.72,17.2,16.0,58.2,113.53,16.02,139.9,127.3,58.92,25.79,83.9,26.27
2026-04-03 07:00:00,20.26,53.2,39.05,119.24,26.35,85.0,18.0,76.19,33.8,56.5,95.76,28.8,22.15,73.0,79.7,68.7,32.05,25.6,23.79,11.37,48.95,25.3,40.73,25.95,75.3,79.3,13.33,15.9,40.2,72.5,12.65,55.96,,44.1,20.65,14.9,13.94,27.0,60.8,29.14,16.5,16.0,57.7,114.78,15.79,141.0,123.92,58.15,25.35,83.2,25.59
2026-04-06 07:00:00,20.05,52.5,39.35,118.2,25.1,81.2,17.4,74.85,33.7,53.0,95.09,27.6,22.1,72.9,78.5,69.19,31.45,25.6,23.97,11.25,48.4,25.0,43.56,25.65,75.3,78.3,13.56,15.55,38.9,69.7,12.4,55.96,,44.4,20.56,14.5,13.9,26.95,61.2,28.45,15.8,15.85,58.0,112.67,15.79,141.6,125.61,59.02,25.15,82.6,24.87
2026-04-07 07:00:00,20.0,53.2,39.4,117.73,25.15,79.9,17.9,75.71,33.7,54.2,94.9,27.95,22.1,73.0,77.3,69.87,31.5,25.1,23.92,11.18,47.8,25.0,45.36,25.6,75.1,78.0,13.75,15.7,38.6,66.64,12.5,56.66,,44.05,20.6,14.7,13.94,27.5,61.7,28.11,16.15,15.75,58.0,110.74,15.83,143.4,125.76,59.12,25.6,81.9,24.92
2026-04-08 07:00:00,20.78,55.0,41.45,125.96,25.7,83.5,18.8,78.57,35.5,55.7,95.85,28.9,23.05,78.03,79.9,72.4,33.2,26.35,24.99,11.6,48.8,26.15,44.88,26.6,77.7,81.9,14.68,16.6,40.5,71.3,13.0,57.96,,45.4,20.7,15.3,14.1,29.4,66.0,30.07,17.25,16.5,60.2,118.44,16.45,153.4,130.38,60.67,27.12,85.0,26.66
2026-04-09 07:00:00,20.56,55.2,40.6,123.31,25.0,79.8,18.9,78.95,35.0,53.1,95.38,28.5,22.6,77.24,78.4,71.52,32.8,26.05,25.22,11.87,48.8,26.2,45.36,26.5,78.0,80.7,15.57,16.7,39.5,73.3,13.0,56.92,,45.1,20.56,15.5,14.23,28.75,66.3,30.26,17.15,16.25,59.4,117.48,16.26,149.2,127.68,59.89,26.63,80.0,26.66
2026-04-10 07:00:00,20.56,55.5,40.8,125.77,26.75,76.4,18.55,78.09,35.0,54.0,95.47,29.1,23.1,76.64,80.7,70.55,33.65,26.15,24.99,11.75,48.8,26.2,46.59,26.7,78.0,81.5,15.66,16.4,41.15,72.63,13.0,57.18,,45.8,20.6,15.4,14.23,28.6,66.9,31.59,17.0,16.3,59.8,116.62,16.55,151.7,128.46,60.86,26.82,81.0,26.56
2026-04-13 07:00:00,20.48,55.4,40.35,126.72,27.35,75.1,19.8,78.95,34.8,54.3,95.28,29.3,22.95,74.97,80.7,71.23,32.6,25.9,24.81,11.79,48.7,26.2,45.31,26.45,77.0,81.3,16.03,16.5,40.7,73.3,13.1,57.79,,45.45,20.6,15.0,14.19,28.4,67.3,31.24,17.1,16.35,59.2,118.35,16.83,160.0,128.3,60.86,26.43,80.2,26.61
2026-04-14 07:00:00,20.69,55.5,40.4,135.51,26.3,75.2,19.75,79.81,34.9,56.3,94.62,28.7,23.0,75.17,79.3,72.3,32.7,26.1,25.48,12.6,48.85,26.2,45.36,26.7,77.6,81.6,15.94,16.45,40.15,72.97,13.15,57.27,,45.15,20.65,15.1,14.1,28.7,66.1,31.39,17.3,16.45,59.3,124.13,16.69,165.5,128.3,60.09,26.87,80.0,26.94
2026-04-15 07:00:00,20.52,54.6,40.3,135.04,26.15,74.0,19.4,78.28,35.05,54.6,94.71,28.35,22.7,74.08,79.2,72.2,33.0,26.35,25.04,12.44,48.45,26.55,45.07,26.6,77.2,80.0,16.31,16.45,39.8,72.77,13.05,56.4,,46.15,20.65,15.4,14.02,28.7,64.3,31.19,17.0,16.4,59.9,131.93,16.45,177.0,137.07,59.41,26.87,84.0,28.3
2026-04-16 07:00:00,20.39,55.0,40.2,143.26,25.8,73.5,19.5,77.9,34.6,54.9,94.71,28.65,22.35,73.09,78.4,71.52,32.2,26.1,24.95,12.29,47.9,26.3,44.7,26.3,78.0,81.3,15.84,16.4,39.1,72.57,13.35,56.05,,45.75,20.65,15.55,13.81,28.85,63.8,31.24,17.55,16.25,59.4,137.8,16.26,189.3,137.07,59.21,27.12,86.1,28.59
2026-04-17 07:00:00,20.48,55.7,40.3,140.05,26.7,72.6,19.0,78.8,34.85,54.5,94.81,28.9,22.4,74.97,80.1,72.49,33.5,26.2,24.99,12.29,48.0,26.05,43.47,26.45,79.5,86.9,15.89,16.15,39.95,73.97,13.25,55.96,,45.5,20.65,15.3,13.98,28.55,64.0,31.59,17.1,16.25,59.5,130.67,16.45,187.9,136.76,59.41,27.76,82.8,27.62
2026-04-20 07:00:00,20.65,57.3,40.55,145.44,26.15,72.3,19.0,83.0,35.1,53.1,94.71,28.6,22.55,75.86,79.2,72.1,33.0,26.9,25.39,12.44,48.1,26.0,43.47,26.35,79.8,87.3,15.98,16.15,39.45,76.63,13.15,56.74,,45.5,20.6,15.3,13.98,28.95,64.2,31.93,17.1,16.4,60.1,139.73,16.59,191.0,134.84,59.6,27.56,85.3,28.44
2026-04-21 07:00:00,20.48,55.6,40.4,142.79,26.1,71.2,18.6,81.3,34.85,53.3,94.81,28.2,22.95,74.08,78.7,71.91,32.65,26.7,25.48,12.36,47.5,25.7,44.46,26.3,79.0,85.6,16.5,16.15,39.35,74.57,13.1,56.31,,45.15,20.55,15.15,13.94,28.3,67.7,32.03,16.7,16.25,59.6,140.4,16.31,193.7,135.15,59.7,27.07,83.7,28.3
2026-04-22 07:00:00,20.35,55.2,40.25,141.84,25.95,70.8,19.0,81.1,34.9,54.8,94.52,28.0,22.65,73.59,78.1,71.42,32.75,26.55,25.17,12.21,47.5,25.7,44.41,26.2,79.0,86.4,17.48,16.15,39.0,73.3,13.0,56.31,,45.05,20.5,15.2,13.94,28.15,66.5,32.32,16.9,16.3,59.4,144.73,16.4,207.2,135.15,59.89,27.07,83.9,28.92
2026-04-23 07:00:00,20.26,54.3,41.6,140.52,25.0,71.0,18.85,86.7,35.5,53.5,94.71,27.0,22.4,73.29,77.4,72.1,32.6,26.6,24.81,12.06,46.8,25.6,43.94,26.4,78.2,84.5,17.9,16.05,39.3,71.7,12.75,54.05,,48.2,20.5,14.8,13.85,27.95,65.4,32.61,17.1,16.3,62.8,143.48,16.31,214.5,134.53,60.09,26.92,83.5,28.06
2026-04-24 07:00:00,20.18,54.2,40.75,139.01,25.0,71.8,18.75,87.2,35.0,53.3,94.62,26.45,22.35,72.4,78.3,72.88,33.35,26.9,24.9,12.14,44.7,25.6,43.75,26.2,77.2,83.5,18.13,16.2,39.7,70.0,12.8,54.14,,47.0,20.5,14.75,13.81,27.7,64.9,33.54,17.5,16.3,60.6,135.97,16.36,212.1,138.84,59.5,26.77,81.5,27.81
2026-04-28 07:00:00,20.26,53.6,40.15,137.5,23.4,71.0,19.0,86.0,34.8,52.3,94.81,25.65,21.85,73.39,73.5,72.88,33.0,26.6,24.77,12.33,41.6,25.4,43.09,26.0,77.4,85.6,19.11,16.2,36.95,67.0,12.65,52.14,,48.5,20.5,14.45,13.81,27.65,68.1,33.89,17.9,16.25,59.8,145.41,16.45,225.5,137.45,59.31,26.53,84.3,29.74
2026-04-29 07:00:00,20.26,53.2,40.1,137.68,23.6,70.5,19.3,86.8,34.95,53.6,95.09,26.5,21.75,74.47,75.2,73.17,33.7,26.6,24.77,12.25,43.8,25.4,44.7,26.05,76.8,84.0,19.11,16.45,37.15,67.3,12.65,52.4,,47.5,20.35,14.55,13.85,27.65,67.5,33.15,18.15,16.25,59.8,140.59,16.3,214.0,138.45,59.02,26.04,85.7,31.19
2026-05-04 07:00:00,19.92,53.4,40.85,141.84,25.25,70.2,19.05,86.0,35.35,53.4,96.52,26.05,21.85,72.7,76.5,72.98,36.05,26.5,24.64,12.5,45.95,25.0,44.41,26.1,76.8,84.9,17.8,16.5,38.7,68.3,13.3,53.18,,47.35,20.4,14.35,13.9,27.7,66.2,32.86,17.3,16.3,60.7,136.74,16.15,212.0,138.38,59.02,26.48,85.2,32.55
2026-05-05 07:00:00,19.49,53.3,40.55,142.32,26.75,69.2,18.45,86.5,35.3,53.0,96.42,26.55,21.5,73.29,77.7,75.41,35.2,26.4,24.37,12.45,45.5,24.4,45.45,25.95,76.6,84.8,16.59,16.4,39.25,67.4,13.65,52.83,,47.05,20.4,14.0,13.9,27.3,66.6,32.61,17.05,16.25,59.9,145.6,15.95,219.5,139.22,59.21,27.51,88.0,33.99
2026-05-06 07:00:00,19.92,53.8,40.9,142.22,26.7,68.5,18.8,86.6,35.55,55.8,96.33,26.55,21.95,72.3,79.2,76.19,35.8,26.6,24.64,12.5,47.5,24.2,46.68,26.05,78.4,86.0,15.98,16.6,39.0,68.0,14.35,53.44,,47.8,20.4,14.1,13.94,28.5,68.9,33.2,17.35,16.25,60.5,145.41,16.2,219.5,139.61,59.6,27.51,90.0,35.35
2026-05-07 07:00:00,19.75,53.4,40.85,142.41,25.5,67.2,18.6,80.6,35.8,53.9,97.0,26.0,22.05,72.01,76.0,77.26,35.85,27.5,24.77,12.6,47.9,24.2,48.38,26.1,81.0,86.0,15.43,16.55,37.7,69.1,14.35,53.36,,46.65,20.4,14.1,13.94,28.35,73.7,33.01,17.05,16.05,60.3,155.52,16.1,224.0,139.99,59.6,27.66,91.5,35.25
2026-05-08 07:00:00,19.7,53.0,42.4,141.84,25.95,66.0,18.45,76.8,36.2,52.2,96.9,25.85,22.15,70.92,74.7,78.42,35.7,27.35,24.86,12.45,47.9,24.25,48.95,26.15,80.2,84.6,16.03,16.35,37.6,70.1,14.0,53.01,,46.25,20.4,14.25,13.94,28.3,73.5,33.15,16.95,16.0,60.7,157.93,16.05,226.0,135.53,59.02,27.46,91.5,34.67
2026-05-11 07:00:00,19.62,52.0,41.5,149.41,27.75,63.7,19.7,76.0,35.6,48.6,97.2,26.4,22.75,69.05,73.6,77.45,34.75,26.9,24.54,12.1,47.7,23.75,49.89,26.0,77.5,83.5,15.66,16.35,36.8,69.1,13.95,53.1,,47.6,20.4,14.15,13.85,28.3,72.2,33.1,16.6,15.75,60.3,155.04,15.95,223.0,131.15,58.73,27.32,89.0,32.45
2026-05-12 07:00:00,19.57,52.1,41.75,152.72,29.1,66.6,19.6,73.9,35.25,47.9,97.2,26.65,22.55,69.64,76.5,79.3,36.3,27.35,24.45,12.3,47.9,23.6,51.5,25.9,77.7,83.8,15.19,16.5,37.8,69.5,14.05,53.18,,47.0,20.2,14.0,13.73,28.05,76.8,33.1,16.8,15.8,59.9,154.27,16.0,222.0,134.61,58.24,27.36,89.5,34.24
2026-05-13 07:00:00,19.4,53.1,42.8,152.15,30.2,68.7,19.15,74.6,35.55,49.5,96.8,27.3,22.1,69.74,81.8,79.3,36.8,27.7,24.63,12.2,47.8,23.3,51.5,25.8,78.9,83.7,15.57,16.35,40.35,69.6,14.2,52.92,,46.55,20.2,14.0,13.81,27.8,73.5,32.91,16.75,15.6,60.1,146.85,15.95,221.0,133.15,57.47,27.27,90.0,31.87
2026-05-14 07:00:00,19.66,53.4,43.55,148.46,30.25,67.9,19.15,77.7,35.95,50.8,96.8,26.9,22.1,72.9,83.6,79.0,36.2,27.8,24.59,12.2,48.5,23.75,52.1,25.85,79.1,84.2,15.52,16.55,39.85,69.5,14.0,52.57,,47.0,20.2,14.0,13.85,28.1,73.6,33.3,16.8,15.85,61.0,151.18,16.05,229.8,133.15,58.24,28.15,89.8,32.98
2026-05-15 07:00:00,20.09,54.0,42.95,148.65,31.75,67.1,19.1,76.6,35.8,51.5,96.6,27.0,21.85,71.91,89.4,77.64,37.75,27.55,24.13,12.1,48.6,23.4,51.5,25.65,77.5,82.0,16.12,16.55,42.2,67.3,14.1,52.4,,48.55,20.2,13.9,13.69,27.9,72.9,33.35,16.8,15.7,60.7,152.15,16.1,228.0,131.76,57.95,27.55,88.4,32.84
2026-05-18 07:00:00,19.83,56.2,45.3,146.1,33.45,71.7,18.95,73.2,36.3,51.6,96.3,28.15,21.7,73.88,93.0,77.45,39.3,27.45,24.04,12.0,48.4,23.2,52.3,25.5,76.5,79.0,15.98,16.55,45.15,64.7,14.3,52.8,,48.4,20.55,13.8,13.73,28.15,72.1,33.3,16.65,15.5,63.2,148.3,16.1,225.0,131.61,58.63,27.45,90.4,31.97
2026-05-19 07:00:00,19.66,54.0,44.25,141.1,31.15,71.0,18.7,73.1,35.8,49.9,94.9,26.95,21.7,73.49,86.5,76.67,36.55,26.7,23.86,12.05,48.5,23.2,51.6,25.05,76.5,78.2,15.57,16.85,42.0,65.0,14.0,53.7,,48.5,21.3,13.65,13.69,27.8,72.3,32.6,16.4,15.35,64.4,151.18,15.8,225.1,132.3,57.95,26.75,91.5,32.35
2026-05-20 07:00:00,19.53,55.3,43.9,137.0,31.8,70.5,17.75,74.7,35.2,48.8,94.4,26.85,21.4,76.64,89.7,75.7,37.6,25.8,23.81,11.95,48.3,22.35,52.3,24.6,75.6,77.2,14.82,16.4,43.85,65.8,13.85,53.5,,47.7,21.8,13.55,13.65,27.25,71.6,32.45,15.55,15.5,64.6,153.98,15.7,226.7,131.22,57.28,26.7,91.6,32.35
2026-05-21 07:00:00,19.66,54.5,43.8,139.4,30.7,72.2,17.6,74.4,34.95,48.0,95.0,26.3,21.4,75.46,87.3,74.5,36.2,25.85,24.13,12.2,48.5,22.35,53.2,24.8,76.2,79.5,14.26,16.05,42.95,65.3,13.5,53.3,,48.0,21.6,13.6,13.73,27.1,70.8,32.25,15.6,15.6,64.9,153.88,15.9,218.7,133.45,57.18,27.0,93.5,31.68
2026-05-22 07:00:00,19.7,54.1,43.0,138.0,29.7,72.0,18.0,73.8,34.8,48.5,94.4,26.45,21.2,74.08,84.9,73.6,35.3,25.85,23.95,12.6,48.4,22.2,53.2,24.65,76.0,79.4,14.45,15.8,41.95,65.5,13.6,52.6,,48.1,21.15,13.55,13.85,27.55,71.2,32.2,15.65,15.55,63.5,148.1,15.7,216.5,130.84,57.66,26.8,93.4,30.61
2026-05-25 07:00:00,20.31,53.3,43.0,139.4,28.2,70.1,17.9,74.2,34.8,48.5,94.4,26.1,21.5,72.5,82.0,74.6,34.3,26.4,24.1,12.55,48.4,22.9,54.0,24.8,77.2,78.7,14.45,15.85,39.7,64.3,13.65,52.4,,47.9,20.95,13.7,14.27,27.45,70.0,32.55,15.65,15.6,63.7,152.82,15.9,218.8,133.68,57.28,27.0,95.7,31.68
2026-05-26 07:00:00,21.38,54.6,43.6,139.9,28.5,69.2,18.05,74.1,35.25,47.9,94.4,26.2,21.55,73.49,82.5,75.5,35.15,26.5,24.25,12.8,48.05,23.3,54.1,25.5,77.0,78.5,14.49,16.95,40.0,65.2,13.65,52.8,,47.2,21.0,13.8,14.48,28.0,69.6,32.9,16.0,15.8,64.4,148.1,16.25,213.0,132.76,57.28,27.6,95.7,31.58
2026-05-27 07:00:00,21.73,55.4,43.3,139.0,28.25,68.1,17.9,73.8,35.35,47.75,94.5,26.15,21.95,72.6,81.5,74.9,34.8,26.7,24.15,12.8,48.3,23.0,54.0,25.4,76.5,80.0,14.35,17.0,39.45,65.3,14.05,53.3,,47.75,20.95,14.0,14.85,27.9,68.3,33.65,15.75,16.25,64.2,141.94,16.7,210.8,132.38,56.98,28.05,91.7,30.18
2026-05-28 07:00:00,21.26,54.1,42.5,138.3,28.5,67.0,17.45,72.2,34.85,47.6,94.4,25.85,21.35,71.2,81.7,72.5,34.35,25.85,24.0,12.55,50.4,23.0,53.0,25.0,75.5,77.7,14.03,16.5,39.45,65.9,13.85,53.0,,47.2,20.75,13.8,14.45,27.55,68.0,32.6,15.45,15.9,62.8,151.86,16.3,210.8,131.07,57.18,27.3,91.8,31.15
2026-05-29 07:00:00,21.47,55.1,42.0,137.1,29.75,67.7,17.1,71.8,34.8,46.5,93.7,25.9,21.3,71.6,87.4,72.3,34.9,25.9,24.0,12.45,50.0,22.55,52.0,25.0,74.7,76.3,14.07,16.05,41.0,65.8,13.7,52.7,,46.95,20.35,13.8,14.0,27.5,68.0,32.75,15.05,15.9,62.0,150.22,16.1,211.3,132.22,57.37,27.1,93.5,31.15
2026-06-01 07:00:00,21.47,54.7,41.9,137.1,28.6,67.1,17.5,72.2,34.55,44.85,93.8,25.65,21.4,72.9,84.2,73.3,35.05,25.75,24.05,12.45,51.2,22.65,51.8,25.1,74.7,79.1,14.21,16.1,39.75,65.8,13.8,51.2,,47.2,20.3,13.75,14.2,27.45,67.0,32.35,15.5,15.7,62.2,146.37,16.1,204.9,131.53,57.28,26.95,92.2,30.13
2026-06-02 07:00:00,21.64,53.3,41.7,135.5,27.7,69.7,16.55,70.0,33.85,45.7,94.0,25.15,21.05,74.8,82.2,73.3,34.6,24.9,23.7,12.1,51.1,22.95,50.9,24.65,73.2,77.9,13.24,15.25,38.85,65.0,13.55,50.5,,47.0,20.1,13.6,14.4,27.0,66.6,31.9,15.0,15.6,61.6,145.22,15.8,204.9,130.84,56.79,26.45,92.0,29.94
2026-06-03 07:00:00,22.42,53.7,41.9,135.3,27.85,69.7,16.75,71.8,33.95,45.8,93.9,25.15,21.1,76.5,84.5,73.3,34.65,25.2,24.15,12.25,51.1,22.9,48.0,25.2,75.1,78.5,12.68,15.3,39.15,65.4,13.55,51.2,,47.5,20.2,13.8,14.4,27.3,66.1,31.55,15.15,15.7,61.9,142.9,15.9,197.6,131.38,56.5,26.45,92.0,29.02
2026-06-04 07:00:00,22.63,54.8,42.65,135.1,28.9,70.0,16.5,72.1,34.1,45.4,93.0,25.25,21.15,76.1,85.2,76.1,35.35,25.45,23.95,12.1,51.2,22.8,46.45,25.0,74.0,78.4,12.91,15.1,41.85,65.0,13.7,51.2,,47.8,20.2,13.8,14.35,27.1,70.4,31.45,14.9,15.95,62.2,144.44,16.25,200.2,132.76,56.79,26.5,90.7,30.04
2026-06-05 07:00:00,22.55,54.1,42.0,133.6,28.5,69.7,16.2,72.7,33.9,45.85,93.4,25.1,21.1,75.0,85.0,76.2,34.8,25.5,23.75,12.0,51.0,22.9,45.65,25.0,73.1,78.0,12.63,15.05,42.0,65.7,13.45,50.9,,47.8,20.3,14.0,14.35,27.0,69.8,31.7,14.8,16.2,61.7,146.37,16.15,207.0,141.99,56.6,26.45,91.5,30.13
2026-06-08 07:00:00,21.77,53.0,41.0,131.9,28.6,66.6,16.55,70.8,33.25,45.2,93.0,24.5,20.7,72.9,83.9,76.0,33.5,25.1,23.3,11.65,50.3,23.2,46.3,24.6,70.8,76.4,12.91,14.9,41.7,65.1,13.45,50.2,,47.0,20.3,13.7,14.3,26.35,69.8,30.85,14.8,15.8,61.3,141.27,15.75,195.0,135.99,56.21,25.6,89.0,28.59
2026-06-09 07:00:00,22.85,52.9,41.15,132.5,28.05,67.5,16.4,71.7,33.4,44.9,93.4,24.0,20.75,73.7,82.4,76.0,33.4,25.1,23.55,11.75,49.9,23.7,46.4,24.65,72.4,77.4,12.35,14.9,40.5,64.8,13.65,50.2,,47.15,20.5,13.8,14.35,26.5,72.0,30.9,14.8,16.0,61.5,140.59,15.8,193.2,137.68,56.5,25.9,90.0,28.1
2026-06-10 07:00:00,22.85,52.7,41.65,135.2,27.95,66.2,17.5,71.8,33.5,44.85,93.3,24.1,20.8,74.2,82.5,75.6,33.95,25.3,23.6,11.85,49.65,23.65,46.6,24.7,71.9,78.2,13.2,15.2,40.05,64.0,13.65,50.3,,47.55,21.2,13.8,14.4,26.55,70.6,30.95,15.2,15.95,61.7,141.36,15.9,196.0,139.99,57.08,26.05,90.0,28.64
2026-06-11 07:00:00,22.85,53.2,41.4,135.2,28.05,67.5,17.2,71.6,33.35,45.15,93.2,24.4,20.55,73.1,82.5,75.6,35.4,25.1,23.3,11.8,51.0,23.35,46.05,24.75,71.0,76.9,13.0,15.0,39.85,62.0,13.6,50.6,,48.6,21.9,13.65,14.5,26.3,71.3,30.85,15.0,15.85,61.6,139.15,15.95,196.0,136.53,57.37,26.0,89.9,28.15
2026-06-12 07:00:00,22.85,52.6,41.05,135.0,28.1,65.6,17.35,70.8,33.4,45.75,93.2,24.2,20.7,73.5,85.1,76.0,35.0,25.2,23.2,11.7,49.9,23.1,45.5,24.85,71.1,76.4,13.0,14.9,40.05,62.0,13.5,50.4,,48.6,21.55,13.8,14.55,26.15,70.9,31.25,14.95,16.35,61.6,133.56,16.15,195.5,139.07,57.18,26.0,87.0,27.62
2026-06-15 07:00:00,22.75,53.5,41.6,137.9,26.5,65.2,17.5,72.3,33.7,47.85,94.0,23.65,21.15,73.6,82.6,79.6,35.3,25.2,24.35,12.05,50.8,23.25,46.2,25.2,72.2,79.4,13.25,15.1,38.5,65.0,13.9,51.0,,48.5,21.75,13.9,14.85,27.05,71.8,31.7,15.05,16.45,61.6,131.06,16.25,192.6,141.3,57.86,26.25,88.6,27.57
2026-06-16 07:00:00,22.3,53.3,41.9,142.0,26.8,65.5,18.05,72.7,33.7,48.3,94.2,23.75,21.2,73.2,81.8,79.6,35.3,25.25,24.2,12.2,50.0,23.7,46.45,25.1,73.0,79.4,13.5,15.35,38.6,68.2,14.15,50.9,,49.1,21.75,13.9,14.85,27.6,71.3,31.75,15.35,16.45,61.8,131.44,16.2,194.0,138.0,57.28,26.35,89.3,27.67
2026-06-17 07:00:00,22.0,54.5,42.95,147.4,26.35,66.9,17.85,73.6,34.3,47.85,94.2,23.65,21.45,72.3,80.9,78.8,35.55,25.25,24.0,12.05,50.4,23.3,46.9,25.2,72.5,79.1,13.35,15.15,38.65,68.0,14.15,50.9,,48.8,21.75,14.0,14.9,27.7,72.1,31.45,15.3,16.45,62.2,130.0,16.4,192.0,143.9,57.18,26.5,89.3,27.19
2026-06-18 07:00:00,22.4,54.1,42.75,147.0,26.4,67.0,17.65,73.0,33.95,47.8,93.6,23.7,21.0,71.6,81.8,77.6,35.55,25.15,23.65,12.0,50.3,23.0,47.05,25.25,72.1,78.7,13.3,15.1,39.0,68.0,14.2,50.5,,48.2,21.3,13.9,14.85,27.5,70.9,31.2,15.1,16.2,61.6,139.05,16.25,205.4,138.4,57.37,26.4,91.0,29.07
2026-06-19 07:00:00,22.2,53.3,41.8,145.2,26.05,66.8,17.7,72.5,33.75,48.4,93.4,23.5,21.0,71.5,81.2,77.0,35.1,25.15,23.6,11.95,50.7,23.0,48.0,25.0,72.0,78.0,12.9,15.0,38.65,67.1,13.9,50.4,,48.15,21.55,13.75,14.9,27.15,72.3,30.95,14.9,16.2,61.7,139.92,16.05,205.5,140.5,57.18,25.9,91.0,28.34
2026-06-22 07:00:00,22.0,53.5,42.45,151.5,26.4,66.0,17.75,72.5,33.85,51.5,94.0,23.45,20.95,70.6,81.7,75.6,34.5,25.25,23.6,11.95,50.0,22.5,49.2,24.8,71.5,77.2,12.95,14.95,38.65,66.0,14.5,51.2,,48.2,21.6,13.7,14.95,27.2,71.2,30.9,14.9,16.25,61.3,149.64,16.05,219.8,139.5,56.79,26.0,91.9,29.65
2026-06-23 07:00:00,22.35,52.8,42.65,146.4,25.1,64.9,17.15,71.4,34.0,50.5,94.7,23.0,20.8,70.8,78.9,76.4,33.55,25.65,23.3,11.75,49.95,21.95,52.6,24.8,71.5,76.0,12.3,14.75,37.7,65.2,14.3,50.6,,47.8,21.45,13.7,15.15,26.85,71.7,32.05,14.6,16.15,61.3,150.22,16.1,229.0,137.5,56.6,26.55,90.5,28.78
2026-06-24 07:00:00,22.5,52.8,42.1,148.1,25.55,64.3,17.4,70.3,33.9,50.4,93.3,23.05,20.75,70.8,79.3,75.0,33.65,25.7,23.5,11.75,49.95,21.95,55.5,24.8,71.5,77.8,12.95,14.7,37.8,65.5,14.1,50.3,,47.8,21.45,13.65,15.15,26.7,71.2,32.5,14.5,16.0,61.0,153.69,16.05,230.5,136.4,56.5,26.55,90.5,29.26
2026-06-25 07:00:00,22.4,52.6,41.9,151.0,24.6,63.6,17.1,71.6,33.5,48.75,93.9,22.7,20.55,71.0,77.5,73.0,33.1,25.6,23.4,11.7,49.9,21.75,56.0,24.7,71.5,77.2,12.65,14.75,37.25,64.1,14.5,49.85,,48.6,21.4,13.65,15.2,26.5,72.2,33.4,14.35,16.0,60.8,150.7,16.0,225.0,139.4,56.5,26.7,87.9,28.59
2026-06-26 07:00:00,22.6,52.3,41.7,153.0,24.25,63.4,17.05,71.6,33.6,47.75,93.8,22.65,20.6,70.8,77.0,73.0,32.1,25.4,23.5,11.6,50.1,21.6,53.0,24.75,71.4,78.5,12.55,14.7,36.8,63.5,14.8,49.2,,48.7,21.3,13.65,16.1,26.4,73.7,33.4,14.25,16.1,61.4,156.0,16.15,228.0,139.5,56.3,26.75,88.8,28.97
2026-06-29 07:00:00,22.9,52.3,42.4,154.0,24.4,64.9,17.45,72.0,33.9,48.8,93.8,23.0,20.7,70.4,77.7,73.6,32.6,25.8,23.65,11.75,50.1,21.65,54.7,25.1,72.1,79.0,12.55,14.75,37.25,63.2,14.8,49.75,,48.0,21.3,13.6,16.15,26.6,74.9,33.8,14.4,16.35,62.0,150.3,16.55,217.2,138.8,56.1,27.05,88.5,28.2
2026-06-30 07:00:00,22.65,52.4,42.4,152.9,24.15,64.6,17.4,72.7,33.95,47.8,93.2,23.0,21.0,70.2,77.4,73.6,32.8,25.85,23.3,11.7,50.0,21.6,53.5,25.2,72.1,78.1,12.4,14.75,36.95,63.0,14.7,49.65,,48.5,21.25,13.55,16.2,26.75,73.8,33.5,14.55,16.6,62.2,151.8,16.5,220.0,139.5,54.8,27.0,89.8,28.5
2026-07-01 07:00:00,22.65,52.8,43.05,152.9,25.45,64.0,17.45,72.5,34.4,47.9,93.6,23.1,21.05,72.9,78.0,74.3,33.15,26.6,23.45,11.75,49.95,21.85,53.1,25.75,72.5,80.0,12.55,14.8,37.45,62.7,14.6,49.9,,48.35,21.25,13.7,16.5,27.2,73.2,34.3,14.6,16.75,63.0,148.7,16.6,217.1,139.3,55.2,27.7,88.2,28.3
